Date,Adj Close,Close,High,Low,Open,Volume,Daily_Return,MA20,MA50,MA200,Rolling_Volatility_20D,Running_Max,Drawdown
2024-01-01,812.9945068359375,849.0499877929688,854.5750122070312,846.0,853.0,14239686,,,,,,849.0499877929688,0.0
2024-01-02,813.4733276367188,849.5499877929688,851.4000244140625,844.3499755859375,849.4000244140625,29242092,0.0005888934776381305,,,,,849.5499877929688,0.0
2024-01-03,800.9295654296875,836.4500122070312,852.3499755859375,834.4749755859375,851.0,28389762,-0.015419899681206162,,,,,849.5499877929688,-0.015419899681206165
2024-01-04,809.5235595703125,845.4249877929688,847.4749755859375,835.3499755859375,839.0,26734056,0.01072984094083096,,,,,849.5499877929688,-0.004855511811278188
2024-01-05,805.3822021484375,841.0999755859375,852.4500122070312,834.0499877929688,843.5750122070312,31889470,-0.005115784687559244,,,,,849.5499877929688,-0.009946456745863055
2024-01-08,796.4052124023438,831.7249755859375,841.1749877929688,830.0,839.25,17998470,-0.011146118502106783,,,,,849.5499877929688,-0.02098171086240439
2024-01-09,790.2052612304688,825.25,838.9000244140625,823.375,833.5750122070312,25326888,-0.0077849959734297425,,,,,849.5499877929688,-0.028603364301254677
2024-01-10,792.8145141601562,827.9749755859375,829.9749755859375,820.7000122070312,821.5,16115824,0.003302000104135061,,,,,849.5499877929688,-0.025395812509020926
2024-01-11,789.4871215820312,824.5,831.4500122070312,821.5,830.0,18314010,-0.004196957261272671,,,,,849.5499877929688,-0.029486184630577984
2024-01-12,785.752685546875,820.5999755859375,828.0,816.7999877929688,826.0,19773552,-0.004730169089220748,,,,,849.5499877929688,-0.03407687908070011
2024-01-15,800.8817138671875,836.4000244140625,840.4500122070312,821.7999877929688,823.8499755859375,28320356,0.01925426431659738,,,,,849.5499877929688,-0.015478740001007255
2024-01-16,803.9219360351562,839.5750122070312,841.8250122070312,829.0499877929688,836.5,25322500,0.003796015901832428,,,,,849.5499877929688,-0.011741481642359053
2024-01-17,736.1044921875,768.75,798.4000244140625,764.2000122070312,785.0,170145236,-0.0843581707140737,,,,,849.5499877929688,-0.09510916244361046
2024-01-18,711.5198974609375,743.0750122070312,757.5,740.0250244140625,747.0,161070930,-0.03339835810467484,,,,,849.5499877929688,-0.12533103068195786
2024-01-19,704.0989379882812,735.3250122070312,755.125,734.2000122070312,752.9749755859375,109600538,-0.010429633445729114,,,,,849.5499877929688,-0.1344535074182987
2024-01-23,683.368408203125,713.6749877929688,737.3499755859375,712.5,732.5,115469402,-0.029442796116891712,,,,,849.5499877929688,-0.15993761632907244
2024-01-24,697.037109375,727.9500122070312,729.2249755859375,690.125,690.125,86004404,0.020002136348098443,,,,,849.5499877929688,-0.1431345739899779
2024-01-25,686.9830932617188,717.4500122070312,728.6749877929688,709.7000122070312,726.25,98941852,-0.014424067345181646,,,,,849.5499877929688,-0.1554940586005042
2024-01-29,696.438720703125,727.3250122070312,731.4000244140625,722.9000244140625,724.0250244140625,65645498,0.013764025133433888,,,,,849.5499877929688,-0.14387025759774733
2024-01-30,691.4834594726562,722.1500244140625,731.5999755859375,720.4500122070312,727.2750244140625,41728768,-0.007115096698332324,794.1649993896484,,,,849.5499877929688,-0.14996170350125768
2024-01-31,700.220947265625,731.2750244140625,737.4749755859375,718.4000244140625,719.75,65761040,0.012635878545325552,788.2762512207031,,,0.023154084979497835,849.5499877929688,-0.1392207228278241
2024-02-01,702.0402221679688,733.1749877929688,736.7999877929688,728.0250244140625,732.5250244140625,32690740,0.0025981516057225207,782.4575012207031,,,0.023193866880303098,849.5499877929688,-0.13698428776666643
2024-02-02,692.3692016601562,723.0750122070312,740.4249877929688,721.0250244140625,737.5,44867754,-0.013775668502195915,776.7887512207031,,,0.02316562432521369,849.5499877929688,-0.14887290613057938
2024-02-05,691.7467651367188,722.4249877929688,725.9500122070312,717.0250244140625,723.0,38605046,-0.0008989723100490954,770.6387512207032,,,0.022841077909423607,849.5499877929688,-0.14963804582030052
2024-02-06,691.3876953125,722.0499877929688,724.8499755859375,716.2999877929688,722.7750244140625,41075740,-0.0005190850348983922,764.6862518310547,,,0.022890180924513698,849.5499877929688,-0.15007945598496217
2024-02-07,684.6130981445312,714.9749755859375,726.9000244140625,713.3250122070312,726.5,54837086,-0.009798507480980434,758.8487518310546,,,0.02288037920962883,849.5499877929688,-0.1584074087937325
2024-02-08,671.734375,701.5250244140625,719.4749755859375,700.25,714.9249877929688,69106124,-0.01881177891695085,752.6625030517578,,,0.023025682362844038,849.5499877929688,-0.1742392625576486
2024-02-09,671.99755859375,701.7999877929688,707.0999755859375,693.5,696.0750122070312,56642124,0.0003919509202625626,746.3537536621094,,,0.022960756031433258,849.5499877929688,-0.17391560487669144
2024-02-12,665.4863891601562,695.0,706.8250122070312,691.6749877929688,699.8250122070312,34447812,-0.009689352965584153,739.8787536621094,,,0.022946058964372552,849.5499877929688,-0.1819198281604023
2024-02-13,667.6168823242188,697.2249755859375,702.1749877929688,692.1749877929688,695.9749755859375,57580994,0.003201403720773488,733.7100036621093,,,0.023078208561378297,849.5499877929688,-0.1793008232543841
2024-02-14,662.6377563476562,692.0250244140625,695.75,681.7750244140625,688.0,91320810,-0.007458067846042193,726.4912536621093,,,0.02218256588167816,849.5499877929688,-0.18542165339574382
2024-02-15,677.000732421875,707.0250244140625,707.75,692.1749877929688,692.5,41584944,0.02167551673828627,719.8637542724609,,,0.023075611266741347,849.5499877929688,-0.16776524680927768
2024-02-16,679.801513671875,709.9500122070312,713.8499755859375,704.2249755859375,711.9500122070312,32175742,0.004137035737020511,716.9237548828125,,,0.014679262581286765,849.5499877929688,-0.16432226189373725
2024-02-19,678.4609985351562,708.5499877929688,714.5,707.5999755859375,714.5,34451756,-0.0019720042115504155,715.1975036621094,,,0.012929548774315828,849.5499877929688,-0.16597022191278168
2024-02-20,696.2711791992188,727.1500244140625,728.625,705.9000244140625,707.5,56133508,0.026250846011627527,714.7887542724609,,,0.014249317079898573,849.5499877929688,-0.1440762346391023
2024-02-21,689.017822265625,719.5750122070312,732.0,717.5,732.0,45893136,-0.01041739937110664,715.0837554931641,,,0.01277118247866818,849.5499877929688,-0.15299273433408817
2024-02-22,679.634033203125,709.7750244140625,714.4000244140625,706.0999755859375,708.875,50560882,-0.013619132997560457,714.1750061035157,,,0.012270431083842728,849.5499877929688,-0.16452823893509222
2024-02-23,680.1365966796875,710.2999877929688,716.9500122070312,709.0,711.2750244140625,29833452,0.0007396194017106339,713.8175048828125,,,0.011871813892537686,849.5499877929688,-0.1639103078110273
2024-02-26,680.9505615234375,711.1500244140625,717.4249877929688,706.7750244140625,706.7750244140625,23506870,0.001196729038015265,713.008755493164,,,0.011404147554339761,849.5499877929688,-0.1629097349979995
2024-02-27,679.9212646484375,710.0750122070312,713.3499755859375,706.5250244140625,706.7750244140625,32087150,-0.0015116531957050094,712.4050048828125,,,0.01131611280873925,849.5499877929688,-0.16417512517218338
2024-02-28,674.7744750976562,704.7000122070312,712.0999755859375,702.0,710.0750122070312,25321986,-0.007569622797024778,711.0762542724609,,,0.010951193020167118,849.5499877929688,-0.1705020041990004
2024-02-29,671.90185546875,701.7000122070312,705.2000122070312,698.6500244140625,701.0499877929688,53295700,-0.00425713062016897,709.5025054931641,,,0.010913754686432357,849.5499877929688,-0.17403328551629363
2024-03-01,684.9961547851562,715.375,716.375,700.0,700.0,34738898,0.019488367614470148,709.1175048828125,,,0.011561843757428263,849.5499877929688,-0.15793654254711914
2024-03-04,685.9297485351562,716.3499755859375,718.5,712.1500244140625,715.4749755859375,35616474,0.0013628874170015237,708.813754272461,,,0.011568508470723637,849.5499877929688,-0.15678890485663977
2024-03-05,689.8317260742188,720.4249877929688,721.5,710.8250122070312,711.0,37991672,0.005688577295892339,708.7325042724609,,,0.011646996001367366,849.5499877929688,-0.15199223336516265
2024-03-06,690.6695556640625,721.2999877929688,726.4249877929688,716.7750244140625,716.7750244140625,42409530,0.0012145608700784294,709.0487548828125,,,0.01141989949448847,849.5499877929688,-0.15096227631428547
2024-03-07,692.3452758789062,723.0499877929688,725.5250244140625,720.7000122070312,722.75,49348046,0.0024261750029341833,710.1250030517579,,,0.0104780295778085,849.5499877929688,-0.1489023622125311
2024-03-11,683.5838012695312,713.9000244140625,722.9749755859375,711.5,715.0,50531094,-0.012654676071339854,710.7300048828125,,,0.010950314567637237,849.5499877929688,-0.15967272712381403
2024-03-12,698.78466796875,729.7750244140625,732.0,714.625,717.0,65418454,0.022237007223846916,712.4687561035156,,,0.011629600147310131,849.5499877929688,-0.1409863634864707
2024-03-13,699.1915893554688,730.2000122070312,735.7999877929688,725.0499877929688,732.75,63067454,0.0005823545322203305,714.1175079345703,746.1635021972656,,0.011636124493314132,849.5499877929688,-0.14048611300200797
2024-03-14,696.8217163085938,727.7249755859375,733.0,722.1500244140625,731.0499877929688,52432158,-0.003389532429084685,715.9025054931641,743.737001953125,,0.011489778439329473,849.5499877929688,-0.14339946319523628
2024-03-15,695.481201171875,726.3250122070312,729.6500244140625,721.125,725.0,143613804,-0.0019237533764442372,716.8675048828125,741.2725024414062,,0.010603137667229296,849.5499877929688,-0.14504735137017838
2024-03-18,692.3212890625,723.0250244140625,728.0,717.9000244140625,723.5,21437856,-0.00454340376209994,717.5212554931641,739.0040026855469,,0.010662717278305835,849.5499877929688,-0.1489317464503805
2024-03-19,693.9011840820312,724.6749877929688,726.2000122070312,717.75,717.75,36183594,0.00228202803940758,718.327505493164,736.5890026855469,,0.010643428233678986,849.5499877929688,-0.1469895848323306
2024-03-20,685.1397705078125,715.5250244140625,725.8250122070312,712.3250122070312,724.5250244140625,43606094,-0.012626299421169329,717.7462554931641,734.0775036621094,,0.009287221005538004,849.5499877929688,-0.15775994974361354
2024-03-21,692.1776123046875,722.875,725.625,719.1500244140625,721.2999877929688,28922860,0.010272143300587233,717.9112548828125,731.9005041503906,,0.009307699325477661,849.5499877929688,-0.14910833925388606
2024-03-22,690.7892456054688,721.4249877929688,725.375,718.875,720.5,45980326,-0.0020058961881809223,718.4937530517578,729.82400390625,,0.00874060673110922,849.5499877929688,-0.1508151395927316
2024-03-26,682.4347534179688,712.7000122070312,718.9749755859375,711.0750122070312,713.5999755859375,56844290,-0.01209408564101655,718.6137542724609,727.5185046386719,,0.009207773517573866,849.5499877929688,-0.1610852540195518
2024-03-27,689.7598876953125,720.3499755859375,723.9749755859375,710.625,711.7750244140625,62168668,0.010733777533153743,719.0737518310547,725.4355041503907,,0.009503825600911035,849.5499877929688,-0.15208052976691547
2024-03-28,693.20703125,723.9500122070312,730.25,720.3499755859375,720.3499755859375,55592142,0.0049976216326867995,719.7675018310547,723.5025048828124,,0.00953602176158899,849.5499877929688,-0.1478429490797022
2024-04-01,704.027099609375,735.25,736.9000244140625,727.7999877929688,729.0,25199570,0.01560879563841655,721.2950012207032,721.4795043945312,,0.009841861600710286,849.5499877929688,-0.13454180382005151
2024-04-02,708.6472778320312,740.0750122070312,747.4249877929688,731.625,732.5750122070312,41225446,0.006562410346183212,723.2137512207031,719.4895043945312,,0.00976706391735921,849.5499877929688,-0.1288623119992511
2024-04-03,709.6766967773438,741.1500244140625,747.8250122070312,735.7000122070312,736.0499877929688,45584386,0.0014525719545988025,724.5025024414062,718.9375048828125,,0.008933534098838741,849.5499877929688,-0.12759692182506724
2024-04-04,731.3648071289062,763.7999877929688,765.0,752.0,752.0,88935066,0.03056056484220293,726.8750030517579,719.3520043945313,,0.011002801831379187,849.5499877929688,-0.10093579098596475
2024-04-05,741.8737182617188,774.7750244140625,777.25,765.0750122070312,769.5,59055902,0.014368992925499535,729.5925048828125,720.1410046386719,,0.011271198753423304,849.5499877929688,-0.0880171437270723
2024-04-08,740.4613647460938,773.2999877929688,778.625,770.7750244140625,777.4749755859375,20482940,-0.0019038257230984401,732.1925048828125,721.3335046386719,,0.011328856673936091,849.5499877929688,-0.08975340014786953
2024-04-09,741.3949584960938,774.2750244140625,777.4249877929688,770.1500244140625,777.4249877929688,21884494,0.0012608775850062592,734.7537567138672,722.2600048828125,,0.01133791829608904,849.5499877929688,-0.08860569061328784
2024-04-10,735.553955078125,768.1749877929688,774.9500122070312,766.4749755859375,774.9500122070312,27807400,-0.007878384848729936,737.4675048828125,723.2745043945313,,0.011025995740375069,849.5499877929688,-0.09578600573157879
2024-04-12,727.2234497070312,759.4749755859375,764.9249877929688,756.7249755859375,760.5,41084208,-0.011325560380489708,738.9525024414063,723.9175036621094,,0.010606757617471577,849.5499877929688,-0.10602673592054962
2024-04-15,715.61328125,747.3499755859375,755.0,746.0250244140625,748.7750244140625,23415248,-0.015964976318864954,739.8100006103516,724.4215026855469,,0.011346790133170396,849.5499877929688,-0.1202989979112764
2024-04-16,722.5794677734375,754.625,756.4500122070312,741.125,743.5,20744886,0.009734427847353233,741.1550018310547,724.8885021972657,,0.011445112089822214,849.5499877929688,-0.11173561197919941
2024-04-18,715.61328125,747.3499755859375,759.4249877929688,745.5250244140625,754.9000244140625,34234884,-0.009640582294599964,742.20625,725.172001953125,,0.011707115143439315,849.5499877929688,-0.1202989979112764
2024-04-19,733.13623046875,765.6500244140625,767.4749755859375,740.125,743.2750244140625,34576434,0.024486585168852715,744.3375,726.0235021972657,,0.012678680167966193,849.5499877929688,-0.09875812440050587
2024-04-22,723.99169921875,756.0999755859375,778.7000122070312,754.1500244140625,778.7000122070312,42298438,-0.0124731254797954,745.9087493896484,726.697001953125,,0.013140125887809904,849.5499877929688,-0.1099994274025045
2024-04-23,721.7894287109375,753.7999877929688,763.25,751.625,763.1500244140625,26827060,-0.0030419096246979693,747.8224975585938,727.332001953125,,0.012739371007692239,849.5499877929688,-0.11270672871027551
2024-04-24,723.7523193359375,755.8499755859375,760.875,754.5250244140625,757.5,22441580,0.0027195381084721415,749.4712463378906,728.149501953125,,0.012613969132946747,849.5499877929688,-0.11029370084561227
2024-04-25,723.2975463867188,755.375,759.8499755859375,753.125,753.125,35445204,-0.0006283992872649913,751.1687469482422,729.2265014648438,,0.01259291842499737,849.5499877929688,-0.1108527916498761
2024-04-26,722.8427124023438,754.9000244140625,764.0,752.7750244140625,759.9000244140625,24854694,-0.0006287944212312047,753.2787475585938,730.2885021972656,,0.012152767721806448,849.5499877929688,-0.11141188245413994
2024-04-29,732.2744750976562,764.75,767.2249755859375,753.2750244140625,757.5,36093350,0.013048053076409438,755.4987487792969,731.6835021972656,,0.012241476201673165,849.5499877929688,-0.09981753753333476
2024-04-30,727.77392578125,760.0499877929688,769.75,757.4500122070312,764.5999755859375,52307382,-0.0061458152429306745,757.3037475585937,732.9400024414062,,0.012401470448440028,849.5499877929688,-0.10534989263258128
2024-05-02,733.5910034179688,766.125,768.5,760.1749877929688,761.0,33475006,0.007992911393462254,758.8474975585938,734.422001953125,,0.012091090573554243,849.5499877929688,-0.09819903359624203
2024-05-03,727.5345458984375,759.7999877929688,770.2999877929688,753.5999755859375,766.625,31865242,-0.00825584885890851,759.8337463378906,735.4775012207032,,0.012257907556804254,849.5499877929688,-0.10564416607568905
2024-05-06,728.994873046875,761.3250122070312,767.25,758.5750122070312,761.0,28793396,0.0020071392979252867,760.842495727539,736.5050012207031,,0.012258691226791593,849.5499877929688,-0.10384906933509074
2024-05-07,721.09521484375,753.0750122070312,762.0250244140625,752.0750122070312,760.9749755859375,28480602,-0.0108363706271567,760.3062469482422,737.3955017089844,,0.010438158375781846,849.5499877929688,-0.11356009295764712
2024-05-08,709.8441772460938,741.3250122070312,748.4749755859375,740.1749877929688,747.9749755859375,41687862,-0.01560269536173342,758.6337463378907,737.6790014648437,,0.010318432140121974,849.5499877929688,-0.12739094478371224
2024-05-09,693.0155029296875,723.75,743.375,722.6500244140625,737.4749755859375,46281278,-0.023707566745532982,756.1562469482421,737.7625012207031,,0.011387114980684778,849.5499877929688,-0.14807838220300887
2024-05-10,697.8200073242188,718.9500122070312,725.9749755859375,713.4000244140625,719.5,27276608,-0.006632107485967209,753.3899963378906,737.9460009765625,,0.011359511112081727,849.5499877929688,-0.15372841794185757
2024-05-13,706.2400512695312,727.625,729.9000244140625,715.1500244140625,716.0,27047202,0.012066190480111816,751.3624969482422,738.2925012207031,,0.011833293089658432,849.5499877929688,-0.14351714383483846
2024-05-14,709.0062866210938,730.4749755859375,732.75,725.1500244140625,726.125,25665142,0.0039168192213536734,749.9124969482422,738.6790002441406,,0.011734990760266233,849.5499877929688,-0.14016245532105082
2024-05-15,698.1112670898438,719.25,729.8499755859375,717.9000244140625,729.8499755859375,38931996,-0.01536668053129897,748.5074981689453,738.8625,,0.01169789779722104,849.5499877929688,-0.1533753041789487
2024-05-16,708.6665649414062,730.125,731.2750244140625,717.75,723.0250244140625,34945236,0.015119916579770631,747.2824981689453,739.3709997558594,,0.012035688230285212,849.5499877929688,-0.14057440940376076
2024-05-17,710.5350341796875,732.0499877929688,734.0,723.0999755859375,723.0999755859375,20920190,0.0026365181208269917,746.5174987792968,739.9779992675781,,0.01191542803065542,849.5499877929688,-0.1383085182606514
2024-05-21,707.962890625,729.4000244140625,734.8499755859375,725.0499877929688,725.0499877929688,43769978,-0.0036199213483979475,744.7049987792968,740.2584997558594,,0.010303973788707293,849.5499877929688,-0.14142777365113238
2024-05-22,708.1570434570312,729.5999755859375,732.7999877929688,724.0750122070312,728.9249877929688,39996278,0.00027413101889539604,743.3799987792969,740.5234997558593,,0.010037037408152837,849.5499877929688,-0.141192412371928
2024-05-23,724.3661499023438,746.2999877929688,747.8250122070312,728.5250244140625,729.3250122070312,40861920,0.022889271883020035,743.0049987792969,741.0409997558594,,0.011436521708039793,849.5499877929688,-0.12153493200350858
2024-05-24,736.3046875,758.5999755859375,759.9500122070312,743.0,743.75,31060206,0.016481291697918232,743.1424987792968,741.7869995117187,,0.012034820059032749,849.5499877929688,-0.10705669297142681
2024-05-27,741.4004516601562,763.8499755859375,772.5,759.5250244140625,761.6749877929688,29385440,0.006920643512998925,743.5662475585938,742.6029992675781,,0.012123859488049506,849.5499877929688,-0.10087695066616366
2024-05-28,742.75927734375,765.25,768.0250244140625,762.4000244140625,765.0499877929688,27908904,0.001832852600392565,744.0837463378906,743.6299987792969,,0.01212292582043935,849.5499877929688,-0.09922899064711922
2024-05-29,731.9854736328125,754.1500244140625,761.9249877929688,750.625,759.0,35147706,-0.01450503180129048,743.5537475585937,744.1174987792969,,0.01221713239309828,849.5499877929688,-0.11229470278346323
2024-05-30,735.1642456054688,757.4249877929688,761.7999877929688,748.8250122070312,749.5999755859375,33755350,0.004342588706339523,743.4224975585937,744.6619982910156,,0.012192839550993907,849.5499877929688,-0.10843976378521286
2024-05-31,743.268798828125,765.7750244140625,768.0,757.0,759.5,74079588,0.011024242341706403,743.4049987792969,745.4229992675781,,0.012316974643347488,849.5499877929688,-0.09861098767895199
2024-06-03,762.9964599609375,786.0999755859375,799.5,775.0,799.5,72637256,0.026541674152179118,744.7199981689453,746.6184985351563,,0.013484452218925485,849.5499877929688,-0.07468661422957222
2024-06-04,719.7800903320312,741.5750122070312,779.5,727.0,778.5,89531240,-0.05664033171571914,743.7324981689453,746.9894982910156,,0.018773944079479465,849.5499877929688,-0.12709667134060448
2024-06-05,753.0962524414062,775.9000244140625,779.7999877929688,741.1749877929688,747.0250244140625,81631650,0.046286635393600006,744.8737487792969,748.0139990234375,,0.02138524038071222,849.5499877929688,-0.08669291323308734
2024-06-06,756.9301147460938,779.8499755859375,782.7249755859375,773.2999877929688,782.4500122070312,46422870,0.0050907991333779545,746.7999969482422,749.300498046875,,0.021000513814236847,849.5499877929688,-0.08204345030726645
2024-06-07,763.5545043945312,786.6749877929688,792.1749877929688,776.0250244140625,780.5250244140625,36712216,0.008751698942996544,749.9462463378907,750.5764978027344,,0.020082597073609706,849.5499877929688,-0.0740097709416039
2024-06-10,757.7067260742188,780.6500244140625,790.3250122070312,778.7999877929688,787.0,22454058,-0.007658770740645249,753.0312469482421,751.7609985351562,,0.02011348958663265,849.5499877929688,-0.08110171781403973
2024-06-11,759.4052734375,782.4000244140625,785.5,776.0999755859375,778.0,29545326,0.002241721572113553,755.7699981689453,753.1549987792969,,0.020034143720348414,849.5499877929688,-0.07904180371228535
2024-06-12,763.9428100585938,787.0750122070312,794.1500244140625,783.2000122070312,787.5,39280436,0.0059751887104935175,758.6,754.4894995117188,,0.020039910244640077,849.5499877929688,-0.07353890469499054
2024-06-13,767.1458740234375,790.375,792.8499755859375,787.0,790.875,24120192,0.004192723364086159,762.15625,755.8179992675781,,0.019519092698359546,849.5499877929688,-0.06965450961478845
2024-06-14,774.9835205078125,798.4500122070312,799.5,788.8499755859375,792.0,25540554,0.010216684747153204,765.5725006103515,757.0819995117188,,0.01941460407091244,849.5499877929688,-0.06014946303358704
2024-06-18,780.2733764648438,803.9000244140625,805.25,794.7249755859375,798.4500122070312,32415714,0.006825740025936833,769.1650024414063,758.3584997558594,,0.019414180098990343,849.5499877929688,-0.053734287605017216
2024-06-19,804.5628051757812,828.9249877929688,834.9500122070312,802.0,806.7000122070312,90131196,0.03112944721844757,774.1412506103516,760.1139990234375,,0.02015489942979362,849.5499877929688,-0.024277559056390938
2024-06-20,810.1438598632812,834.6749877929688,840.7249755859375,826.0,834.9000244140625,41408742,0.006936695219321942,779.3950012207031,761.5314990234375,,0.020099639510144415,849.5499877929688,-0.017509269864912254
2024-06-21,808.3967895507812,832.875,836.4249877929688,821.5750122070312,836.4249877929688,51630776,-0.002156513396583515,783.7237518310546,762.6934985351562,,0.019832332896166004,849.5499877929688,-0.019628024286467725
2024-06-24,811.6240234375,836.2000122070312,837.5499877929688,822.875,823.5,28544994,0.0039922103641378826,787.6037536621094,763.9514990234375,,0.019670678461213894,849.5499877929688,-0.015714173124313932
2024-06-25,830.5266723632812,855.6749877929688,858.4749755859375,835.5499877929688,835.5499877929688,74521548,0.02328985326672739,792.1950042724609,765.5794982910156,,0.020087982262700033,855.6749877929688,0.0
2024-06-26,825.7464599609375,850.75,855.4500122070312,845.5499877929688,853.9749755859375,47596666,-0.0057556757685200965,796.470004272461,767.2309985351562,,0.020239652863374057,855.6749877929688,-0.005755675768520132
2024-06-27,823.1500244140625,848.0750122070312,856.5,843.2999877929688,848.0499877929688,55074650,-0.003144270106339997,801.1662536621094,769.0029992675782,,0.019803186946753735,855.6749877929688,-0.008881848475599382
2024-06-28,817.1565551757812,841.9000244140625,853.2999877929688,839.5,848.7999877929688,26476046,-0.00728118115035481,805.390005493164,770.8940002441407,,0.020025993963827253,855.6749877929688,-0.016098359278253337
2024-07-01,827.5419921875,852.5999755859375,853.6500244140625,840.0,840.0,21187024,0.01270928953746231,809.7312530517578,772.8534997558594,,0.020054014842663215,855.6749877929688,-0.0035936684499363347
2024-07-02,839.8687744140625,865.2999877929688,867.4500122070312,851.375,857.5,45921690,0.01489562816173362,813.6912536621094,775.2125,,0.019576635749993354,865.2999877929688,0.0
2024-07-03,858.3346557617188,884.3250122070312,897.0,882.3250122070312,895.5,123217802,0.02198662276950647,820.8287536621094,777.5859997558593,,0.01349923778164022,884.3250122070312,0.0
2024-07-04,838.1945190429688,863.5750122070312,879.875,862.4249877929688,879.875,45848658,-0.023464223801850537,825.2125030517578,779.7355004882812,,0.012295572532366841,884.3250122070312,-0.02346422380185055
2024-07-05,799.8311157226562,824.0499877929688,842.5,821.0999755859375,842.5,82242548,-0.045769069108482774,827.4225036621094,781.1405004882813,,0.016804162325941476,884.3250122070312,-0.06815935722956955
2024-07-08,793.6434936523438,817.6749877929688,827.4749755859375,813.5750122070312,822.6500244140625,39087800,-0.0077361811715742634,828.9725036621094,782.3770007324218,,0.016905883267613678,884.3250122070312,-0.07536824526507785
2024-07-09,794.2015991210938,818.25,823.3499755859375,810.1749877929688,812.5,48550878,0.0007032283188499466,830.8525024414063,783.6345007324219,,0.01675531361332224,884.3250122070312,-0.07471801803064039
2024-07-10,789.1544189453125,813.0499877929688,820.0,810.375,814.9749755859375,45507182,-0.006355040888519681,832.3850006103515,784.7975,,0.0168718664229632,884.3250122070312,-0.08059822285946623
2024-07-11,787.1162109375,810.9500122070312,812.9249877929688,800.5,811.9749755859375,44177074,-0.002582836993378357,833.5787506103516,785.7215002441407,,0.01687585526776364,884.3250122070312,-0.08297288778124261
2024-07-12,787.5043334960938,811.3499755859375,819.2000122070312,805.5750122070312,811.0,56049960,0.0004932034932927376,834.6274993896484,786.7475,,0.016866578630033408,884.3250122070312,-0.08252060680605221
2024-07-15,787.2131958007812,811.0499877929688,814.9000244140625,807.5999755859375,811.75,33375694,-0.00036973907930681893,835.2574981689453,787.6459997558594,,0.016742525130055735,884.3250122070312,-0.08285983479217472
2024-07-16,786.0726928710938,809.875,813.5,808.4000244140625,810.375,28950324,-0.0014487242594826144,835.5562469482422,788.6475,,0.016690994827468622,884.3250122070312,-0.08418851799885718
2024-07-18,783.6705322265625,807.4000244140625,811.9749755859375,799.5750122070312,804.0,33717064,-0.0030559970192158836,834.4799987792969,789.5690002441406,,0.01506039649965966,884.3250122070312,-0.0869872351580164
2024-07-19,780.03076171875,803.6500244140625,811.5,801.75,808.0,26002152,-0.004644537882843691,832.9287506103516,790.5805004882812,,0.014953115412781028,884.3250122070312,-0.09122775753184481
2024-07-22,797.1376953125,821.2750244140625,825.5,806.3250122070312,808.5,53744822,0.021931188284166847,832.3487518310546,792.1795007324218,,0.015863914172574555,884.3250122070312,-0.07129730237485127
2024-07-23,785.4176025390625,809.2000122070312,823.9000244140625,802.5,823.7750244140625,52002152,-0.014702763201213997,830.9987518310547,793.8885009765625,,0.016128876075281677,884.3250122070312,-0.08495179822236253
2024-07-24,778.4534912109375,802.0250244140625,810.5,794.0250244140625,804.0750122070312,61728206,-0.008866766787854474,828.3162536621094,795.5500012207032,,0.015095718458709027,884.3250122070312,-0.09306531722717046
2024-07-25,784.5439453125,808.2999877929688,812.5,796.5,796.5,25535732,0.007823899738652829,826.1937530517578,797.1635009765625,,0.015275391397161806,884.3250122070312,-0.08596955119964889
2024-07-26,785.2962646484375,809.0750122070312,810.875,798.2249755859375,802.5,43810540,0.000958832643532137,824.2437530517578,798.7355017089844,,0.015293033285223658,884.3250122070312,-0.08509314896815681
2024-07-29,778.9387817382812,802.5250244140625,815.9249877929688,799.1500244140625,807.5,51001148,-0.008095649592614884,822.2750030517578,800.4010021972656,,0.015308244172874462,884.3250122070312,-0.09249991424399334
2024-07-30,784.0344848632812,807.7750244140625,817.375,799.5,801.0,54595834,0.006541852079731791,820.0337554931641,801.9540026855469,,0.015050363265285834,884.3250122070312,-0.08656318292063356
2024-07-31,784.1315307617188,807.875,813.9500122070312,804.5999755859375,807.0,37820484,0.00012376662178925635,817.1625061035156,803.4705029296875,,0.014499592744875923,884.3250122070312,-0.08645012993156567
2024-08-01,795.3178100585938,819.4000244140625,825.0250244140625,808.9749755859375,811.4500122070312,26215174,0.014265851046340705,813.9162567138671,805.2705029296875,,0.01387971359932703,884.3250122070312,-0.07341756356176547
2024-08-02,805.1937866210938,829.5750122070312,835.25,815.5,815.5,44119238,0.012417607383212736,812.2162567138672,807.2700036621094,,0.01350624801546328,884.3250122070312,-0.06191162665789482
2024-08-05,784.1315307617188,807.875,823.0,800.5,820.0499877929688,41333634,-0.026157986785667275,811.4075073242187,808.50150390625,,0.010541652696730897,884.3250122070312,-0.08645012993156567
2024-08-06,777.0703125,800.5999755859375,816.4749755859375,796.6500244140625,815.0,45116050,-0.00900513620803034,810.5537567138672,809.34150390625,,0.010588438838819231,884.3250122070312,-0.09467677094436033
2024-08-07,787.8926391601562,811.75,815.0,801.0999755859375,808.5,42346264,0.013927085628377744,810.2287567138671,810.2995043945313,,0.01110095570232781,884.3250122070312,-0.08206825681194298
2024-08-08,797.2105102539062,821.3499755859375,826.6500244140625,809.625,812.0,33976950,0.01182627112526946,810.6437561035157,811.42150390625,,0.011324649414752872,884.3250122070312,-0.07121254714250978
2024-08-09,800.8502807617188,825.0999755859375,831.2750244140625,822.9000244140625,826.0,26644618,0.004565654241755812,811.3512542724609,812.8405029296875,,0.011332743756054009,884.3250122070312,-0.06697202476868137
2024-08-12,805.65478515625,830.0499877929688,837.9749755859375,823.6749877929688,826.0,39316196,0.005999287787538776,812.2862548828125,814.2930029296875,,0.011388408861625454,884.3250122070312,-0.0613745214314441
2024-08-13,778.0409545898438,801.5999755859375,816.2000122070312,800.5750122070312,814.0,54055042,-0.0342750588825107,811.813754272461,815.009501953125,,0.013884625578617452,884.3250122070312,-0.09354596497800609
2024-08-14,780.2733764648438,803.9000244140625,806.8499755859375,801.5999755859375,803.25,32334428,0.0028693224777653903,811.515005493164,815.3655029296875,,0.013902552091888183,884.3250122070312,-0.09094505604025625
2024-08-16,792.0662231445312,816.0499877929688,817.0750122070312,805.5,814.25,27849246,0.01511377411359316,811.9475036621094,816.8550024414062,,0.014299444850230818,884.3250122070312,-0.0772058049604035
2024-08-19,791.7993774414062,815.7750244140625,818.8250122070312,811.8499755859375,818.8250122070312,19502164,-0.00033694428407493593,812.5537536621093,817.6525024414062,,0.014248153519961297,884.3250122070312,-0.07751673518979961
2024-08-20,794.783935546875,818.8499755859375,823.0,813.7249755859375,813.7249755859375,31134494,0.0037693617478467,812.4325012207031,818.4325024414062,,0.01338629189080655,884.3250122070312,-0.07403956205839539
2024-08-21,789.0088500976562,812.9000244140625,817.2750244140625,808.9000244140625,814.0499877929688,47630904,-0.007266228673472708,812.6175018310547,818.9570031738281,,0.013057455182842619,884.3250122070312,-0.08076780234306806
2024-08-22,791.6780395507812,815.6500244140625,819.1500244140625,814.0,816.0,21300638,0.0033829498307398342,813.2987518310547,819.6570031738281,,0.0128905805081067,884.3250122070312,-0.0776580859355939
2024-08-23,788.6448364257812,812.5250244140625,817.0,811.5,817.0,20333422,-0.0038313000753539272,813.5100036621094,820.2595031738281,,0.012825446805194885,884.3250122070312,-0.0811918545804509
2024-08-26,795.8758544921875,819.9749755859375,823.9749755859375,816.0999755859375,816.0999755859375,22364266,0.009168888277930165,814.0550018310547,820.9175024414062,,0.012976803563346807,884.3250122070312,-0.07276740534624687
2024-08-27,794.8082275390625,818.875,823.7000122070312,816.0999755859375,821.7000122070312,35773244,-0.001341474579942492,814.8725006103516,821.4875024414063,,0.01282143910593861,884.3250122070312,-0.07401126430166899
2024-08-28,794.4927978515625,818.5499877929688,819.875,815.0999755859375,818.875,26921188,-0.0003969008786826045,815.4112487792969,821.889501953125,,0.012759822063475841,884.3250122070312,-0.07437879004451789
2024-08-29,795.1964721679688,819.2750244140625,822.2000122070312,815.5750122070312,821.0,49052604,0.0008857572926592727,815.98125,822.197001953125,,0.012759019845807741,884.3250122070312,-0.07355891430755976
2024-08-30,794.395751953125,818.4500122070312,831.0,810.5750122070312,828.0,445342100,-0.0010070027554194283,815.9337493896485,821.9875024414063,,0.012360148195327715,884.3250122070312,-0.07449184303358578
2024-09-02,789.56689453125,813.4749755859375,823.4000244140625,811.5999755859375,823.4000244140625,34049680,-0.006078607791425217,815.1287475585938,821.5635021972656,,0.012071952167540775,884.3250122070312,-0.08011764412754944
2024-09-03,794.6140747070312,818.6749877929688,819.9749755859375,812.2999877929688,817.0,37282860,0.00639234440283265,815.6687469482422,821.279501953125,,0.010592344867184243,884.3250122070312,-0.07423743929872362
2024-09-04,796.7737426757812,820.9000244140625,822.4000244140625,816.0,819.5,24682744,0.0027178509839320686,816.6837493896485,820.9735021972656,,0.01034749864499687,884.3250122070312,-0.07172135461223411
2024-09-05,798.5450439453125,822.7249755859375,824.9500122070312,821.0,823.0,22876318,0.0022231101444754042,817.2324981689453,820.314501953125,,0.009918093629463208,884.3250122070312,-0.0696576889387727
2024-09-06,794.4199829101562,818.4749755859375,823.875,817.0499877929688,819.1500244140625,26029602,-0.005165760279701281,817.0887481689454,819.6690014648437,,0.009640450171210034,884.3250122070312,-0.07446361429577823
2024-09-09,799.0546875,823.25,824.25,815.0499877929688,819.0,23792914,0.00583405058981068,816.9962493896485,819.1725012207031,,0.009677072719874178,884.3250122070312,-0.06906398819886918
2024-09-10,800.923095703125,825.1749877929688,827.0,819.0,827.0,26606646,0.002338278521674786,816.7524993896484,818.8380004882813,,0.009590520031863697,884.3250122070312,-0.06688720051742103
2024-09-11,797.7928466796875,821.9500122070312,826.25,819.5999755859375,825.2000122070312,22226684,-0.003908232355131269,817.7700012207031,818.2250012207031,,0.0054152083141376295,884.3250122070312,-0.07053402215134592
2024-09-12,808.8092651367188,833.2999877929688,835.0,823.5250244140625,827.0,32424046,0.01380859592113337,819.2399993896485,817.5850012207031,,0.006095211783829198,884.3250122070312,-0.057699402040792803
2024-09-13,808.4937744140625,832.9749755859375,837.0,828.5250244140625,837.0,23860532,-0.0003900302553609958,820.0862487792969,816.5580004882812,,0.005240885756820222,884.3250122070312,-0.058066927783641704
2024-09-16,810.9202880859375,835.4749755859375,838.9000244140625,832.0250244140625,833.5,15172820,0.003001290642904886,821.0712463378907,815.9959997558594,,0.005247880342262724,884.3250122070312,-0.05523991286775609
2024-09-17,809.8770141601562,834.4000244140625,839.0,832.0750122070312,839.0,20127122,-0.0012866347925275523,821.8487487792969,816.2030004882813,,0.0052397143783801635,884.3250122070312,-0.05645547406645183
2024-09-18,822.494873046875,847.4000244140625,849.4500122070312,835.5499877929688,835.9249877929688,40917342,0.015580057070502695,823.5737487792969,816.7975012207031,,0.005812360327075688,884.3250122070312,-0.04175499650384667
2024-09-19,829.1435546875,854.25,859.5,849.5750122070312,849.5999755859375,30651776,0.008083520637934827,825.5037475585938,817.5175012207031,,0.005960276908164247,884.3250122070312,-0.03400900324188764
2024-09-20,845.0130004882812,870.5999755859375,872.4749755859375,853.7750244140625,858.25,60623386,0.019139567557433512,828.4074951171875,818.6685009765625,,0.006856138854325543,884.3250122070312,-0.015520353299563297
2024-09-23,854.0397338867188,879.9000244140625,883.1749877929688,870.125,874.5,26965350,0.010682344462352944,831.4037475585938,820.0475012207031,,0.006930186257765799,884.3250122070312,-0.005003802597333758
2024-09-24,858.0435180664062,884.0250244140625,890.8250122070312,877.125,882.5,33039036,0.004688032600915992,834.6612487792969,821.5010021972656,,0.006836455649099308,884.3250122070312,-0.000339227986122504
2024-09-25,863.4060668945312,889.5499877929688,894.0,880.0750122070312,880.0750122070312,31965312,0.006249781653600017,838.2112487792969,823.0710021972657,,0.0067800990458886535,889.5499877929688,0.0
2024-09-26,865.5171508789062,891.7249755859375,894.0,884.0250244140625,886.5250244140625,31899644,0.00244504280008484,841.8337463378906,824.7080017089844,,0.006749004713003163,891.7249755859375,0.0
2024-09-27,850.5697631835938,876.3250122070312,889.0999755859375,875.0,888.5,35613502,-0.017269857636080244,844.7274963378907,826.0865014648438,,0.00823420879916034,891.7249755859375,-0.01726985763608022
2024-09-30,840.572509765625,866.0250244140625,875.7249755859375,862.2000122070312,874.4000244140625,26383534,-0.011753616123575172,847.3549987792969,827.3340014648437,,0.00866643579994439,891.7249755859375,-0.028820490482492085
2024-10-01,837.7333984375,863.0999755859375,871.0,860.0499877929688,862.0,24572284,-0.0033775569361913504,849.5762481689453,828.1705004882813,,0.008750215162168569,891.7249755859375,-0.03210070457114986
2024-10-03,816.2828979492188,841.0,863.0750122070312,836.6749877929688,857.8250122070312,48473398,-0.02560534840814288,850.5812469482422,828.8065002441406,,0.010796737297218832,891.7249755859375,-0.05688410325460153
2024-10-04,804.4658203125,828.8250122070312,845.3250122070312,826.5,837.25,48683232,-0.014476798802578794,850.8862487792969,829.3425,,0.011350378795555524,891.7249755859375,-0.07053740233929832
2024-10-07,785.1264038085938,808.9000244140625,829.5,806.5,826.0999755859375,94458296,-0.024040041624602604,850.4075012207031,829.3545007324219,,0.012560340523376227,891.7249755859375,-0.09288172187557281
2024-10-08,801.2628173828125,825.5250244140625,828.4000244140625,811.0,815.0,29734406,0.020552601679104443,850.5212524414062,829.6835009765625,,0.013357670895599182,891.7249755859375,-0.07423808122944647
2024-10-09,792.5758666992188,816.5750122070312,828.375,814.3499755859375,824.75,41125642,-0.010841600123974171,850.0912536621094,829.9645007324219,,0.013571229028421497,891.7249755859375,-0.08427482176275984
2024-10-10,806.7709350585938,831.2000122070312,832.7249755859375,816.25,819.5,21754766,0.017910173323173018,850.5537536621093,830.4330004882812,,0.014142336565353134,891.7249755859375,-0.06787402510413743
2024-10-11,801.238525390625,825.5,832.2249755859375,821.625,832.2249755859375,23672594,-0.006857569926997931,850.1637542724609,830.7855004882813,,0.013883299515480651,891.7249755859375,-0.07426614415775691
2024-10-14,819.2433471679688,844.0499877929688,846.0250244140625,827.0,828.0250244140625,18527508,0.022471214770404258,850.7175048828125,831.2784997558593,,0.014793568895915498,891.7249755859375,-0.05346377986289138
2024-10-15,817.3021240234375,842.0499877929688,849.0,837.75,847.0,19651130,-0.0023695279058407737,851.046255493164,831.5279992675781,,0.014799578619390892,891.7249755859375,-0.0557066238503953
2024-10-16,824.9214477539062,849.9000244140625,853.9749755859375,840.0499877929688,840.0499877929688,20470682,0.0093225304137452,851.821255493164,832.3684997558594,,0.014921939229734303,891.7249755859375,-0.046903420131742445
2024-10-17,811.988037109375,836.5750122070312,848.8250122070312,832.5999755859375,847.4749755859375,14695732,-0.01567832900842403,851.2800048828125,833.0880004882813,,0.014954353899586624,891.7249755859375,-0.06184638188772063
2024-10-18,816.2101440429688,840.9249877929688,845.5,827.0499877929688,831.5499877929688,24809724,0.005199743624258568,850.6137542724609,833.6715002441406,,0.014880588827370877,891.7249755859375,-0.05696822359336625
2024-10-21,838.9466552734375,864.3499755859375,874.0750122070312,855.5250244140625,857.5,46548354,0.02785621563517604,850.3012542724609,834.5315002441406,,0.015601814893154698,891.7249755859375,-0.03069892707895991
2024-10-22,832.0796508789062,857.2750244140625,870.0,855.3499755859375,865.0250244140625,38875280,-0.008185285326211655,849.1700042724609,835.1750012207032,,0.01547624981721452,891.7249755859375,-0.03863293292782174
2024-10-23,842.3924560546875,867.9000244140625,873.25,852.5250244140625,852.5250244140625,38036090,0.012393922250635958,848.3637542724609,835.932001953125,785.2626263427734,0.01572417486134935,891.7249755859375,-0.026717824244207163
2024-10-24,849.1138916015625,874.8250122070312,884.3250122070312,869.0499877929688,869.0499877929688,30832258,0.007979015552677327,847.6275054931641,837.3965026855469,785.3915014648437,0.015769683435185512,891.7249755859375,-0.01895199062670816
2024-10-25,846.0807495117188,871.7000122070312,878.9249877929688,864.3499755859375,877.5,26130478,-0.003572142950184043,846.6262573242187,838.7525024414062,785.5022515869141,0.01576359460115774,891.7249755859375,-0.022456434357183034
2024-10-28,841.6159057617188,867.0999755859375,875.5,864.4500122070312,871.0,22012142,-0.005277086792103036,846.165005493164,839.7735021972657,785.6555014038086,0.015335084847209968,891.7249755859375,-0.027615016596142017
2024-10-29,850.1815185546875,875.9249877929688,882.0,862.5499877929688,863.0750122070312,35794926,0.010177617870497313,846.6600036621094,840.9765014648438,785.8080014038086,0.015265769474070845,891.7249755859375,-0.017718453812047646
2024-10-30,841.81005859375,867.2999877929688,877.375,862.0999755859375,871.0,32715724,-0.00984673359043231,846.870004272461,841.9455017089844,785.9390014648437,0.015423964038492628,891.7249755859375,-0.027390718508158305
2024-10-31,842.3438110351562,867.8499755859375,869.4500122070312,859.7000122070312,864.0,22895912,0.0006341379000458502,848.2125030517578,843.0445007324219,786.1196264648438,0.014163991368396479,891.7249755859375,-0.02677395010082805
2024-11-01,843.120361328125,868.6500244140625,872.0499877929688,863.0499877929688,866.5,1759692,0.000921874575827264,850.2037536621094,844.1045007324219,786.336626586914,0.01364939332967098,891.7249755859375,-0.02587675774889319
2024-11-04,831.8612060546875,857.0499877929688,872.5,855.4500122070312,872.5,28089248,-0.01335409692634082,852.6112518310547,844.995,786.4820016479492,0.01273705100741736,891.7249755859375,-0.0388852939441159
2024-11-05,853.0933837890625,878.9249877929688,881.3499755859375,848.9500122070312,851.5,44232406,0.025523598753360188,855.28125,846.1740002441406,786.754126586914,0.013140295723094693,891.7249755859375,-0.014354187830791768
2024-11-06,851.83154296875,877.625,885.75,872.6749877929688,885.75,27787910,-0.0014790656893634013,858.3337493896485,847.3490002441406,787.0392517089844,0.012774651394612374,891.7249755859375,-0.015812022733435994
2024-11-07,847.609375,873.2750244140625,880.4749755859375,869.0,872.1500244140625,18895456,-0.004956531076413584,860.4375,848.4435009765625,787.2236267089844,0.01245408278192225,891.7249755859375,-0.020690181027790376
2024-11-08,851.4432983398438,877.2249755859375,880.9000244140625,872.9249877929688,876.0,19902986,0.0045231468454343116,863.0237487792969,849.6025,787.4118765258789,0.01226034279407248,891.7249755859375,-0.01626061890940342
2024-11-11,857.1942138671875,883.1500244140625,891.4000244140625,875.5999755859375,877.2750244140625,24565362,0.0067543093197584,864.9787506103515,850.8965002441406,787.9838766479493,0.011429900230745563,891.7249755859375,-0.00961613883948977
2024-11-12,833.8509521484375,859.0999755859375,887.5,854.3250122070312,886.0,31395406,-0.027232121568565137,865.83125,851.8090002441406,788.5640014648437,0.01318502847161751,891.7249755859375,-0.0365863925461577
2024-11-13,815.9674682617188,840.6749877929688,864.7000122070312,836.5,858.375,35728500,-0.021446849396546952,865.3699981689454,852.2490002441406,789.0907513427734,0.01394643636039945,891.7249755859375,-0.057248579091804246
2024-11-14,821.5,846.375,852.4249877929688,836.0499877929688,836.5499877929688,27146470,0.006780280476757827,865.8599975585937,852.7584997558594,789.7542514038086,0.013554683338404804,891.7249755859375,-0.050856460038184746
2024-11-18,827.4934692382812,852.5499877929688,859.4500122070312,847.5,850.0,27081968,0.0072958059878525106,866.4412475585938,853.355,790.3772512817383,0.013599581436524717,891.7249755859375,-0.043931692915999715
2024-11-19,845.5225830078125,871.125,876.875,851.3499755859375,857.0,50981272,0.021787593071366018,866.7799987792969,854.4080004882812,791.1456262207031,0.013018838671239352,891.7249755859375,-0.023101265692823735
2024-11-21,845.0130004882812,870.5999755859375,879.5,867.0999755859375,874.7000122070312,35716512,-0.0006026969884488365,867.4462463378907,855.355,791.8620010375977,0.012862959388649063,891.7249755859375,-0.023690039618010156
2024-11-22,847.1483764648438,872.7999877929688,877.1500244140625,864.7750244140625,871.7750244140625,24773612,0.002527006970739487,867.6912445068359,856.3075,792.6152508544922,0.012583081991581747,891.7249755859375,-0.021222897542522524
2024-11-25,866.5604858398438,892.7999877929688,901.7750244140624,882.4500122070312,892.5250244140625,427737274,0.022914757424061794,868.5899932861328,857.7244995117187,793.4228756713867,0.013471124993051548,892.7999877929688,0.0
2024-11-26,866.5363159179688,892.7750244140625,905.0,884.9000244140625,905.0,30935566,-2.7960774246826858e-05,869.6437438964844,858.9140002441407,794.2208758544922,0.013429626467834166,892.7999877929688,-2.7960774246828007e-05
2024-11-27,879.5181884765625,906.1500244140624,908.6749877929688,892.5750122070312,894.9500122070312,32714976,0.014981377877117508,871.5962463378906,860.3775012207032,795.1362509155274,0.01367079130157941,906.1500244140624,0.0
2024-11-28,870.224609375,896.5750122070312,918.0499877929688,894.0,909.5,35722392,-0.010566696406836829,872.6287475585938,861.599501953125,796.0070010375977,0.01382720521587294,906.1500244140624,-0.010566696406836783
2024-11-29,871.6320190429688,898.0250244140625,902.2999877929688,891.4500122070312,900.6500244140625,27669536,0.001617279298763652,874.1649993896484,862.872001953125,796.8868762207031,0.013578071253439279,906.1500244140624,-0.008966506407428174
2024-12-02,875.8298950195312,902.3499755859376,904.0750122070312,887.5,901.75,15110876,0.004816069768987852,875.8899993896484,863.9710009765626,797.8237512207031,0.013590884111039658,906.1500244140624,-0.004193619958882606
2024-12-03,886.3124389648438,913.1500244140624,918.7000122070312,908.0499877929688,911.3499755859376,43410242,0.011968802704418247,878.1149993896485,865.1490014648438,798.8818762207031,0.013766444698220495,913.1500244140624,0.0
2024-12-04,902.7156982421876,930.0499877929688,932.5,915.5750122070312,919.0,44669084,0.018507324018033566,881.7649993896484,866.3380017089844,800.0231262207031,0.013667283187071838,930.0499877929688,0.0
2024-12-05,905.457763671875,932.875,939.9749755859376,917.5999755859376,930.0,39682714,0.003037484268705981,884.4625,867.3975012207031,801.2125012207031,0.012710884130248344,932.875,0.0
2024-12-06,900.6531982421875,927.9249877929688,932.0999755859376,922.0,928.5,17783156,-0.0053061902259480265,886.9774993896484,868.2755004882813,802.3660012817382,0.012811225233750629,932.875,-0.00530619022594801
2024-12-09,907.520263671875,935.0,940.0,924.5,926.8250122070312,26947912,0.007624551876611152,890.0637481689453,869.1845007324218,803.5808761596679,0.012715291925445486,935.0,0.0
2024-12-10,906.5982055664062,934.0499877929688,938.8499755859376,929.2750244140624,938.8499755859376,13325480,-0.0010160558363970784,892.9049987792969,870.0310009765625,804.7160009765626,0.012752052954626567,935.0,-0.001016055836397059
2024-12-11,904.1716918945312,931.5499877929688,935.9500122070312,928.375,930.8499755859376,14045426,-0.002676516281432839,895.3249969482422,871.1355004882812,805.8240008544922,0.012788823339643214,935.0,-0.003689852627840909
2024-12-12,902.30322265625,929.625,934.3250122070312,924.3499755859376,925.5,17293790,-0.002066435315542736,898.8512481689453,872.4075,806.9293759155273,0.010760974948323914,935.0,-0.005748663101604278
2024-12-13,908.3695678710938,935.875,937.5,914.625,931.25,19009002,0.006723141051499182,903.6112487792968,873.8630004882813,807.973000793457,0.008944123172150292,935.875,0.0
2024-12-16,905.1907958984376,932.5999755859376,934.9749755859376,927.625,932.5499877929688,13107082,-0.003499425045078053,907.9224975585937,875.695,809.0381256103516,0.009154487726414806,935.875,-0.003499425045078014
2024-12-17,889.6853637695312,916.625,931.1749877929688,913.25,928.1749877929688,21079532,-0.01712950461520313,911.1262481689453,877.4509997558594,810.0723754882813,0.010367239525775344,935.875,-0.02056898624282089
2024-12-18,878.74169921875,905.3499755859376,918.0,903.5750122070312,914.9249877929688,23422312,-0.012300585751056747,912.8374969482422,879.3799987792969,811.0476254272461,0.010030361423769075,935.875,-0.03261656141478551
2024-12-19,870.3944702148438,896.75,900.5499877929688,889.5,899.7999877929688,25380770,-0.009499062039927453,914.1449981689453,880.8044982910156,811.9756253051758,0.010343139237646046,935.875,-0.041805796714304795
2024-12-20,859.7177124023438,885.75,898.7750244140625,883.5250244140625,891.0999755859375,25692348,-0.012266517981600278,914.7924987792969,882.187998046875,812.8540002441406,0.010787617075457567,935.875,-0.053559503138773876
2024-12-23,874.0343017578125,900.5,903.0,890.6500244140625,891.0,11044592,0.01665255433248669,915.1774993896485,883.5739978027344,813.8330001831055,0.010185796052294086,935.875,-0.0377988513423267
2024-12-24,872.6268310546875,899.0499877929688,904.3499755859376,894.7750244140625,901.0250244140624,14485834,-0.001610230102200183,915.4912475585937,885.0449975585938,814.8197500610352,0.01019607785896414,935.875,-0.03934821659626686
2024-12-26,869.0598754882812,895.375,906.0,890.375,899.2750244140625,10481678,-0.00408763455076655,914.9524963378906,886.0714978027344,815.7197500610351,0.009637002500710907,935.875,-0.04327501001736343
2024-12-27,872.6996459960938,899.125,902.9749755859376,894.5499877929688,897.4000244140625,7259330,0.004188189306156609,915.0799957275391,887.212998046875,816.6336251831054,0.009391793708404914,935.875,-0.039268064645385334
2024-12-30,862.82373046875,888.9500122070312,907.5,885.5,896.0999755859375,22222218,-0.011316544187925714,914.6262451171875,887.9939978027344,817.4762503051758,0.00972720130288786,935.875,-0.050140230044577266
2024-12-31,860.3729248046875,886.4249877929688,890.9000244140625,882.7999877929688,885.1500244140625,14117236,-0.0028404571453838345,913.8299957275391,888.9909973144531,818.3018753051758,0.009658935536288622,935.875,-0.05283826601525978
2025-01-01,865.1774291992188,891.375,897.0,880.5499877929688,886.7249755859375,7313806,0.005584242632143965,912.741244506836,889.9999975585938,819.1435003662109,0.00931241615368751,935.875,-0.047549085080806734
2025-01-02,870.5158081054688,896.875,901.7249755859376,886.5,888.5499877929688,18558576,0.006170242602720588,911.0824951171875,890.650498046875,820.0583752441406,0.008293621338501474,935.875,-0.04167223186857219
2025-01-03,848.8954467773438,874.5999755859375,897.625,873.1500244140625,895.5,24426194,-0.024836264155052246,908.1687438964843,890.9969970703125,820.7825,0.009669098752729534,935.875,-0.06547351346500602
2025-01-06,830.1141357421875,855.25,878.5999755859375,852.9000244140625,870.0499877929688,18816348,-0.022124372428633965,904.5349945068359,890.7439965820313,821.4077499389648,0.010554913613242881,935.875,-0.08614932549752904
2025-01-07,831.5215454101562,856.7000122070312,860.5,850.0,857.5,13527906,0.0016954249716822911,900.6199951171875,890.3814965820312,822.0526251220704,0.01029070623986302,935.875,-0.08459996024358889
2025-01-08,822.2522583007812,847.1500244140625,855.8250122070312,841.6749877929688,854.125,19738190,-0.011147411762451154,896.2749969482422,889.8904968261719,822.6567501831055,0.010368945113465873,935.875,-0.0948043014141178
2025-01-09,809.3916015625,833.9000244140625,844.5,829.0499877929688,842.0750122070312,40420222,-0.01564067711520689,891.3924987792968,889.2264978027343,823.2111251831054,0.010629876286920196,935.875,-0.10896217506177375
2025-01-10,804.0289916992188,828.375,837.4500122070312,827.0,835.5,17453280,-0.006625523746620177,886.3299987792968,888.275498046875,823.7296252441406,0.01060194876859311,935.875,-0.11486576733003874
2025-01-13,791.4596557617188,815.4249877929688,823.375,812.1500244140625,820.0,21669066,-0.015633031183982182,880.3074981689454,887.237998046875,824.2291250610351,0.010400318986370758,935.875,-0.1287030983913784
2025-01-14,799.1031494140625,823.2999877929688,828.0999755859375,818.5,819.9500122070312,26661432,0.009657540690915623,874.8424987792969,886.3469982910157,824.73125,0.011018688376933676,935.875,-0.12028851311022438
2025-01-15,797.3803100585938,821.5250244140625,831.3499755859375,818.1500244140625,828.25,14022892,-0.002155913282185784,870.0875,885.4044982910157,825.2317501831054,0.010738948558015587,935.875,-0.12218509478930145
2025-01-16,801.7481079101562,826.0250244140625,830.2750244140625,821.4249877929688,826.4249877929688,21212454,0.005477617682077884,866.1212524414062,884.7839990234374,825.7983752441406,0.010873237066695046,935.875,-0.11737676034292774
2025-01-17,794.3229370117188,818.375,825.25,814.25,821.75,23112076,-0.009261250189713133,862.2025024414063,883.5729992675781,826.2885003662109,0.010867631722325433,935.875,-0.125550954988647
2025-01-20,801.3598022460938,825.625,830.4749755859375,813.0,813.0,17557618,0.008859019398197665,859.1962524414063,882.5329992675781,826.7968753051758,0.011097858225010955,935.875,-0.117804193936156
2025-01-21,797.0648803710938,821.2000122070312,830.5250244140625,816.5250244140625,829.125,31158144,-0.005359561293527659,855.2312530517578,881.4914990234375,827.2266253662109,0.01004046002554996,935.875,-0.12253237643164819
2025-01-22,808.5423583984375,833.0250244140625,835.9500122070312,812.7249755859375,821.2000122070312,30619306,0.014399673686378511,851.9300048828125,880.6075,827.691375427246,0.010889513314911189,935.875,-0.10989712898190196
2025-01-23,807.9843139648438,832.4500122070312,843.5,825.625,843.5,34909158,-0.0006902700281251617,848.7837554931641,879.5934997558594,828.1478753662109,0.01091044460018253,935.875,-0.1105115403157139
2025-01-24,800.6561889648438,824.9000244140625,835.1500244140625,822.25,830.0,24236200,-0.009069598993640349,845.0725067138671,878.9095007324219,828.4533755493164,0.01081597649862521,935.875,-0.11857884395452117
2025-01-27,790.9500122070312,814.9000244140625,821.7999877929688,813.0,820.5499877929688,22804166,-0.012122681178368455,841.3700073242187,878.3940014648438,828.6540005493164,0.010845187369890544,935.875,-0.12926403161312944
2025-01-28,810.6534423828125,835.2000122070312,842.1500244140625,823.5,823.5,30179312,0.024911016302355593,838.8087585449218,878.1705017089844,828.9635006713867,0.012662533126216343,935.875,-0.10757311370959663
2025-01-29,814.0020141601562,838.6500244140625,840.5750122070312,834.4249877929688,837.5,12619890,0.004130761681761186,836.172509765625,877.8925024414062,829.2853756713868,0.012615386569597266,935.875,-0.10388671092393482
2025-01-30,820.893310546875,845.75,848.9500122070312,836.2750244140625,840.5,25744846,0.008465957645321653,833.616259765625,877.3850024414063,829.6732507324218,0.012712979668668236,935.875,-0.09630025377320689
2025-01-31,824.4118041992188,849.375,852.3499755859375,841.9749755859375,843.625,15821686,0.004286136565178733,832.3550109863281,876.9605029296876,830.1227508544922,0.011689182219472663,935.875,-0.0924268732469614
2025-02-01,820.6263427734375,845.4749755859375,856.5,838.0250244140625,848.75,5587528,-0.0045916402225901765,831.866259765625,876.4140026855468,830.6133758544922,0.010665554701093894,935.875,-0.09659412252070256
2025-02-03,814.341796875,839.0,843.4000244140625,831.7249755859375,835.0,20276540,-0.007658388211253864,830.9812591552734,875.3380029296875,831.0352508544922,0.010767855166289546,935.875,-0.10351275544276746
2025-02-04,835.161376953125,860.4500122070312,862.9000244140625,840.0250244140625,844.3499755859375,28616502,0.025566164728285212,831.6462585449219,874.6915026855469,831.6007510375977,0.01200336195557795,935.875,-0.08059301487161079
2025-02-05,843.3629760742188,868.9000244140625,872.0999755859375,859.4500122070312,866.5,23675506,0.009820456839040759,833.3962585449219,873.9465026855469,832.1170010375977,0.011502369552653841,935.875,-0.07156401825664485
2025-02-06,846.299072265625,871.9249877929688,874.5,862.0,867.75,26760716,0.0034813710368417627,835.5737579345703,873.4535021972656,832.6961260986328,0.011318454247142793,935.875,-0.06833178812024175
2025-02-07,840.9121704101562,866.375,883.5,862.5,875.0,23509600,-0.006365212455967106,838.1212585449218,872.8205017089844,833.259001159668,0.010704652005322604,935.875,-0.07426205422732737
2025-02-10,832.6620483398438,857.875,861.7249755859375,854.25,858.6500244140625,17195950,-0.009810994084547664,839.8500091552735,871.9310021972656,833.7691262817383,0.010958095257577951,935.875,-0.08334446373714438
2025-02-11,825.6979370117188,850.7000122070312,855.5,844.3499755859375,851.5,22724704,-0.008363675119299141,841.3087585449218,870.682001953125,834.2457513427735,0.011171298188162756,935.875,-0.09101107283875384
2025-02-12,828.318603515625,853.4000244140625,856.0,840.5999755859375,846.5,22809570,0.0031738711276452225,842.6775085449219,869.1490026855469,834.7382513427734,0.0111432812322345,935.875,-0.08812605912748765
2025-02-13,823.9022827148438,848.8499755859375,857.125,846.7750244140625,849.5,12602434,-0.005331671781060754,844.2012573242188,867.4685021972656,835.1587512207032,0.010973372258163286,935.875,-0.09298787168592226
2025-02-14,822.5191040039062,847.4249877929688,850.9500122070312,840.0,850.9500122070312,19959892,-0.0016787274947909214,845.2912567138671,865.8585021972656,835.5956262207031,0.01087349860334566,935.875,-0.09451049788383198
2025-02-17,833.4384765625,858.6749877929688,860.0,840.625,842.5999755859375,12938946,0.013275511298409315,847.165005493164,864.332001953125,836.058376159668,0.011064174381588757,935.875,-0.0824896617678977
2025-02-18,836.2047119140625,861.5250244140625,865.7750244140625,853.0750122070312,856.5250244140625,16350910,0.0033191098629985483,848.5900054931641,862.8815026855468,836.5670013427734,0.010697294688289123,935.875,-0.07944434415486844
2025-02-19,838.2186889648438,863.5999755859375,868.9500122070312,856.2249755859375,858.5,11884112,0.0024084630313394584,850.1475036621093,861.5225024414062,837.078376159668,0.010682713413236348,935.875,-0.07722721988947509
2025-02-20,818.758056640625,843.5499877929688,857.3499755859375,842.6500244140625,855.5,26390510,-0.023216753543056967,851.0800018310547,859.8010021972656,837.5307510375976,0.011851230269044262,935.875,-0.09865100810154268
2025-02-21,821.378662109375,846.25,847.4749755859375,838.625,840.4500122070312,15680940,0.0032007732156993374,852.6475006103516,858.0085021972657,838.0553759765625,0.011433587375834253,935.875,-0.09576599439027648
2025-02-24,813.9049072265625,838.5499877929688,842.0999755859375,830.5499877929688,840.5499877929688,20693646,-0.009098980451440197,852.8149993896484,856.1275024414062,838.6293759155274,0.010313317442471277,935.875,-0.10399360193084681
2025-02-25,816.4527587890625,841.1749877929688,844.0,835.5499877929688,835.5499877929688,24138708,0.0031304037185773126,852.9412475585938,854.6185021972656,839.240500793457,0.010295920114498642,935.875,-0.10118874017046213
2025-02-27,825.3580932617188,850.3499755859375,855.375,841.2750244140625,841.2750244140625,35786800,0.01090734737256227,853.1712463378906,853.5185021972657,839.8541256713867,0.010412880913072789,935.875,-0.09138509353713102
2025-02-28,840.7423706054688,866.2000122070312,868.625,842.5,842.5,54516728,0.0186394273842041,854.0124969482422,852.9075024414062,840.5327508544922,0.01116768632172499,935.875,-0.07444903196791104
2025-03-03,825.770751953125,850.7750244140625,871.5250244140625,847.0499877929688,869.9000244140625,21205364,-0.017807651322547025,854.2774993896485,852.2080029296875,841.1903759765624,0.011886351395321243,935.875,-0.09093092088787232
2025-03-04,829.8714599609375,855.0,857.1500244140625,846.625,849.0,19920958,0.0049660315179647085,855.0774993896484,851.2980029296875,841.8147509765626,0.011771688604012332,935.875,-0.08641645518899425
2025-03-05,820.1654052734375,845.0,855.4000244140625,844.125,850.9749755859375,21583872,-0.011695906432748537,854.3049987792969,850.2170031738282,842.3795010375976,0.010567948100566582,935.875,-0.09710164284760252
2025-03-06,820.7476806640625,845.5999755859375,849.9500122070312,836.125,843.5,32966088,0.0007100302792160118,853.1399963378906,849.2215026855469,842.9605007934571,0.010276010446575482,935.875,-0.09646055767496994
2025-03-07,819.8014526367188,844.625,850.5750122070312,838.7999877929688,841.0,13372914,-0.0011529985975483603,851.7749969482422,848.1315026855468,843.5356259155274,0.01021439847284597,935.875,-0.09750233738480032
2025-03-10,818.9521484375,843.75,849.9500122070312,841.5250244140625,844.5,15604050,-0.0010359627053425635,850.6437469482422,847.2275024414063,844.0228759765625,0.01015120331221434,935.875,-0.09843729130492854
2025-03-11,817.9815063476562,842.75,847.0,835.0250244140625,841.2000122070312,19898430,-0.001185185185185178,849.8874969482422,846.3540026855469,844.4436260986328,0.009950624984186434,935.875,-0.09950581007078937
2025-03-12,830.4296264648438,855.5750122070312,859.25,845.7750244140625,845.7750244140625,18784106,0.015218050675800843,850.1312469482422,845.6380029296874,844.9022512817382,0.010399444330345408,935.875,-0.08580204385518232
2025-03-13,828.221435546875,853.2999877929688,860.4000244140625,850.0250244140625,858.0250244140625,15736264,-0.0026590589739102777,850.1262451171875,844.7665026855469,845.3425012207031,0.010397496676777028,935.875,-0.08823295013439962
2025-03-17,830.0656127929688,855.2000122070312,862.0,852.5,852.5,18950652,0.0022266781216964127,850.4437469482422,844.3785034179688,845.847751159668,0.010328897206788373,935.875,-0.08620273839238013
2025-03-18,830.0656127929688,855.2000122070312,855.2000122070312,855.2000122070312,855.2000122070312,0,0.0,850.8324981689453,844.3775036621093,846.3366262817383,0.010317729292080762,935.875,-0.08620273839238013
2025-03-19,846.42041015625,872.0499877929688,875.5,866.0999755859375,867.5,15221406,0.019702964622804853,851.5012481689453,844.6845031738281,846.8680010986328,0.01082403220425552,935.875,-0.06819822327450915
2025-03-20,858.3831787109375,884.375,887.0,874.6500244140625,877.0,17833978,0.014133378108546424,852.6437469482422,845.4290026855468,847.3593762207031,0.011217926629072424,935.875,-0.055028716441832506
2025-03-21,859.15966796875,885.1749877929688,887.0499877929688,877.7750244140625,877.7750244140625,33508264,0.0009045798365723279,853.7224975585938,846.454501953125,848.0773760986328,0.01121563631399448,935.875,-0.054173914472585814
2025-03-24,873.5490112304688,900.0,902.2000122070312,886.8250122070312,889.5,17393736,0.01674811467955606,856.5449981689453,847.887001953125,848.6978759765625,0.010126005867955798,935.875,-0.038333110725257115
2025-03-25,883.958740234375,910.7249755859376,921.8499755859376,900.75,902.4500122070312,39101416,0.011916639539930607,859.7687469482422,849.7930017089843,849.3522509765625,0.010307767077100821,935.875,-0.02687327304828357
2025-03-26,876.7277221679688,903.2750244140624,913.75,901.0,912.5,24478442,-0.008180242522812242,863.0049987792969,851.3925024414062,849.9352511596679,0.01024947511546161,935.875,-0.0348336856801791
2025-03-27,885.8514404296875,912.6749877929688,920.5,899.0499877929688,900.0,41658100,0.010406535246564541,866.5799987792968,853.2155017089843,850.5953759765625,0.010354016343513095,935.875,-0.024789648411413116
2025-03-28,887.2345581054688,914.0999755859376,918.0,902.9249877929688,914.5,28773648,0.0015613310455837581,869.7674987792968,854.9770007324219,851.2538757324219,0.01024273242421763,935.875,-0.023267022213503283
2025-04-01,857.9464111328125,883.9249877929688,904.9500122070312,882.6749877929688,901.0,28511006,-0.033010599057971435,870.6537475585938,856.2880004882812,851.7381256103515,0.01252668867384785,935.875,-0.05550956292991185
2025-04-02,872.0444946289062,898.4500122070312,899.5999755859375,885.3499755859375,885.3499755859375,11573564,0.01643241747280988,873.0374969482422,857.7445007324219,852.2785006713867,0.01214214930878864,935.875,-0.03998930176889943
2025-04-03,871.0496215820312,897.4249877929688,902.0,888.5,890.5499877929688,11250038,-0.0011408808505044554,875.1587463378906,859.2690002441407,852.7733755493164,0.012161592452399813,935.875,-0.0410845595907907
2025-04-04,881.9447631835938,908.6500244140624,920.9749755859376,905.5499877929688,906.5,33540454,0.01250805000281896,878.3412475585938,860.7815002441406,853.2971255493164,0.011876049174301807,935.875,-0.02909039731367716
2025-04-07,853.0205078125,878.8499755859375,889.9249877929688,869.0999755859375,881.4000244140625,37995450,-0.03279595887023856,880.0037475585938,861.7094995117187,853.5467504882813,0.01441308031162519,935.875,-0.0609323087100975
2025-04-08,858.5773315429688,884.5750122070312,891.0,875.1500244140625,882.5,35563872,0.006514236536533824,882.0012481689453,862.9029992675781,853.7962506103515,0.014425926981620162,935.875,-0.05481499964521838
2025-04-09,856.5632934570312,882.5,887.5,876.75,882.5,22454608,-0.0023457730304341506,883.9387481689453,864.2549987792969,854.0443756103516,0.014445369827396522,935.875,-0.057032189127821556
2025-04-11,876.8247680664062,903.375,909.7000122070312,887.375,887.375,32775766,0.023654390934844116,886.9699981689453,865.6184985351563,854.3802505493164,0.015175024287368308,935.875,-0.03472685989047682
2025-04-15,905.0452880859376,932.4500122070312,938.4000244140624,927.5,932.5,49298344,0.03218487583454399,890.8137481689453,867.4944982910156,854.7641256713868,0.016292420446238947,935.875,-0.003659663729631361
2025-04-16,911.4027099609376,939.0,941.9000244140624,930.25,941.9000244140624,19136820,0.0070244921520945525,895.0987487792969,869.3594982910156,855.2053756713867,0.01621410663887804,939.0,0.0
2025-04-17,925.3309936523438,953.3499755859376,959.8499755859376,938.3499755859376,941.0,35703084,0.0152821891224042,900.0062469482422,871.4389978027343,855.7317504882812,0.016362002580298386,953.3499755859376,0.0
2025-04-21,935.231201171875,963.5499877929688,975.3499755859376,955.0,962.0,34247298,0.010699126730204345,905.4237457275391,873.800498046875,856.3400003051757,0.01634502842783615,963.5499877929688,0.0
2025-04-22,952.0227661132812,980.8499755859376,985.2999877929688,967.5,967.5,45961750,0.017954426871609197,910.8637451171875,876.6374975585937,856.9812503051758,0.016273012854890447,980.8499755859376,0.0
2025-04-23,933.67822265625,961.9500122070312,989.4500122070312,960.25,989.4500122070312,30570642,-0.019268964519896126,914.7424957275391,878.6674975585937,857.4645004272461,0.017090314972205794,980.8499755859376,-0.019268964519896077
2025-04-24,930.2325439453124,958.4000244140624,961.9500122070312,952.5499877929688,955.0,25931754,-0.0036904077633140853,918.4037475585938,880.4574975585938,857.8348754882812,0.017169805967111807,980.8499755859376,-0.02288826194695487
2025-04-25,927.5148315429688,955.5999755859376,966.5,945.9000244140624,962.4000244140624,18500878,-0.0029215867662739647,921.1837463378906,882.1309973144531,858.2950003051758,0.016970746538811116,980.8499755859376,-0.0257429786700216
2025-04-28,931.882568359375,960.0999755859376,964.8499755859376,954.2000122070312,955.5999755859376,13920492,0.004709083418760862,923.6524963378906,884.0054968261719,858.9752502441406,0.0168506479405011,980.8499755859376,-0.021155121085265276
2025-04-29,926.3501586914062,954.4000244140624,964.4000244140624,950.0999755859376,959.4000244140624,18918308,-0.0059368308684693005,926.2087463378906,885.9359973144532,859.6588754272461,0.01678118021921758,980.8499755859376,-0.02696635757784938
2025-04-30,934.2120361328124,962.5,968.4500122070312,955.1500244140624,956.5,31936870,0.008486981746370414,928.6999969482422,888.1719970703125,860.3801254272461,0.016741375970490503,980.8499755859376,-0.01870823881600828
2025-05-02,932.7077026367188,960.9500122070312,970.9500122070312,960.0,964.9000244140624,17840404,-0.0016103769277597824,931.0424987792969,890.3229968261719,861.1196255493164,0.01676867745605904,980.8499755859376,-0.020288488427619704
2025-05-05,939.9386596679688,968.4000244140624,976.0,966.1500244140624,969.5,15068024,0.007752757284346767,935.2662506103516,892.7139978027344,861.9068756103516,0.014536641002566205,980.8499755859376,-0.01269302286971859
2025-05-06,937.463623046875,965.8499755859376,970.0499877929688,962.1500244140624,965.0,17490156,-0.0026332597726520524,938.6362487792969,895.0824975585938,862.6793756103516,0.0143489385545554,980.8499755859376,-0.015292858615854416
2025-05-07,944.2093505859376,972.7999877929688,974.3499755859376,961.2000122070312,967.0,21420778,0.007195747147806131,942.4049987792969,897.3649975585937,863.4881256103515,0.014321320600316835,980.8499755859376,-0.008207155011815117
2025-05-08,935.91064453125,964.25,977.4000244140624,959.5499877929688,977.4000244140624,34803430,-0.00878905006194175,945.1849975585938,899.4194970703124,864.2600006103515,0.014457348572526282,980.8499755859376,-0.016924071977491933
2025-05-09,917.080810546875,944.8499755859376,959.5,943.4000244140624,955.0499877929688,17188796,-0.02011928899565718,948.4849975585937,901.0444970703124,864.9472503662109,0.013007166154244095,980.8499755859376,-0.0367028606780506
2025-05-12,949.8388671875,978.5999755859376,979.9500122070312,956.1500244140624,958.7999877929688,18618972,0.03571995647147097,953.186245727539,903.7454968261719,865.8220001220703,0.014848060425996975,980.8499755859376,-0.0022939287923781624
2025-05-13,933.04736328125,961.2999877929688,980.8499755859376,960.0,975.0,24242102,-0.017678303928641004,957.1262451171875,906.0464965820313,866.5221249389648,0.015631543536712898,980.8499755859376,-0.019931679950636837
2025-05-14,927.2236938476562,955.2999877929688,965.0999755859376,951.5,961.0499877929688,15445308,-0.006241547983138251,959.7224945068359,908.3814965820312,867.2526248168946,0.01511435051226907,980.8499755859376,-0.026048823396978605
2025-05-15,938.4827880859376,966.9000244140624,972.4000244140624,948.5,956.75,32241458,0.012142820861845927,961.4449951171875,910.8959973144531,868.0769998168945,0.013665959180876054,980.8499755859376,-0.014222308731304032
2025-05-16,938.9194946289062,967.3499755859376,971.9000244140624,964.2000122070312,966.9000244140624,15868010,0.0004653543908512692,962.8624938964844,913.2359973144531,868.8722497558593,0.013615216290177269,980.8499755859376,-0.013763572754268975
2025-05-19,940.8607177734376,969.3499755859376,972.5,965.5,968.5,10202964,0.0020675040579689608,963.6624938964844,915.2989965820312,869.6736245727539,0.013230262733698725,980.8499755859376,-0.01172452493882172
2025-05-20,929.310546875,957.4500122070312,967.2999877929688,956.5,964.0499877929688,23879090,-0.012276230132170052,963.3574951171875,917.4324963378906,870.4482495117187,0.01333308660207476,980.8499755859376,-0.0238568221046524
2025-05-21,935.085693359375,963.4000244140624,973.4500122070312,960.5499877929688,963.5,15132040,0.006214436399990975,962.4849975585937,919.6004968261718,871.2263745117187,0.01273522915833004,980.8499755859376,-0.017790642408336728
2025-05-22,931.737060546875,959.9500122070312,962.0999755859376,952.5999755859376,957.5999755859376,21306670,-0.0035810796342147233,962.3849975585938,921.8994970703125,871.9867495727539,0.012001110770125549,980.8499755859376,-0.02130801233534333
2025-05-23,938.3856811523438,966.7999877929688,968.5,957.25,960.0499877929688,9566072,0.007135762798928136,962.8049957275391,924.3234973144531,872.7237493896484,0.012071561441629356,980.8499755859376,-0.014324298458156885
2025-05-26,941.588623046875,970.0999755859376,974.9500122070312,963.4500122070312,967.5,10802860,0.0034133097172479587,963.529995727539,926.8329968261719,873.426374206543,0.01206002036936386,980.8499755859376,-0.010959882008028998
2025-05-27,934.8429565429688,963.1500244140624,974.0,958.1500244140624,965.7999877929688,26162148,-0.007164159722483743,963.6824981689454,929.2209973144531,874.2027493286133,0.012150494235376117,980.8499755859376,-0.018045523385267638
2025-05-28,933.484130859375,961.75,967.25,958.8499755859376,960.0999755859376,18157594,-0.0014535891383214983,964.0499969482422,931.6009973144531,875.0084994506836,0.012071870966382162,980.8499755859376,-0.019472881746801004
2025-05-29,935.4253540039062,963.75,970.4000244140624,953.6500244140624,964.0,28917794,0.0020795425006499,964.1124969482422,933.7644970703125,875.7684994506836,0.011931628611837691,980.8499755859376,-0.017433833931353747
2025-05-30,943.86962890625,972.4500122070312,974.4000244140624,962.7000122070312,965.9500122070312,28748078,0.009027250020265942,964.6874969482421,936.1474975585937,876.5239996337891,0.012085970075589782,980.8499755859376,-0.008563963488797984
2025-06-02,937.65771484375,966.0499877929688,968.0,954.0,965.0499877929688,14668822,-0.006581340257826973,964.5699951171875,938.3644970703125,877.2287496948243,0.012068469084449454,980.8499755859376,-0.015088941388949605
2025-06-03,934.0179443359376,962.2999877929688,976.0,960.0,969.0,24377584,-0.0038817867060556566,964.3924957275391,940.5064965820312,877.8899996948243,0.01208573622031246,980.8499755859376,-0.01891215604291321
2025-06-04,942.073974609375,970.5999755859376,971.6500244140624,960.4500122070312,960.5,12961542,0.008625156290404723,964.2824951171875,942.4774963378907,878.7349996948242,0.012135370655661672,980.8499755859376,-0.010450120054167185
2025-06-05,946.1505126953124,974.7999877929688,979.4500122070312,970.0999755859376,974.0,22255418,0.004327232961752081,964.8099945068359,944.28599609375,879.5894995117187,0.01199144639046761,980.8499755859376,-0.006168107196367862
2025-06-06,960.27294921875,989.3499755859376,998.1500244140624,971.3499755859376,972.0,30127008,0.014926126359430247,967.0349945068359,946.3694958496094,880.4559994506836,0.011345753327657597,989.3499755859376,0.0
2025-06-09,960.3700561523438,989.4500122070312,997.5,987.9500122070312,997.5,13202588,0.00010111348214714155,967.5774963378906,948.15849609375,881.3243743896485,0.008191410224953687,989.4500122070312,0.0
2025-06-10,953.7698974609376,982.6500244140624,991.4000244140624,980.5499877929688,991.4000244140624,15533126,-0.00687249250500388,968.6449981689453,949.5969970703125,882.1433746337891,0.007222579779528849,989.4500122070312,-0.006872492505003924
2025-06-11,946.5388793945312,975.2000122070312,983.7999877929688,973.5,983.7999877929688,11096394,-0.007581551948236509,969.6399993896484,951.0354968261719,882.9548745727539,0.007300296263935025,989.4500122070312,-0.014401940294299928
2025-06-12,943.1416625976562,971.7000122070312,980.5,967.6500244140624,975.0,16349130,-0.003589007338175576,969.8799987792969,952.2159973144531,883.7351245117187,0.0068782540990604156,989.4500122070312,-0.01793925896307535
2025-06-13,930.620849609375,958.7999877929688,966.5,956.5,960.0,12117762,-0.013275727335602894,969.4524993896484,953.1099975585937,884.4664993286133,0.007514571952643707,989.4500122070312,-0.030976829588081633
2025-06-16,939.2592163085938,967.7000122070312,969.4500122070312,960.0499877929688,962.0,16513746,0.009282461960131272,969.3700012207031,954.785498046875,885.2051245117187,0.007807589839763115,989.4500122070312,-0.02198190887024726
2025-06-17,936.4444580078124,964.7999877929688,970.7999877929688,959.5499877929688,968.5,16978736,-0.0029968217190040614,969.7375,956.1124975585938,885.9347494506836,0.007302573456430225,989.4500122070312,-0.02491285472732377
2025-06-18,938.5313110351562,966.9500122070312,968.1500244140624,958.5,958.5,18433816,0.002228466460681533,969.9149993896484,957.502998046875,886.6767495727539,0.007189271762451876,989.4500122070312,-0.022739905727841993
2025-06-19,939.210693359375,967.6500244140624,973.4000244140624,962.7999877929688,966.9500122070312,16876220,0.0007239383610257999,970.3,958.682998046875,887.4186245727539,0.007134075136455265,989.4500122070312,-0.022032429656898587
2025-06-20,953.4786376953124,982.3499755859376,984.9500122070312,965.7999877929688,965.7999877929688,32900408,0.01519139234329736,971.0774993896484,960.752998046875,888.2381243896484,0.007735066828586589,989.4500122070312,-0.007175740596795337
2025-06-23,945.5681762695312,974.2000122070312,978.9500122070312,970.9000244140624,974.2000122070312,11739518,-0.008296394952364339,971.2825012207031,962.545498046875,889.0417495727539,0.007968599947344657,989.4500122070312,-0.015412602771092906
2025-06-24,951.634521484375,980.4500122070312,989.5,977.7999877929688,982.5,22625322,0.0064155203466285116,972.1475006103516,964.5044982910156,889.8506246948242,0.007882496605455945,989.4500122070312,-0.009095962291136798
2025-06-25,961.0009155273438,990.0999755859376,991.0,981.9500122070312,983.0,18405932,0.009842381823407687,973.5649993896484,966.2389978027344,890.6966244506835,0.008105024117586063,990.0999755859376,0.0
2025-06-26,981.1895751953124,1010.9000244140624,1013.5499877929688,990.0,990.7000122070312,50084830,0.021008028826397407,975.9225006103516,967.807998046875,891.6374996948242,0.00920819512082907,1010.9000244140624,0.0
2025-06-27,988.5983276367188,1007.4500122070312,1009.9000244140624,996.7000122070312,1006.5,28213384,-0.0034128124678113325,977.6725006103516,969.1769982910156,892.5823748779297,0.009159214721031138,1010.9000244140624,-0.003412812467811376
2025-06-30,982.023681640625,1000.75,1006.9000244140624,997.75,1005.75,13649020,-0.006650466153008905,979.4075012207031,970.1249987792969,893.4698748779297,0.009162560024055086,1010.9000244140624,-0.010040581827016516
2025-07-01,987.2244873046876,1006.0499877929688,1008.0,1002.0,1002.5,14389386,0.005296015781132812,981.5950012207031,970.9749987792969,894.3742498779297,0.009092275837589725,1010.9000244140624,-0.00479774112569125
2025-07-02,974.418701171875,993.0,1009.9500122070312,988.9500122070312,1009.9500122070312,18878250,-0.012971510313913193,982.7150024414062,971.2179992675781,895.2294998168945,0.00956716674125053,1010.9000244140624,-0.01770701749110907
2025-07-03,974.9583740234376,993.5499877929688,1004.0,992.1500244140624,997.4500122070312,16860506,0.000553864846897012,983.6525024414062,971.8499987792969,896.0307498168945,0.0095391000031637,1010.9000244140624,-0.017162959938743755
2025-07-04,976.037841796875,994.6500244140624,1001.75,990.0,993.5499877929688,7863944,0.0011071779322722186,983.9175048828125,972.5749987792968,896.8391250610351,0.0089598913655548,1010.9000244140624,-0.016074784456968257
2025-07-07,975.1055908203124,993.7000122070312,999.2000122070312,991.9000244140624,994.5,11349426,-0.0009551220868775356,984.1300048828125,973.3369995117188,897.6302502441406,0.008964269267521892,1010.9000244140624,-0.01701455316216913
2025-07-08,981.974609375,1000.7000122070312,1002.5,988.5,988.5,15224316,0.007044379504889786,985.032504272461,974.1490002441407,898.4617501831054,0.008922143324320186,1010.9000244140624,-0.010090030626859729
2025-07-09,986.7828979492188,1005.5999755859376,1006.9000244140624,999.0499877929688,1003.5,13861428,0.004896535744113306,986.5525024414062,975.1729992675781,899.2527499389648,0.008728463646238237,1010.9000244140624,-0.005242901078370025
2025-07-10,984.3296508789062,1003.0999755859376,1008.5,1000.0,1008.0,17030310,-0.002486078023762217,988.1225006103516,975.9849987792969,899.9969998168946,0.008697568924864804,1010.9000244140624,-0.007715944840980526
2025-07-11,973.2901611328124,991.8499755859376,1002.4000244140624,990.4500122070312,999.0,12516922,-0.011215233051350193,989.775,976.602998046875,900.6032498168945,0.008522183766667798,1010.9000244140624,-0.01884464177272778
2025-07-14,972.94677734375,991.5,994.3499755859376,985.2999877929688,991.5,13088850,-0.0003528513329154048,990.9649993896485,977.0649975585937,901.1612496948242,0.008343250812170886,1010.9000244140624,-0.019190843748675367
2025-07-15,979.079833984375,997.75,1001.7999877929688,986.5,986.5,14498168,0.006303580433686395,992.6125,977.702998046875,901.7298745727539,0.008353356315085186,1010.9000244140624,-0.013008234342149117
2025-07-16,979.4723510742188,998.1500244140624,1011.3499755859376,996.2999877929688,1009.0,17994612,0.00040092649868439523,994.1725006103516,978.2099987792968,902.2728747558593,0.008357421804661641,1010.9000244140624,-0.012612523189313555
2025-07-17,974.8602905273438,993.4500122070312,1002.4000244140624,991.3499755859376,1002.0,22529158,-0.004708723230047673,995.4625,978.7939990234376,902.7814999389649,0.008475603115306865,1010.9000244140624,-0.01726185753843018
2025-07-18,960.3862915039062,978.7000122070312,998.5,976.5,993.4500122070312,16129446,-0.01484724930168524,995.2800018310547,979.4709997558593,903.2933749389648,0.008554973121118846,1010.9000244140624,-0.031852815737832135
2025-07-21,981.5330200195312,1000.25,1001.0,988.25,989.0999755859376,22309078,0.022018992054952724,996.5825012207031,979.9040002441407,903.9644998168945,0.009651283067227776,1010.9000244140624,-0.010535190579538615
2025-07-22,984.771240234375,1003.5499877929688,1009.0,1001.5,1006.5499877929688,14836814,0.0032991630022181084,997.7375,980.7490002441406,904.6667498779296,0.009590405674072959,1010.9000244140624,-0.007270784888301751
2025-07-23,993.2103881835938,1012.1500244140624,1014.9000244140624,1001.5,1005.5,13634916,0.008569614593894936,998.8400024414062,981.8860009765625,905.5225,0.00953415732515168,1012.1500244140624,0.0
2025-07-24,988.2548217773438,1007.0999755859376,1018.8499755859376,1004.2000122070312,1018.8499755859376,19107176,-0.0049894271662427325,998.65,982.69,906.4138748168946,0.00838669455503293,1012.1500244140624,-0.004989427166242737
2025-07-25,985.9922485351562,1002.2999877929688,1007.5,999.5,1007.5,9306598,-0.004766148256707292,998.3924987792968,983.3890002441407,907.3808746337891,0.00841975790719932,1012.1500244140624,-0.009731795073359664
2025-07-28,987.9105224609376,1004.25,1010.7000122070312,1000.25,1001.5,12059580,0.0019455374945429593,998.5674987792969,984.0870007324219,908.2744995117188,0.008292810501262394,1012.1500244140624,-0.007805191151021057
2025-07-29,994.3539428710938,1010.7999877929688,1013.25,998.1500244140624,999.9500122070312,19895696,0.0065222681533172455,998.8049987792969,985.1540002441407,909.2456243896485,0.008336831207964284,1012.1500244140624,-0.0013338305473787622
2025-07-30,996.4197998046876,1012.9000244140624,1016.2999877929688,1008.5,1014.0,15154036,0.0020775985817718112,999.8,986.1440002441407,910.1541244506836,0.007736461768084405,1012.9000244140624,0.0
2025-07-31,992.6815795898438,1009.0999755859376,1015.7000122070312,1004.0,1007.2999877929688,22183032,-0.0037516524203097257,1000.5774993896484,987.1269995117187,911.0721243286133,0.007809699034258887,1012.9000244140624,-0.0037516524203097014
2025-08-01,989.7304077148438,1006.0999755859376,1014.1500244140624,1004.6500244140624,1007.0,11317258,-0.0029729462616011615,1001.1499969482422,987.9129992675781,911.8823742675781,0.007854570238560473,1012.9000244140624,-0.00671344522087304
2025-08-04,979.7947387695312,996.0,1009.25,994.0499877929688,1005.0499877929688,13933946,-0.010038739519952267,1001.2649963378906,988.4309997558594,912.6521243286132,0.008204171254069954,1012.9000244140624,-0.016684790212971545
2025-08-05,972.7118530273438,988.7999877929688,997.2000122070312,982.75,993.25,23978058,-0.007228927918706107,1000.6699951171875,988.9439990234375,913.3466241455078,0.008193443541154975,1012.9000244140624,-0.023793104985889314
2025-08-06,976.499267578125,992.6500244140624,994.0,985.0,985.5499877929688,14080204,0.0038936454982032576,1000.0224975585937,989.5619995117188,914.126999206543,0.008161257316937754,1012.9000244140624,-0.019992101403802535
2025-08-07,981.4671020507812,997.7000122070312,1000.7999877929688,988.4000244140624,990.0499877929688,13081186,0.005087379911111967,999.7524993896484,990.2409997558593,914.9108743286133,0.008245205377713633,1012.9000244140624,-0.015006428907753229
2025-08-08,970.8920288085938,986.9500122070312,996.4000244140624,985.0,993.5499877929688,13895264,-0.010774781866765504,999.5075012207031,990.5309997558594,915.5238745117188,0.008214874024808517,1012.9000244140624,-0.025619519776438525
2025-08-11,981.5654296875,997.7999877929688,998.7999877929688,986.5499877929688,987.9500122070312,9105854,0.010993439841674002,999.8225006103515,991.1659997558594,916.2264993286133,0.008588200628030358,1012.9000244140624,-0.014907726584199298
2025-08-12,968.924560546875,984.9500122070312,998.0,983.75,995.9500122070312,12937802,-0.012878308020789153,999.1825012207031,991.6190002441406,916.8117492675781,0.008951908755199947,1012.9000244140624,-0.027594048310147418
2025-08-13,974.0399169921876,990.1500244140624,997.0,984.5499877929688,997.0,13577396,0.005279468138062349,998.7825012207031,992.0100012207031,917.3883743286133,0.009046794685774505,1012.9000244140624,-0.022460262070938652
2025-08-14,979.35205078125,995.5499877929688,998.0,985.5999755859376,989.0,17511716,0.0054536820135937525,998.8875,992.4250012207032,918.0076242065429,0.009075241329774733,1012.9000244140624,-0.017129071184621803
2025-08-18,985.5003662109376,1001.7999877929688,1013.2999877929688,997.7999877929688,1005.0,19284796,0.0062779368958214565,1000.0424987792969,992.6740014648437,918.6811242675781,0.00844607481086606,1012.9000244140624,-0.010958669516781514
2025-08-19,979.35205078125,995.5499877929688,1003.0499877929688,993.3499755859376,999.1500244140624,12352438,-0.006238770289635487,999.8074981689454,992.7960009765625,919.2792492675782,0.007024084563249981,1012.9000244140624,-0.017129071184621803
2025-08-20,977.9256591796876,994.0999755859376,996.0,989.5,993.5,9950228,-0.0014564936214259694,999.3349975585937,993.025,919.913249206543,0.006979319887471936,1012.9000244140624,-0.018560616423126394
2025-08-21,979.4012451171876,995.5999755859376,998.75,991.5999755859376,998.75,12439850,0.0015089025619539065,998.5074951171875,993.4329992675781,920.551999206543,0.00667083784865787,1012.9000244140624,-0.017079720022844726
2025-08-22,966.317626953125,982.2999877929688,998.0,978.5499877929688,994.9500122070312,19833502,-0.013358766692557866,997.2674957275391,993.6449987792969,921.1202490234375,0.00718962466404859,1012.9000244140624,-0.030210322720443217
2025-08-25,966.0717163085938,982.0499877929688,988.7000122070312,978.5,980.0999755859376,17518044,-0.0002545047369507669,996.254995727539,994.1099987792969,921.7452490234375,0.007143175634149727,1012.9000244140624,-0.030457138787156827
2025-08-26,957.5625,973.4000244140624,985.7000122070312,968.0,979.5,16917731,-0.008808068312638584,994.7124969482422,994.2239990234375,922.217624206543,0.007312837985842458,1012.9000244140624,-0.03899693854075063
2025-08-28,942.2162475585938,957.7999877929688,972.2000122070312,955.0,967.0,25438255,-0.016026336788397044,992.0624969482421,994.0839990234375,922.6184991455078,0.007731700476686641,1012.9000244140624,-0.05439829725837715
2025-08-29,936.1171264648438,951.5999755859376,963.2999877929688,950.0999755859376,954.0,14823813,-0.006473180503288267,988.9974945068359,993.7769982910156,923.0101239013671,0.007692205480759817,1012.9000244140624,-0.06051934776444036
2025-09-01,935.1333618164062,950.5999755859376,957.4500122070312,946.3499755859376,949.5999755859376,20178344,-0.00105086173356006,986.0724945068359,993.4359973144532,923.3769989013672,0.007703646295890476,1012.9000244140624,-0.06150661203129481
2025-09-02,929.1326904296876,944.5,954.7999877929688,944.0,951.0,14196320,-0.006416974271620024,982.9924957275391,992.6789978027343,923.6837487792968,0.007742502880146057,1012.9000244140624,-0.06752889995597552
2025-09-03,938.9207763671876,954.4500122070312,956.2999877929688,940.0,945.0,16083481,0.01053468735524743,980.9149963378907,992.2839978027343,924.1604989624024,0.008132539394602395,1012.9000244140624,-0.05770560844920803
2025-09-04,945.610107421875,961.25,965.7000122070312,956.25,960.2000122070312,17597657,0.007124509095290055,979.5374969482422,991.8999975585938,924.7633740234374,0.00828765627723931,1012.9000244140624,-0.05099222348616355
2025-09-05,947.7251586914062,963.4000244140624,967.5,954.0499877929688,967.5,11602111,0.002236696399544824,978.0749969482422,991.3659985351562,925.3484991455078,0.008240319098606477,1012.9000244140624,-0.04886958120929509
2025-09-08,950.2828369140624,966.0,973.1500244140624,960.4500122070312,969.0,11711307,0.002698749761314234,976.4899963378906,990.467998046875,925.915749206543,0.00815729063453328,1012.9000244140624,-0.04630271821860493
2025-09-09,949.4467163085938,965.1500244140624,974.4000244140624,962.7000122070312,974.0,13985539,-0.0008798919109085368,975.3999969482422,989.6219982910156,926.3858743286132,0.007865199114309173,1012.9000244140624,-0.04714186874229981
2025-09-10,950.1845092773438,965.9000244140624,973.9000244140624,961.7000122070312,973.9000244140624,18091100,0.0007770812630454316,973.8049987792969,988.9249987792969,926.8623745727539,0.0073545220649188356,1012.9000244140624,-0.046401420542158976
2025-09-11,952.0535278320312,967.7999877929688,969.25,959.9000244140624,960.2999877929688,15113633,0.001967039373520052,972.9474975585938,988.1599987792969,927.3373745727539,0.006890579587127988,1012.9000244140624,-0.04452565458983269
2025-09-12,951.5617065429688,967.2999877929688,970.75,962.25,969.9000244140624,14363519,-0.000516635675043009,971.8049957275391,987.6459985351562,927.709874572754,0.006739208724037253,1012.9000244140624,-0.04501928672325991
2025-09-15,951.3157348632812,967.0499877929688,972.3499755859376,965.0,969.5999755859376,14486377,-0.0002584513627157392,970.379995727539,987.1159985351562,928.0812493896484,0.006563587777434507,1012.9000244140624,-0.04526610278997352
2025-09-16,951.1190185546876,966.8499755859376,969.3499755859376,961.2000122070312,961.2000122070312,18661794,-0.00020682716463049644,968.6324951171875,986.5599975585938,928.3847491455078,0.006318334273399241,1012.9000244140624,-0.045463567694910056
2025-09-17,950.7747192382812,966.5,974.4000244140624,964.3499755859376,965.1500244140624,17361476,-0.00036197506828861137,967.1799957275391,986.0159973144531,928.7343740844726,0.006234935444561379,1012.9000244140624,-0.04580908608517771
2025-09-18,961.0055541992188,976.9000244140624,979.6500244140624,969.25,973.2999877929688,17791598,0.010760501204410078,966.3199981689453,985.5399975585938,929.1287490844727,0.0068075727721115115,1012.9000244140624,-0.03554151360676006
2025-09-19,951.168212890625,966.9000244140624,976.7000122070312,962.0999755859376,974.9000244140624,31243267,-0.010236462022813364,964.8850006103515,984.7659985351562,929.4514993286133,0.007093942573480538,1012.9000244140624,-0.045414156275304526
2025-09-22,948.5121459960938,964.2000122070312,971.2000122070312,961.9500122070312,964.0,10854415,-0.0027924419679969947,963.9800018310547,983.9879992675782,929.7067492675782,0.0065304669130928795,1012.9000244140624,-0.04807978184737718
2025-09-23,941.6260375976562,957.2000122070312,968.2000122070312,955.5,967.0,21022298,-0.007259904492198821,962.7375030517578,983.295,929.8424993896484,0.006679672469658194,1012.9000244140624,-0.0549906317153583
2025-09-24,935.5761108398438,951.0499877929688,956.4500122070312,943.0,952.2000122070312,15117220,-0.006425014976631949,961.6200012207031,982.4859997558593,929.9333743286132,0.006558080099911868,1012.9000244140624,-0.06106233105964466
2025-09-25,934.3955688476562,949.8499755859376,958.0,947.4000244140624,952.5,31413279,-0.001261776165746964,961.2225006103515,981.5279992675781,930.0429992675781,0.005547310763641358,1012.9000244140624,-0.06224706023143564
2025-09-26,929.6737060546876,945.0499877929688,951.4500122070312,941.2999877929688,945.0999755859376,14874656,-0.005053416767219376,960.8950012207031,980.4659985351562,930.093249206543,0.005474131976781217,1012.9000244140624,-0.06698591666077133
2025-09-29,934.8382568359376,950.2999877929688,956.7999877929688,939.0999755859376,946.0499877929688,32398179,0.005555261698125147,960.8800018310546,979.602998046875,930.1744992065429,0.005625622931921166,1012.9000244140624,-0.061802779259785494
2025-09-30,935.5269165039062,951.0,960.0,946.2999877929688,958.0499877929688,28296687,0.0007366223466518385,961.2050018310547,979.0489978027343,930.2717492675781,0.0054198577213629825,1012.9000244140624,-0.061111682221421625
2025-10-01,949.5450439453124,965.25,969.5999755859376,946.0,952.7000122070312,25350832,0.014984227129337446,961.7450012207031,978.3489978027344,930.4498742675781,0.005927205624655164,1012.9000244140624,-0.047043166418745765
2025-10-03,949.4467163085938,965.1500244140624,966.75,952.0,952.0,26658296,-0.00010357481060618845,961.9400024414062,977.5809985351563,930.5962493896484,0.005723999459763021,1012.9000244140624,-0.04714186874229981
2025-10-06,957.6116333007812,973.4500122070312,977.4000244140624,962.0,971.9000244140624,18542683,0.008599686663229189,962.4425018310546,976.8069982910156,930.8004995727539,0.0060117100787275566,1012.9000244140624,-0.03894758737897355
2025-10-07,966.514404296875,982.5,989.8499755859376,971.0,974.0,25535736,0.009296818202765733,963.2675018310547,976.3149987792968,931.1298745727539,0.006310260573153585,1012.9000244140624,-0.03001285781550657
2025-10-08,962.7762451171876,978.7000122070312,985.9000244140624,974.5499877929688,976.0,15939710,-0.0038676720539122522,963.9450012207031,975.8429992675781,931.4966247558593,0.006388648696392213,1012.9000244140624,-0.03376444997798771
2025-10-09,961.2022094726562,977.0999755859376,979.0,970.1500244140624,974.5,15370950,-0.0016348590999661905,964.5049987792969,975.2999987792969,931.8983746337891,0.0064101765392924085,1012.9000244140624,-0.03534410895965198
2025-10-10,964.9404296875,980.9000244140624,986.2000122070312,978.0999755859376,979.0,13757080,0.0038891095313413615,965.1600006103515,974.7019995117188,932.3741247558594,0.00644611994962832,1012.9000244140624,-0.03159245653934228
2025-10-13,961.1038818359376,977.0,981.0,972.0,974.2999877929688,18634254,-0.003975965253331548,965.6450012207031,973.9839990234375,932.7566247558593,0.006526176640331571,1012.9000244140624,-0.035442811283206026
2025-10-14,961.25146484375,977.1500244140624,980.4500122070312,967.0,970.0,22934382,0.00015355620681933857,966.1500030517578,973.345,933.1471249389648,0.00652424272766249,1012.9000244140624,-0.03529469754004645
2025-10-15,962.3335571289062,978.25,984.9000244140624,973.3499755859376,975.0,23310447,0.001125697752089927,966.720004272461,972.7880004882812,933.5614999389649,0.006523020681359317,1012.9000244140624,-0.034208730949637965
2025-10-16,978.1715698242188,994.3499755859376,996.5999755859376,981.5,982.6500244140624,22936566,0.01645793568713283,968.1125030517578,972.755,934.0376248168945,0.0074148976558553485,1012.9000244140624,-0.018313800356412783
2025-10-17,986.2381591796876,1002.5499877929688,1009.0,986.0,993.9500122070312,25210511,0.008246605730742873,969.3950012207031,973.03,934.6056246948242,0.0072685801167255365,1012.9000244140624,-0.010218221316640679
2025-10-20,986.6316528320312,1002.9500122070312,1020.0,997.0,997.0,22195202,0.00039900695120764773,971.1975006103515,973.2359997558593,935.1882498168945,0.006748945389656035,1012.9000244140624,-0.009823291506767385
2025-10-21,991.3043823242188,1007.7000122070312,1010.0,1004.0,1006.0,3471600,0.004736028657646996,973.3725006103516,973.4359997558594,935.7698748779297,0.006685834941036791,1012.9000244140624,-0.005133786239208766
2025-10-23,992.386474609375,1008.7999877929688,1020.5,1006.0,1016.0,43526526,0.0010915704799172588,975.9524993896484,973.8729992675782,936.3294998168946,0.006312306797230231,1012.9000244140624,-0.0040478196488003895
2025-10-24,978.5650634765624,994.75,1011.9500122070312,991.2999877929688,1011.0,17707768,-0.013927426608823623,978.1375,973.8119995117188,936.9302499389648,0.007058635494768364,1012.9000244140624,-0.0179188705465396
2025-10-27,986.6316528320312,1002.9500122070312,1009.0499877929688,996.2000122070312,996.5,15700796,0.008243289476784321,980.7925018310547,974.1719995117187,937.66875,0.0071278058484992475,1012.9000244140624,-0.009823291506767385
2025-10-28,987.2218627929688,1003.5499877929688,1008.0,995.0,997.6500244140624,33904289,0.0005982108566080502,983.7175018310547,974.4399987792968,938.4029998779297,0.006910988164338915,1012.9000244140624,-0.009230957049786232
2025-10-29,991.451904296875,1007.8499755859376,1012.5,1000.0,1004.9000244140624,17769445,0.004284776887323316,986.5950012207031,974.6859985351563,939.206499633789,0.006892370790677487,1012.9000244140624,-0.004985732753877759
2025-10-30,981.9097900390624,998.1500244140624,1009.5,997.0999755859376,1000.0,19962917,-0.009624399867882993,988.9525024414063,974.6129992675782,940.0277496337891,0.00743669907528682,1012.9000244140624,-0.014562147936103081
2025-10-31,971.2362670898438,987.2999877929688,1004.4500122070312,981.1500244140624,994.0,23221330,-0.010870146126042424,990.0550018310547,974.4479992675781,940.8223745727539,0.007389934830195506,1012.9000244140624,-0.025274001386170985
2025-11-03,976.499267578125,992.6500244140624,994.5499877929688,983.2999877929688,985.0,16607180,0.005418856160479768,991.4300018310547,974.4190002441406,941.7084997558594,0.007443376135791375,1012.9000244140624,-0.019992101403802535
2025-11-04,969.2196655273438,985.25,997.0,983.7000122070312,987.0,20024544,-0.007454817138024539,992.0200012207031,974.2120007324219,942.5182498168946,0.007495214760758233,1012.9000244140624,-0.02729788108165684
2025-11-06,968.6294555664062,984.6500244140624,991.0499877929688,974.0,981.0,22279516,-0.0006089577121924927,992.1275024414062,974.2590014648438,943.3338748168945,0.007214342466303122,1012.9000244140624,-0.027890215538638106
2025-11-07,966.317626953125,982.2999877929688,984.9000244140624,974.75,980.0,15004568,-0.0023866719776827194,992.3075012207031,974.2640014648438,944.1152496337891,0.0071786184267294195,1012.9000244140624,-0.030210322720443217
2025-11-10,968.4818725585938,984.5,990.9500122070312,980.2000122070312,982.2999877929688,15988262,0.0022396541121558755,992.6775024414062,974.4860009765625,944.9458746337891,0.007178546405016451,1012.9000244140624,-0.028038329281797676
2025-11-11,975.564697265625,991.7000122070312,993.5,978.0,983.5,10200530,0.007313369433246564,993.2175018310547,975.1640014648438,945.7762496948242,0.007305806116676564,1012.9000244140624,-0.020930014508879907
2025-11-12,973.4005126953124,989.5,999.0,987.7000122070312,998.7999877929688,13137263,-0.0022184251083501305,993.8425018310547,975.922001953125,946.6177496337891,0.0072586273482570735,1012.9000244140624,-0.023102007947525444
2025-11-13,970.596923828125,986.6500244140624,990.0999755859376,982.5999755859376,984.0,14124839,-0.00288021787361048,994.3175018310546,976.6430029296876,947.3858746337891,0.0073013610506164756,1012.9000244140624,-0.025915687004929213
2025-11-14,973.4988403320312,989.5999755859376,991.6500244140624,976.0499877929688,976.0499877929688,21386965,0.002989865807409453,994.8850006103515,977.5450024414063,948.1716244506836,0.007321516520747159,1012.9000244140624,-0.023003305623971404
2025-11-17,980.3357543945312,996.5499877929688,997.9500122070312,985.5999755859376,991.25,18396408,0.007023052120546103,994.9950012207031,978.387001953125,949.0298742675782,0.006504506499237285,1012.9000244140624,-0.016141806917767357
2025-11-18,976.302490234375,992.4500122070312,999.0,990.0,997.6500244140624,20002640,-0.004114169521006739,994.4900024414062,979.0110021972656,949.917624206543,0.006275994722917421,1012.9000244140624,-0.02018956630873907
2025-11-19,978.41748046875,994.5999755859376,996.5499877929688,984.0,990.0,19813847,0.0021663190613754324,994.0725006103515,979.6350012207031,950.7146240234375,0.006301521721375803,1012.9000244140624,-0.018066984289699172
2025-11-20,992.4356689453124,1008.8499755859376,1011.5999755859376,992.4500122070312,995.2999877929688,19850865,0.014327368137732943,994.1299987792969,980.4920007324218,951.5656237792969,0.00703514591467483,1012.9000244140624,-0.003998468487023313
2025-11-21,981.8114013671876,998.0499877929688,1008.2999877929688,996.5499877929688,1003.0999755859376,17499897,-0.010705246621725117,993.5924987792969,981.15,952.3271237182618,0.0074294060225793,1012.9000244140624,-0.014660910517485687
2025-11-24,982.8934936523438,999.1500244140624,1011.4500122070312,993.5999755859376,1000.0,32204053,0.0011021858970472476,993.8125,981.815,953.075998840332,0.006727716745451546,1012.9000244140624,-0.013574883669248635
2025-11-25,973.6956176757812,989.7999877929688,1006.0999755859376,988.4000244140624,1004.0,24989383,-0.009357990684709105,993.1549987792969,982.255,953.7976239013672,0.006777039687871468,1012.9000244140624,-0.022805840719034867
2025-11-26,987.5662231445312,1003.9000244140624,1006.9500122070312,981.2999877929688,981.2999877929688,19494356,0.014245339255391842,993.1725006103516,982.9870007324218,954.6221240234376,0.007550903976022186,1012.9000244140624,-0.008885378401690016
2025-11-27,993.0750732421876,1009.5,1016.7999877929688,1001.0,1002.0999755859376,25536848,0.005578220390228594,993.2550018310546,983.8360009765624,955.3673739624023,0.0075945456979240175,1012.9000244140624,-0.00335672261043652
2025-11-28,991.2059936523438,1007.5999755859376,1012.0499877929688,1004.2000122070312,1007.0,15988807,-0.0018821440456289196,993.7274993896484,984.6510009765625,956.0608737182617,0.007262344663172497,1012.9000244140624,-0.005232548820591371
2025-12-01,985.7954711914062,1002.0999755859376,1017.5,999.2999877929688,1017.5,16746566,-0.005458515416102205,994.4674987792969,985.3630004882813,956.7117486572265,0.006908770524353206,1012.9000244140624,-0.010662502288290824
2025-12-02,973.6956176757812,989.7999877929688,994.4000244140624,985.0,988.0,27316662,-0.012274212246913718,994.3249969482422,985.6209997558594,957.3288735961914,0.007397251033325351,1012.9000244140624,-0.022805840719034867
2025-12-03,984.2214965820312,1000.5,1002.2999877929688,986.0,986.0,15448777,0.010810277166086735,995.0874969482422,986.2929992675781,958.0419985961914,0.007569250432186226,1012.9000244140624,-0.012242101012126536
2025-12-04,980.9752197265624,997.2000122070312,1004.7000122070312,993.0,1000.0,14528169,-0.0032983386236569157,995.7149963378906,986.9529992675781,958.7744985961914,0.00761923681330445,1012.9000244140624,-0.01550006104118045
2025-12-05,986.9759521484376,1003.2999877929688,1008.0,990.2000122070312,992.0,12843366,0.006117103400788082,996.7649963378906,987.8749987792969,959.5239984130859,0.0076772662058445604,1012.9000244140624,-0.009477773116499845
2025-12-08,986.7791748046876,1003.0999755859376,1006.5,997.5,1000.0,12901022,-0.00019935434014217712,997.6949951171875,988.9159985351563,960.2952484130859,0.007677350638544691,1012.9000244140624,-0.009675238021436378
2025-12-09,980.8768310546876,997.0999755859376,1002.7999877929688,994.0,994.9000244140624,15294322,-0.005981457627386777,997.9649932861328,989.8609985351562,961.0436233520508,0.007674241866038945,1012.9000244140624,-0.015598823622563056
2025-12-10,973.6956176757812,989.7999877929688,998.5,985.2999877929688,997.5,15322830,-0.007321219508283572,997.9799926757812,990.7559985351562,961.6992483520507,0.00784527714330098,1012.9000244140624,-0.022805840719034867
2025-12-11,984.0247802734376,1000.2999877929688,1002.7000122070312,988.5,990.0,11844809,0.010608203808339711,998.6624908447266,991.7559985351562,962.3931231689453,0.008154315332106967,1012.9000244140624,-0.012439565917063184
2025-12-12,985.2052612304688,1001.5,1004.7000122070312,998.2000122070312,1003.0,11988618,0.0011996523259776293,999.2574920654297,992.7659985351562,963.0826232910156,0.008137882241867891,1012.9000244140624,-0.01125483674527209
2025-12-15,979.89306640625,996.0999755859376,1001.7999877929688,992.0,992.0,9790060,-0.005391936509298478,999.2349914550781,993.382998046875,963.8453732299805,0.008097903871395052,1012.9000244140624,-0.0165860878894175
2025-12-16,978.1223754882812,994.2999877929688,998.7000122070312,990.0999755859376,990.0999755859376,20049088,-0.0018070352746570872,999.327490234375,993.9659973144531,964.5856231689453,0.008052389304066314,1012.9000244140624,-0.01836315151818986
2025-12-17,967.989990234375,984.0,996.0,980.7999877929688,996.0,19080922,-0.010359034415590718,998.7974914550781,994.1769970703125,965.3128732299805,0.008366140190745917,1012.9000244140624,-0.028531961415224898
2025-12-18,963.7599487304688,979.7000122070312,987.4000244140624,973.2999877929688,973.2999877929688,14912404,-0.004369906293667403,997.3399932861328,994.1209973144531,966.0054983520508,0.007634442930080785,1012.9000244140624,-0.032777185711133264
2025-12-19,969.465576171875,985.5,988.0,978.7000122070312,987.0,25952384,0.0059201671130970634,996.7124938964844,994.2569970703125,966.681248474121,0.007475665592222535,1012.9000244140624,-0.02705106501494323
2025-12-22,971.6298217773438,987.7000122070312,992.9000244140624,983.9000244140624,988.0,13540411,0.0022323817422944536,996.1399932861328,994.4689978027344,967.2887484741211,0.0074935080292974,1012.9000244140624,-0.02487907157629769
2025-12-23,980.3849487304688,996.5999755859376,998.9000244140624,987.7000122070312,990.5,17927849,0.009010796060454851,996.4799926757812,994.7829968261718,968.0178732299805,0.007482749838062334,1012.9000244140624,-0.01609245575599028
2025-12-24,980.9752197265624,997.2000122070312,999.4000244140624,993.0,993.0,13699996,0.0006020837204423479,996.1449920654297,995.1869970703125,968.7288732910156,0.006735735771701025,1012.9000244140624,-0.01550006104118045
2025-12-26,975.9581909179688,992.0999755859376,997.2000122070312,987.7000122070312,996.0,9360853,-0.00511435675758376,995.2749908447265,995.48599609375,969.4643731689453,0.006667509658415694,1012.9000244140624,-0.020535144956835286
2025-12-29,975.564697265625,991.7000122070312,997.4000244140624,987.2000122070312,993.0999755859376,13545749,-0.0004031482600028724,994.4799926757812,995.7549963378906,970.1948733520508,0.0066636350798730025,1012.9000244140624,-0.020930014508879907
2025-12-30,974.7777709960938,990.9000244140624,995.0,982.2000122070312,990.2000122070312,33155849,-0.0008066832541309132,993.9199951171875,995.6859973144532,970.926248474121,0.0065720701829029326,1012.9000244140624,-0.021719813870797817
2025-12-31,975.0728759765624,991.2000122070312,997.5999755859376,987.5999755859376,991.0,10963454,0.00030274274455321937,993.9899963378906,995.4589978027344,971.6634985351562,0.005963892380348019,1012.9000244140624,-0.02142364664230713
