Date,Adj Close,Close,High,Low,Open,Volume,Daily_Return,MA20,MA50,MA200,Rolling_Volatility_20D,Running_Max,Drawdown
2024-01-01,975.0624389648438,999.4000244140624,1004.8499755859376,991.0,991.5499877929688,7683792,,,,,,999.4000244140624,0.0
2024-01-02,958.330078125,982.25,997.6500244140624,980.25,997.0,16263825,-0.017160320187221578,,,,,999.4000244140624,-0.017160320187221592
2024-01-03,960.0862426757812,984.0499877929688,988.0,975.0999755859376,984.7000122070312,16826752,0.0018325149330300494,,,,,999.4000244140624,-0.01535925179719022
2024-01-04,963.1107177734376,987.1500244140624,989.1500244140624,981.9000244140624,986.4000244140624,22789140,0.003150283684314026,,,,,999.4000244140624,-0.012257354113216122
2024-01-05,969.5012817382812,993.7000122070312,998.2999877929688,983.7999877929688,988.0,14875499,0.006635250601200848,,,,,999.4000244140624,-0.005703434128264098
2024-01-08,958.086181640625,982.0,998.2000122070312,980.2999877929688,994.0,8393164,-0.01177418945688169,,,,,999.4000244140624,-0.01741047027116478
2024-01-09,955.8909301757812,979.75,995.0,975.4000244140624,986.25,14660414,-0.0022912423625254252,,,,,999.4000244140624,-0.019661821026653453
2024-01-10,968.8670654296876,993.0499877929688,994.9500122070312,974.2999877929688,974.2999877929688,9409181,0.013574879094635062,,,,,999.4000244140624,-0.006353848775235517
2024-01-11,967.0133666992188,991.1500244140624,998.5,986.8499755859376,995.2999877929688,6451345,-0.001913260563175645,,,,,999.4000244140624,-0.008254952770125144
2024-01-12,979.0626220703124,1003.5,1008.7000122070312,991.75,994.7999877929688,12255743,0.012460248480787195,,,,,1003.5,0.0
2024-01-15,985.2579956054688,1009.8499755859376,1011.6500244140624,999.25,1003.5,12388044,0.0063278281872820585,,,,,1009.8499755859376,0.0
2024-01-16,984.4774169921876,1009.0499877929688,1015.7999877929688,1004.5999755859376,1006.0999755859376,11505126,-0.0007921847921070757,,,,,1009.8499755859376,-0.0007921847921070581
2024-01-17,957.8422241210938,981.75,1007.7999877929688,976.75,987.9000244140624,41914771,-0.027055139114247728,,,,,1009.8499755859376,-0.027825891236600148
2024-01-18,962.3302001953124,986.3499755859376,994.2999877929688,970.1500244140624,973.9500122070312,17902484,0.0046854856999618555,,,,,1009.8499755859376,-0.023270783352116013
2024-01-19,974.8673095703124,999.2000122070312,1010.9000244140624,987.5499877929688,991.2999877929688,23271148,0.013027867328186504,,,,,1009.8499755859376,-0.010546084702063805
2024-01-23,1003.9904174804688,1029.050048828125,1059.4000244140625,1021.2000122070312,1059.0999755859375,50797448,0.029873935404745477,,,,,1029.050048828125,0.0
2024-01-24,974.8673095703124,999.2000122070312,1035.949951171875,996.6500244140624,1029.449951171875,34578943,-0.02900737107498974,,,,,1029.050048828125,-0.029007371074989758
2024-01-25,985.3555297851562,1009.9500122070312,1015.0999755859376,988.1500244140624,998.4000244140624,28315035,0.010758606754072586,,,,,1029.050048828125,-0.018560843219282423
2024-01-29,991.6484985351562,1016.4000244140624,1032.0,1010.0,1020.0,14078922,0.006386466784565004,,,,,1029.050048828125,-0.012292914643430972
2024-01-30,992.1362915039062,1016.9000244140624,1023.8499755859376,1008.0,1014.9500122070312,16085742,0.0004919322982979146,997.6850067138672,,,,1029.050048828125,-0.011807029626886444
2024-01-31,1003.1123657226562,1028.1500244140625,1039.0,1003.25,1016.7999877929688,25627447,0.011063034447739595,999.1225067138672,,,0.01408696754776971,1029.050048828125,-0.0008746167546344724
2024-02-01,1000.1853637695312,1025.1500244140625,1033.949951171875,1017.4000244140624,1033.949951171875,13058880,-0.002917862110356606,1001.2675079345703,,,0.013438332602435342,1029.050048828125,-0.0037899268539016355
2024-02-02,999.0633544921876,1024.0,1050.0,1021.6500244140624,1037.0999755859375,14774650,-0.0011218108439492447,1003.2650085449219,,,0.013459104965615974,1029.050048828125,-0.004907486116808371
2024-02-05,998.5755615234376,1023.5,1026.449951171875,1012.0999755859376,1022.5,12948430,-0.00048828125,1005.0825073242188,,,0.01346843810764214,1029.050048828125,-0.005393371133352898
2024-02-06,1001.4049072265624,1026.4000244140625,1034.9000244140625,1016.7000122070312,1023.5499877929688,12886927,0.0028334386068027406,1006.7175079345703,,,0.013424790259229477,1029.050048828125,-0.0025752143125403176
2024-02-07,997.2584228515624,1022.1500244140624,1031.550048828125,1013.0,1028.0,16410895,-0.004140685793948884,1008.7250091552735,,,0.013126565604307545,1029.050048828125,-0.006705236953168909
2024-02-08,965.2083740234376,989.2999877929688,1028.25,985.25,1024.0999755859375,20565502,-0.03213817525458129,1009.2025085449219,,,0.015185739196578823,1029.050048828125,-0.03862791812742572
2024-02-09,986.0872802734376,1010.7000122070312,1013.75,985.5,988.8499755859376,12799837,0.02163148153049499,1010.085009765625,,,0.015647987029127015,1029.050048828125,-0.01783201569446563
2024-02-12,971.8427734375,996.0999755859376,1012.2000122070312,985.25,1010.4000244140624,8050066,-0.01444546991664919,1010.3325073242188,,,0.0160172767511653,1029.050048828125,-0.0320198937648472
2024-02-13,994.9656372070312,1019.7999877929688,1027.050048828125,1000.2999877929688,1006.0,18706292,0.02379280472634293,1011.1475067138672,,,0.01665517855058075,1029.050048828125,-0.008988932118209562
2024-02-14,997.7951049804688,1022.7000122070312,1035.699951171875,1007.5499877929688,1009.5499877929688,17878720,0.002843718816214702,1011.7900085449219,,,0.01661400978262099,1029.050048828125,-0.00617077529739698
2024-02-15,991.8923950195312,1016.6500244140624,1026.6500244140625,1006.5999755859376,1022.8499755859376,10069878,-0.0059157013012181014,1012.1700103759765,,,0.016678644075330123,1029.050048828125,-0.012049972135158708
2024-02-16,998.3316650390624,1023.25,1026.199951171875,1016.9000244140624,1023.2000122070312,7159395,0.006491885533314701,1014.2450103759766,,,0.015398533910282524,1029.050048828125,-0.005636313641625162
2024-02-19,1018.33251953125,1043.75,1046.0,1023.3499755859376,1023.3499755859376,9388255,0.020034204739799666,1017.1150115966797,,,0.01590388312732325,1043.75,0.0
2024-02-20,1023.210693359375,1048.75,1052.6500244140625,1033.25,1041.050048828125,11293528,0.004790419161676551,1019.5925109863281,,,0.015734996070503035,1048.75,0.0
2024-02-21,1026.3326416015625,1051.949951171875,1064.0,1048.0,1056.800048828125,15946325,0.003051204931465934,1020.7375061035157,,,0.014366262994919943,1051.949951171875,0.0
2024-02-22,1036.8209228515625,1062.699951171875,1066.0,1040.300048828125,1056.0,13432573,0.010219117352517015,1023.9125030517578,,,0.012593541029601389,1062.699951171875,0.0
2024-02-23,1035.455078125,1061.300048828125,1070.0,1057.6500244140625,1070.0,13142759,-0.0013173072438803501,1026.4800048828124,,,0.012499239677111917,1062.699951171875,-0.0013173072438803452
2024-02-26,1028.5279541015625,1054.199951171875,1062.300048828125,1050.5,1053.0999755859375,7875941,-0.0066900003105528905,1028.3700012207032,,,0.012629720858809668,1062.699951171875,-0.007998494768562625
2024-02-27,1034.3818359375,1060.199951171875,1066.199951171875,1046.5,1050.75,10580973,0.005691519899360786,1030.5349975585937,,,0.012652632310212476,1062.699951171875,-0.0023524984613419488
2024-02-28,1020.72265625,1046.199951171875,1064.8499755859375,1042.1500244140625,1063.0,7730332,-0.013205056258043912,1031.4374938964843,,,0.01291517018976349,1062.699951171875,-0.015526489844856863
2024-02-29,1026.57666015625,1052.199951171875,1060.699951171875,1038.5,1043.050048828125,20944844,0.0057350413687931034,1032.789990234375,,,0.012923711187843917,1062.699951171875,-0.009880493537636184
2024-03-01,1060.431640625,1086.9000244140625,1089.949951171875,1054.0,1055.0,14909562,0.03297859233270328,1035.934991455078,,,0.01470287387064037,1086.9000244140625,0.0
2024-03-04,1065.7489013671875,1092.3499755859375,1095.0,1080.0999755859375,1081.0,11424581,0.005014215704717717,1039.377490234375,,,0.01468390836968972,1092.3499755859375,0.0
2024-03-05,1061.5537109375,1088.050048828125,1099.5,1076.5,1086.199951171875,9222544,-0.00393640028737674,1042.4599914550781,,,0.014774501847384268,1092.3499755859375,-0.003936400287376777
2024-03-06,1070.3831787109375,1097.0999755859375,1113.550048828125,1080.300048828125,1080.300048828125,21796484,0.008317564773384856,1046.2074890136719,,,0.014719042727515888,1097.0999755859375,0.0
2024-03-07,1061.4559326171875,1087.949951171875,1095.0,1082.699951171875,1094.949951171875,9963926,-0.008340191976739075,1051.1399871826172,,,0.012462875924296115,1097.0999755859375,-0.008340191976739101
2024-03-11,1052.4312744140625,1078.699951171875,1087.949951171875,1076.75,1087.949951171875,13310362,-0.008502229344315326,1054.5399841308595,,,0.012143063008970549,1097.0999755859375,-0.016771511096092626
2024-03-12,1050.6263427734375,1076.8499755859375,1094.800048828125,1055.6500244140625,1077.050048828125,21785435,-0.001715004792507635,1058.5774841308594,,,0.011477660251993472,1097.0999755859375,-0.01845775266669285
2024-03-13,1057.553466796875,1083.949951171875,1089.6500244140625,1073.1500244140625,1077.1500244140625,24855870,0.006593282023407365,1061.7849822998046,1027.0929968261719,,0.010518249558791113,1097.0999755859375,-0.011986167812135221
2024-03-14,1057.2120361328125,1083.5999755859375,1097.0999755859375,1075.050048828125,1080.0,14231421,-0.0003228706136838566,1064.82998046875,1028.7769958496094,,0.010546216274970821,1097.0999755859375,-0.012305168444461901
2024-03-15,1054.041015625,1080.3499755859375,1086.25,1070.0,1072.0,66192734,-0.0029992617877668826,1068.0149780273437,1030.738995361328,,0.010436794059696898,1097.0999755859375,-0.015267523810721247
2024-03-18,1054.8704833984375,1081.199951171875,1084.800048828125,1060.050048828125,1075.050048828125,8769440,0.0007867594808586009,1070.9124755859375,1032.6819946289063,,0.01041699527856197,1097.0999755859375,-0.014492776198970051
2024-03-19,1057.553466796875,1083.949951171875,1088.75,1075.25,1078.449951171875,16708715,0.0025434703331417285,1072.9224731445313,1034.6179931640625,,0.009596695855164697,1097.0999755859375,-0.011986167812135221
2024-03-20,1058.090087890625,1084.5,1090.0,1067.5,1080.0,18725251,0.0005074485473524071,1074.7099731445312,1036.4339929199218,,0.009577383150129418,1097.0999755859375,-0.011484801628227294
2024-03-21,1055.4559326171875,1081.800048828125,1100.0,1079.1500244140625,1092.0,19992607,-0.0024895815323882076,1076.2024780273437,1038.4299938964843,,0.009616920473796958,1097.0999755859375,-0.013945790810578715
2024-03-22,1063.7489013671875,1090.300048828125,1093.699951171875,1078.699951171875,1081.1500244140625,17214415,0.007857274557537375,1077.5824829101562,1040.6409948730468,,0.009517474086952723,1097.0999755859375,-0.006198092160361963
2024-03-26,1057.3094482421875,1083.699951171875,1089.1500244140625,1076.949951171875,1081.0,13367635,-0.006053469100862574,1078.7024780273437,1042.453994140625,,0.00964475817526362,1097.0999755859375,-0.012214041301847478
2024-03-27,1057.3582763671875,1083.75,1092.5,1079.550048828125,1083.699951171875,26907245,4.618328908367886e-05,1080.17998046875,1044.3059936523437,,0.009474946605833838,1097.0999755859375,-0.012168422097364066
2024-03-28,1066.67578125,1093.300048828125,1105.050048828125,1085.0,1085.0,22070566,0.00881204044117645,1081.8349853515624,1046.1019946289061,,0.009574070433608646,1097.0999755859375,-0.0034636102838148737
2024-04-01,1072.8712158203125,1099.6500244140625,1102.949951171875,1094.449951171875,1096.050048828125,10848191,0.0058080813155947375,1084.5074890136718,1047.8979956054689,,0.00895234344971481,1099.6500244140625,0.0
2024-04-02,1054.8704833984375,1081.199951171875,1094.449951171875,1079.25,1094.449951171875,14380396,-0.016778131980689448,1085.9574890136719,1049.3409948730468,,0.009894246900602104,1099.6500244140625,-0.016778131980689434
2024-04-03,1050.9677734375,1077.199951171875,1083.6500244140625,1072.25,1075.0,15477184,-0.0036995932118425445,1085.4724853515625,1051.2499938964843,,0.006577588934318614,1099.6500244140625,-0.02041565292934886
2024-04-04,1052.5775146484375,1078.8499755859375,1085.800048828125,1063.449951171875,1084.75,21419689,0.0015317717126401842,1084.7974853515625,1053.0999938964844,,0.0064711863729029736,1099.6500244140625,-0.0189151533363609
2024-04-05,1057.016845703125,1083.4000244140625,1086.0,1067.449951171875,1070.0,15340637,0.004217499125078739,1084.5649841308593,1054.783994140625,,0.006506790088067994,1099.6500244140625,-0.014777428853928912
2024-04-08,1060.6756591796875,1087.1500244140625,1091.75,1076.300048828125,1078.3499755859375,8023461,0.003461325378895097,1084.0674865722656,1055.9459936523438,,0.006258316778473319,1099.6500244140625,-0.011367252964560702
2024-04-09,1080.0909423828125,1107.050048828125,1115.25,1088.300048828125,1091.949951171875,12298463,0.01830476380183854,1085.0224914550781,1058.1029943847657,,0.007245495290578,1107.050048828125,0.0
2024-04-10,1082.3836669921875,1109.4000244140625,1116.550048828125,1105.1500244140625,1110.949951171875,10598000,0.002122736536098957,1086.5574951171875,1060.0919946289061,,0.006901530697119869,1109.4000244140625,0.0
2024-04-12,1077.5054931640625,1104.4000244140625,1111.8499755859375,1095.800048828125,1103.5,12216657,-0.004506940589478314,1087.9349975585938,1061.8519946289061,,0.006996012517188684,1109.4000244140625,-0.00450694058947834
2024-04-15,1052.0897216796875,1078.3499755859375,1106.1500244140625,1076.5999755859375,1100.199951171875,10526597,-0.02358751199950926,1087.6549987792969,1063.0809936523438,,0.008810844834216219,1109.4000244140625,-0.027988145073752187
2024-04-16,1041.06494140625,1067.050048828125,1074.5999755859375,1062.699951171875,1070.550048828125,11278092,-0.010478904820925616,1086.8275024414063,1063.858994140625,,0.009104733997257778,1109.4000244140625,-0.0381737647863357
2024-04-18,1029.7474365234375,1055.449951171875,1078.050048828125,1050.449951171875,1074.0,16564216,-0.010871184223260832,1085.582501220703,1064.4649926757813,,0.009374174612288132,1109.4000244140625,-0.04862995498010883
2024-04-19,1041.2601318359375,1067.25,1072.0,1048.0999755859375,1052.949951171875,11284433,0.01118011215503234,1084.8850036621093,1065.3299926757813,,0.009765547225077756,1109.4000244140625,-0.03799353117584826
2024-04-22,1060.187744140625,1086.6500244140625,1088.699951171875,1070.3499755859375,1078.800048828125,10346714,0.018177582023014782,1085.0200073242188,1066.5929931640626,,0.010619150445944428,1109.4000244140625,-0.02050657968212645
2024-04-23,1063.699951171875,1090.25,1100.0,1082.699951171875,1100.0,9848215,0.0033129117057524304,1085.3075073242187,1067.8699926757813,,0.010642234506017216,1109.4000244140625,-0.01726160446424789
2024-04-24,1070.0418701171875,1096.75,1098.4000244140625,1089.0,1092.25,5461309,0.005961935335932145,1086.0550048828125,1069.3619921875,,0.010692545729466018,1109.4000244140625,-0.011402581697926049
2024-04-25,1086.627685546875,1113.75,1125.6500244140625,1089.949951171875,1090.0,19905338,0.015500341919306937,1087.2275024414062,1071.8509924316406,,0.011089486002926127,1113.75,0.0
2024-04-26,1080.9202880859375,1107.9000244140625,1120.0,1102.75,1112.1500244140625,14190059,-0.0052525033319303915,1088.4375061035157,1073.7949926757813,,0.011063620871529347,1113.75,-0.005252503331930415
2024-04-29,1131.89794921875,1160.1500244140625,1163.449951171875,1107.9000244140625,1108.0,28578063,0.047161295106599166,1092.2575073242188,1077.0759936523436,,0.015094897650633128,1160.1500244140625,0.0
2024-04-30,1122.38525390625,1150.4000244140625,1169.550048828125,1146.75,1159.949951171875,29568491,-0.008404085501721448,1095.1125061035157,1079.6879943847657,,0.015267065725215984,1160.1500244140625,-0.008404085501721443
2024-05-02,1111.7017822265625,1139.449951171875,1155.5,1133.25,1143.0,25118334,-0.009518491837450016,1097.1025024414062,1082.0229931640624,,0.015483749834704623,1160.1500244140625,-0.017842583119922047
2024-05-03,1114.2386474609375,1142.050048828125,1157.4000244140625,1135.449951171875,1141.300048828125,19933604,0.0022818884265833894,1100.1450073242188,1084.5309936523438,,0.014847660287794485,1160.1500244140625,-0.015601409477260452
2024-05-06,1118.3851318359375,1146.300048828125,1158.449951171875,1138.0999755859375,1141.550048828125,14970524,0.0037213780642635363,1103.6000122070313,1086.9919946289062,,0.014768019949186143,1160.1500244140625,-0.01193809015599726
2024-05-07,1104.3358154296875,1131.9000244140625,1152.75,1126.300048828125,1147.949951171875,15097728,-0.012562177266575048,1106.2525146484375,1088.7549951171875,,0.015183041756222088,1160.1500244140625,-0.02435029901780828
2024-05-08,1095.6524658203125,1123.0,1132.0,1116.050048828125,1126.550048828125,19913090,-0.007862906813408399,1108.2325134277344,1090.2399951171874,,0.015350950176710346,1160.1500244140625,-0.032021741699161055
2024-05-09,1088.5302734375,1115.699951171875,1128.8499755859375,1110.0,1120.550048828125,12229853,-0.006500488716050801,1109.660009765625,1091.5149951171875,,0.015459099458774698,1160.1500244140625,-0.03831407344462812
2024-05-10,1089.847412109375,1117.050048828125,1128.9000244140625,1112.050048828125,1118.0,8573656,0.0012100902709837325,1110.160009765625,1092.6019970703126,,0.014939619306632169,1160.1500244140625,-0.037150346661161585
2024-05-13,1100.53076171875,1128.0,1130.6500244140625,1106.699951171875,1112.4000244140625,9707983,0.009802560935709526,1111.0900085449218,1093.93599609375,,0.015080092029624523,1160.1500244140625,-0.027711954262380826
2024-05-14,1093.2623291015625,1120.550048828125,1127.9000244140625,1118.550048828125,1125.9000244140625,8944262,-0.006604566641733145,1111.897509765625,1095.262998046875,,0.015127177175359803,1160.1500244140625,-0.03413349545541543
2024-05-15,1096.9696044921875,1124.3499755859375,1127.800048828125,1113.5,1122.0999755859375,10743423,0.0033911263149615234,1114.197509765625,1096.5459985351563,,0.013995429569506461,1160.1500244140625,-0.03085812013511436
2024-05-16,1103.5064697265625,1131.050048828125,1136.550048828125,1112.800048828125,1133.0,14265565,0.0059590638036843835,1117.397509765625,1098.2430004882813,,0.013692134829104394,1160.1500244140625,-0.025082941838176952
2024-05-17,1102.9698486328125,1130.5,1144.0,1120.5999755859375,1131.050048828125,8641784,-0.00048631696598655516,1121.1500122070313,1099.8090014648437,,0.013330380493958361,1160.1500244140625,-0.025557060543990713
2024-05-21,1093.6524658203125,1120.949951171875,1133.800048828125,1116.25,1122.199951171875,10452900,-0.008447632753759371,1123.835009765625,1100.49,,0.013458906802226294,1160.1500244140625,-0.03378879663600889
2024-05-22,1084.042236328125,1111.0999755859375,1125.9000244140625,1098.0999755859375,1125.0,17527411,-0.008787168040499949,1125.0575073242187,1100.865,,0.013157402793970813,1160.1500244140625,-0.042279056842581965
2024-05-23,1106.87255859375,1134.5,1137.0,1111.4000244140625,1115.550048828125,13787687,0.021060233037735854,1127.2700073242188,1101.7939990234374,,0.013886122233638422,1160.1500244140625,-0.022109230594566532
2024-05-24,1104.384521484375,1131.949951171875,1135.0,1124.1500244140625,1130.0,6312670,-0.002247729244711283,1129.0300048828126,1102.4909985351562,,0.013886708272886947,1160.1500244140625,-0.024307264275092385
2024-05-27,1102.2869873046875,1129.800048828125,1147.800048828125,1121.550048828125,1131.9000244140625,11599857,-0.0018992909903166044,1129.8325073242188,1103.3280004882813,,0.013514750206991957,1160.1500244140625,-0.026160388697372007
2024-05-28,1099.5062255859375,1126.949951171875,1135.199951171875,1125.0,1132.5,9311718,-0.0025226566941700668,1130.7850036621094,1104.2930004882812,,0.013464088180563044,1160.1500244140625,-0.02861705171187261
2024-05-29,1075.1639404296875,1102.0,1123.550048828125,1098.5,1115.050048828125,19268547,-0.022139360444472622,1127.8775024414062,1104.7960009765625,,0.009176870907573678,1160.1500244140625,-0.050122848933638005
2024-05-30,1086.5789794921875,1113.699951171875,1121.0,1096.9000244140625,1097.0,15255387,0.01061701558246364,1126.042498779297,1105.3910009765625,,0.009515224849063376,1160.1500244140625,-0.04003798841934021
2024-05-31,1093.7501220703125,1121.050048828125,1130.5999755859375,1111.25,1118.0,26197718,0.00659971085436073,1125.1225036621095,1106.1400024414063,,0.009489730442249817,1160.1500244140625,-0.03370251671173741
2024-06-03,1131.75146484375,1160.0,1173.0,1136.300048828125,1170.0,25699977,0.034744167945571114,1126.020001220703,1107.7330029296875,,0.012376447792959273,1160.1500244140625,-0.00012931466698737546
2024-06-04,1045.35791015625,1071.449951171875,1159.4000244140625,1053.550048828125,1157.9000244140625,43476837,-0.07633624898976288,1122.2774963378906,1107.5380029296875,,0.02120045239790132,1160.1500244140625,-0.07645569226013313
2024-06-05,1081.652099609375,1108.6500244140625,1123.25,1051.050048828125,1085.0,42172104,0.034719375554127074,1121.1149963378907,1108.0320043945312,,0.022680280297889363,1160.1500244140625,-0.04439081059883634
2024-06-06,1083.359375,1110.4000244140625,1118.0,1096.5999755859375,1118.0,18574162,0.0015784963346976433,1120.4849975585937,1108.5500048828126,,0.022623426153967865,1160.1500244140625,-0.04288238499596326
2024-06-07,1094.3841552734375,1121.699951171875,1128.300048828125,1103.5999755859375,1110.4000244140625,17197635,0.010176446784369686,1120.7849975585937,1109.3480029296875,,0.022690660809476678,1160.1500244140625,-0.03314232852049185
2024-06-10,1096.4329833984375,1123.800048828125,1133.199951171875,1115.0999755859375,1116.0,10851455,0.0018722454735384808,1121.1224975585938,1110.0180029296876,,0.022692204703773318,1160.1500244140625,-0.03133213362150828
2024-06-11,1090.9693603515625,1118.199951171875,1129.050048828125,1111.0,1119.75,12250002,-0.0049831797587922555,1120.6324951171875,1110.7080029296876,,0.02261570875557645,1160.1500244140625,-0.03615917972623801
2024-06-12,1092.28662109375,1119.550048828125,1133.4000244140625,1112.0,1121.0,16096514,0.001207384828478153,1120.5824951171876,1111.42400390625,,0.022566440233253614,1160.1500244140625,-0.034995452942771475
2024-06-13,1080.3836669921875,1107.3499755859375,1123.199951171875,1105.0,1122.199951171875,12494254,-0.010897300442224811,1119.7324951171875,1111.7050024414064,,0.02268608110573072,1160.1500244140625,-0.04551139742016713
2024-06-14,1078.7249755859375,1105.6500244140625,1114.0,1099.449951171875,1114.0,11377979,-0.0015351525799018884,1118.4624938964844,1111.8250024414062,,0.022635430633612123,1160.1500244140625,-0.046976683060904474
2024-06-18,1095.5062255859375,1122.8499755859375,1135.050048828125,1101.199951171875,1113.949951171875,18306176,0.01555641549502984,1118.0799926757813,1112.6580029296874,,0.022932619353742027,1160.1500244140625,-0.03215105636614843
2024-06-19,1116.580078125,1144.449951171875,1165.550048828125,1126.1500244140625,1127.949951171875,34309514,0.019236742267965123,1119.2549926757813,1114.0030029296875,,0.023234696618718978,1160.1500244140625,-0.013532795683141818
2024-06-20,1128.62939453125,1156.800048828125,1160.0,1135.5,1154.050048828125,15475933,0.01079129554211078,1121.5399963378907,1115.5620043945312,,0.02319970495254,1160.1500244140625,-0.0028875365387587833
2024-06-21,1130.4344482421875,1158.6500244140625,1169.9000244140625,1150.6500244140625,1163.550048828125,69259425,0.0015992181084463208,1122.7474975585938,1117.0670043945313,,0.022774786312178785,1160.1500244140625,-0.0012929362310340681
2024-06-24,1141.60546875,1170.0999755859375,1175.6500244140625,1152.6500244140625,1154.6500244140625,12210295,0.00988214812981636,1124.6549987792969,1118.7260034179687,,0.022836570653930174,1170.0999755859375,0.0
2024-06-25,1168.77734375,1197.949951171875,1206.0,1167.6500244140625,1170.25,27309845,0.023801364128728686,1128.0624938964843,1120.5440014648439,,0.02332853657654811,1197.949951171875,0.0
2024-06-26,1188.339111328125,1218.0,1222.8499755859375,1193.8499755859375,1202.0,25403461,0.01673696702313099,1132.6149963378907,1122.7160009765626,,0.02347698443219812,1218.0,0.0
2024-06-27,1190.19287109375,1219.9000244140625,1235.0,1209.0999755859375,1228.3499755859375,20516632,0.0015599543629412072,1138.5099975585938,1125.0260009765625,,0.02266363002700637,1219.9000244140625,0.0
2024-06-28,1170.3870849609375,1199.5999755859375,1227.0,1196.3499755859375,1227.0,12507092,-0.01664074794807502,1142.804998779297,1127.4510009765625,,0.023144472856773783,1219.9000244140625,-0.01664074794807504
2024-07-01,1182.3387451171875,1211.8499755859375,1215.3499755859375,1192.050048828125,1199.5999755859375,8636894,0.010211737453576175,1147.3449951171874,1130.3469995117186,,0.023180027871099098,1219.9000244140625,-0.006598941443575729
2024-07-02,1161.6063232421875,1190.5999755859375,1217.0,1185.550048828125,1217.0,16153925,-0.01753517384833503,1148.8749938964843,1133.05,,0.022487444563403177,1219.9000244140625,-0.024018401706482694
2024-07-03,1172.3382568359375,1201.5999755859375,1215.8499755859375,1179.449951171875,1196.8499755859375,22330897,0.009239039329382193,1155.3824951171875,1135.7369995117188,,0.013047883737939909,1219.9000244140625,-0.01500126933509556
2024-07-04,1202.9737548828125,1233.0,1234.949951171875,1214.300048828125,1229.0,15275791,0.026131845083261496,1161.5999938964844,1138.6639990234376,,0.012158082056450087,1233.0,0.0
2024-07-05,1203.364013671875,1233.4000244140625,1242.5999755859375,1220.8499755859375,1225.0,9535575,0.0003244318037813887,1167.7499938964843,1141.5269995117187,,0.012182035541919942,1233.4000244140625,0.0
2024-07-08,1204.9739990234375,1235.050048828125,1239.5,1216.9000244140625,1228.9000244140625,6617190,0.0013377852938234458,1173.417498779297,1144.2930004882812,,0.012157521752265404,1235.050048828125,0.0
2024-07-09,1217.8524169921875,1248.25,1250.199951171875,1229.300048828125,1234.949951171875,13366874,0.010687786445901404,1179.6399963378906,1146.9830004882813,,0.012201892944135328,1248.25,0.0
2024-07-10,1212.9254150390625,1243.199951171875,1252.75,1236.3499755859375,1252.75,18226503,-0.0040457030467654365,1185.8899963378906,1149.6889990234374,,0.012161901843206613,1248.25,-0.004045703046765472
2024-07-11,1208.291015625,1238.449951171875,1257.800048828125,1225.050048828125,1246.3499755859375,11307116,-0.003820785220850831,1191.8349914550781,1151.2549975585937,,0.01230389334768224,1248.25,-0.00785103050520729
2024-07-12,1202.876220703125,1232.9000244140625,1252.9000244140625,1230.0999755859375,1235.9000244140625,12208290,-0.004481349248357525,1198.1124938964845,1152.9049975585938,,0.011942320725996412,1248.25,-0.012297196543911476
2024-07-15,1199.9979248046875,1229.949951171875,1238.449951171875,1224.050048828125,1233.0999755859375,15612671,-0.0023927919407654707,1204.327490234375,1154.7149975585937,,0.011970237119395597,1248.25,-0.01466056385189265
2024-07-16,1209.7056884765625,1239.9000244140625,1245.0,1229.0,1230.0,12320605,0.008089819616405647,1210.1799926757812,1156.6719970703125,,0.011751538176800462,1248.25,-0.006689345552523533
2024-07-18,1219.8525390625,1250.300048828125,1256.449951171875,1231.699951171875,1234.9000244140625,10999632,0.00838779273270629,1215.4724975585937,1158.7519970703124,,0.011303366586878437,1250.300048828125,0.0
2024-07-19,1218.2427978515625,1248.6500244140625,1250.5,1240.25,1244.0,7958817,-0.001319702751038876,1220.0649963378905,1161.0869970703125,,0.011272571770962707,1250.300048828125,-0.001319702751038862
2024-07-22,1210.92529296875,1241.1500244140625,1245.300048828125,1232.9000244140625,1240.0,9958965,-0.006006486888525453,1224.1899963378905,1163.4499975585939,,0.011480215893964283,1250.300048828125,-0.007318262862293407
2024-07-23,1196.8759765625,1226.75,1248.6500244140625,1212.5,1241.1500244140625,19369832,-0.01160216261596625,1227.0224975585938,1165.6709985351563,,0.01185148074579675,1250.300048828125,-0.018835517802464993
2024-07-24,1193.21728515625,1223.0,1233.6500244140625,1202.050048828125,1225.0,20122521,-0.0030568575504381634,1228.275,1167.7899975585938,,0.010775624027197001,1250.300048828125,-0.021834797858092267
2024-07-25,1168.7286376953125,1197.9000244140625,1218.25,1190.5999755859375,1205.5,14154461,-0.020523283389973446,1227.270001220703,1169.187998046875,,0.011142799498395526,1250.300048828125,-0.04190995950386128
2024-07-26,1177.802001953125,1207.199951171875,1220.0,1185.949951171875,1190.0,19309265,0.007763524975601843,1226.6349975585938,1170.92099609375,,0.011296435877964996,1250.300048828125,-0.03447180354559423
2024-07-29,1183.1680908203125,1212.699951171875,1242.75,1204.1500244140625,1215.1500244140625,28458261,0.0045559975335163205,1227.2899963378907,1172.6879956054688,,0.010676011067727089,1250.300048828125,-0.030072859464007565
2024-07-30,1179.9971923828125,1209.449951171875,1230.8499755859375,1204.4000244140625,1213.0,23972277,-0.002679970422081235,1227.1699951171875,1174.2559936523437,,0.010451793172827113,1250.300048828125,-0.032672235512217866
2024-07-31,1185.3145751953125,1214.9000244140625,1224.6500244140625,1211.0,1219.0,22297629,0.004506241235453068,1228.3849975585938,1175.943994140625,,0.009641407342064283,1250.300048828125,-0.028313223251684314
2024-08-01,1180.63134765625,1210.0999755859375,1222.6500244140625,1206.9000244140625,1212.5,8725046,-0.003950982576068407,1228.8099975585938,1177.7269946289061,,0.009502227255798235,1250.300048828125,-0.03215234077601294
2024-08-02,1167.4114990234375,1196.550048828125,1201.6500244140625,1190.0999755859375,1197.0,10735395,-0.011197361400864025,1226.9875,1179.43599609375,,0.007670509211930433,1250.300048828125,-0.04298968079732424
2024-08-05,1144.044677734375,1172.5999755859375,1188.9000244140625,1167.0,1182.0,14306771,-0.020015939379755765,1223.9474975585938,1180.1979956054688,,0.008699346415700183,1250.300048828125,-0.062145141332285665
2024-08-06,1138.4345703125,1166.8499755859375,1187.699951171875,1161.5,1175.0,13575619,-0.004903633054509249,1220.5374938964844,1180.89599609375,,0.00866676062188206,1250.300048828125,-0.06674403741758082
2024-08-07,1143.8983154296875,1172.449951171875,1179.800048828125,1161.5999755859375,1178.949951171875,15753644,0.004799225010160724,1216.747491455078,1181.748994140625,,0.008275622700719125,1250.300048828125,-0.06226513206107362
2024-08-08,1136.239501953125,1164.5999755859375,1174.4000244140625,1158.9000244140625,1166.949951171875,10806438,-0.006695360921881055,1212.8174926757813,1182.5019946289062,,0.008312773621417803,1250.300048828125,-0.06854360545095718
2024-08-09,1143.0689697265625,1171.5999755859375,1180.949951171875,1169.0,1176.550048828125,8687307,0.006010647558599036,1209.4749938964844,1183.893994140625,,0.008562754709403627,1250.300048828125,-0.06294494934711961
2024-08-12,1154.09033203125,1172.800048828125,1178.25,1156.0,1171.0,10860455,0.001024302891084794,1206.4699951171874,1185.07599609375,,0.008592127865435638,1250.300048828125,-0.06198512114963029
2024-08-13,1149.7113037109375,1168.3499755859375,1189.25,1163.5999755859375,1183.199951171875,13117927,-0.0037944006283373577,1203.3899963378906,1186.0219946289062,,0.008597262318599775,1250.300048828125,-0.06554432539532991
2024-08-14,1143.1181640625,1161.6500244140625,1170.050048828125,1153.0,1167.0,13431801,-0.005734541286325556,1199.4774963378907,1186.0549951171874,,0.008247061554568462,1250.300048828125,-0.07090300004159159
2024-08-16,1168.309814453125,1187.25,1193.0,1165.6500244140625,1170.0,10961370,0.022037597424275912,1196.3249938964843,1188.37099609375,,0.009695905147349143,1250.300048828125,-0.05042793438840559
2024-08-19,1157.140869140625,1175.9000244140625,1195.75,1173.300048828125,1191.0,6686394,-0.009559886785375893,1192.6874938964843,1189.71599609375,,0.009815694996896674,1250.300048828125,-0.05950573583020794
2024-08-20,1160.6341552734375,1179.449951171875,1189.800048828125,1170.0,1174.199951171875,10427061,0.0030189018488893105,1189.602490234375,1191.0969946289063,,0.009875123846620332,1250.300048828125,-0.05666647595723605
2024-08-21,1156.1075439453125,1174.8499755859375,1178.6500244140625,1165.0999755859375,1177.0,17234142,-0.0039001024005869134,1187.0074890136718,1192.1599951171875,,0.009649070310164216,1250.300048828125,-0.06034557329890931
2024-08-22,1172.098388671875,1191.0999755859375,1192.5999755859375,1176.5999755859375,1182.0,8564142,0.013831553251635764,1185.4124877929687,1193.5059936523437,,0.010280600503022028,1250.300048828125,-0.04734869305785779
2024-08-23,1184.300537109375,1203.5,1205.0,1188.550048828125,1193.0,7518309,0.01041056558494402,1185.6924865722656,1195.2119946289063,,0.009531247328225884,1250.300048828125,-0.037431054147354086
2024-08-26,1193.9443359375,1213.300048828125,1214.949951171875,1201.050048828125,1205.550048828125,10920226,0.008142957065330192,1185.997491455078,1197.0869946289063,,0.0095472988182032,1250.300048828125,-0.029592896548855753
2024-08-27,1206.7860107421875,1226.3499755859375,1232.5,1208.9000244140625,1213.300048828125,16295325,0.010755729195277786,1186.6799926757812,1199.4669946289061,,0.009790469853398327,1250.300048828125,-0.019155460534961432
2024-08-28,1204.3258056640625,1223.8499755859375,1226.4000244140625,1217.300048828125,1222.6500244140625,12291305,-0.0020385697800544555,1187.3999938964844,1201.8309936523438,,0.009780187287914277,1250.300048828125,-0.02115498057204628
2024-08-29,1202.4071044921875,1221.9000244140625,1235.0,1217.0,1218.949951171875,10806748,-0.0015932926508752665,1187.7499938964843,1203.8119946289062,,0.009748242489511023,1250.300048828125,-0.022714567147846736
2024-08-30,1209.590576171875,1229.199951171875,1235.550048828125,1218.9000244140625,1230.0,21211148,0.005974242255468498,1188.7049926757813,1205.5069946289063,,0.009771318127457511,1250.300048828125,-0.016876027219247566
2024-09-02,1210.3284912109375,1229.949951171875,1239.199951171875,1222.5,1239.0,12516759,0.0006101529692423835,1190.3749877929688,1206.9699926757812,,0.009354275280277321,1250.300048828125,-0.016276171208122112
2024-09-03,1227.79541015625,1247.699951171875,1250.949951171875,1220.4000244140625,1227.199951171875,19114907,0.01443148152742979,1194.1299865722656,1208.7509912109374,,0.008313220773332531,1250.300048828125,-0.0020795789448196907
2024-09-04,1216.62646484375,1236.3499755859375,1243.699951171875,1232.800048828125,1239.8499755859375,13505843,-0.009096718786658076,1197.6049865722657,1210.0759912109374,,0.008575524745020534,1250.300048828125,-0.01115738038662204
2024-09-05,1216.23291015625,1235.949951171875,1244.8499755859375,1231.300048828125,1238.0,9142811,-0.0003235527334183308,1200.7799865722657,1210.8359912109374,,0.00859329602259369,1250.300048828125,-0.011477323119118477
2024-09-06,1188.8763427734375,1208.1500244140625,1233.9000244140625,1205.0,1225.949951171875,10170479,-0.022492760917587118,1202.9574890136719,1210.6389916992186,,0.010094821808015936,1250.300048828125,-0.0337119273518134
2024-09-09,1215.298095703125,1235.0,1238.300048828125,1200.449951171875,1202.9000244140625,13863250,0.02222404092485064,1206.127490234375,1210.9409912109375,,0.011049391116546724,1250.300048828125,-0.012237101680084995
2024-09-10,1217.5614013671875,1237.300048828125,1241.3499755859375,1227.0,1236.949951171875,15545130,0.0018623877150809598,1209.352490234375,1211.6949926757814,,0.011044304106051771,1250.300048828125,-0.01039750419284121
2024-09-11,1216.62646484375,1236.3499755859375,1239.300048828125,1226.4000244140625,1231.5,11993242,-0.0007678600215746956,1212.752490234375,1212.1849926757814,,0.010970571781824564,1250.300048828125,-0.01115738038662204
2024-09-12,1232.1744384765625,1252.1500244140625,1257.0,1226.3499755859375,1238.0,15376442,0.012779592461784173,1217.277490234375,1213.4159936523438,,0.010985666113359764,1252.1500244140625,0.0
2024-09-13,1230.403076171875,1250.3499755859375,1255.949951171875,1242.050048828125,1252.0,9877288,-0.001437566420179781,1220.4324890136718,1214.3909936523437,,0.010159257460882915,1252.1500244140625,-0.0014375664201798216
2024-09-16,1242.7037353515625,1262.8499755859375,1265.5999755859375,1244.699951171875,1251.0,8973335,0.009997200978983711,1224.7799865722657,1214.9879931640626,,0.009859822014533679,1262.8499755859375,0.0
2024-09-17,1247.8699951171875,1268.0999755859375,1272.25,1258.4000244140625,1259.949951171875,11513121,0.004157263413307799,1229.2124877929687,1215.6819921875,,0.00985945865702881,1268.0999755859375,0.0
2024-09-18,1267.796875,1288.3499755859375,1295.3499755859375,1262.0,1262.0,12466597,0.015968772486288696,1234.8874877929688,1216.7479907226561,,0.010054934621726427,1288.3499755859375,0.0
2024-09-19,1271.388671875,1292.0,1300.0,1285.3499755859375,1288.3499755859375,13172268,0.00283310007624471,1239.9324890136718,1217.6229907226561,,0.009825636501360199,1292.0,0.0
2024-09-20,1317.09765625,1338.449951171875,1362.3499755859375,1291.550048828125,1295.0,73257767,0.03595197459123445,1246.6799865722655,1219.5279907226563,,0.012086120732582563,1338.449951171875,0.0
2024-09-23,1300.811767578125,1321.9000244140625,1331.800048828125,1308.5,1331.0,11380409,-0.012364994853429012,1252.1099853515625,1221.1969921875,,0.012695478734254736,1338.449951171875,-0.012364994853428977
2024-09-24,1297.5643310546875,1318.5999755859375,1331.4000244140625,1315.449951171875,1321.0,13886037,-0.002496443579073082,1256.7224853515625,1222.9109912109375,,0.012690565316155707,1338.449951171875,-0.014830569920494916
2024-09-25,1302.7305908203125,1323.8499755859375,1327.75,1310.0999755859375,1310.75,8728019,0.003981495599275409,1261.7224853515625,1224.7889916992187,,0.012618255535160808,1338.449951171875,-0.010908122170092759
2024-09-26,1307.8477783203125,1329.050048828125,1333.3499755859375,1316.9000244140625,1320.0,11100869,0.003927992852729378,1267.0799865722656,1226.5719921875,,0.012549425462027603,1338.449951171875,-0.007022976343284222
2024-09-27,1285.7557373046875,1306.5999755859375,1333.0,1303.8499755859375,1333.0,17117379,-0.01689181928248873,1270.9499877929688,1227.6979907226562,,0.013400275099615257,1338.449951171875,-0.023796164778556995
2024-09-30,1252.6917724609375,1273.0,1296.800048828125,1270.9000244140625,1292.0999755859375,12622212,-0.025715579529893784,1273.102490234375,1228.184990234375,,0.01487405669445514,1338.449951171875,-0.048899812140581374
2024-10-01,1254.0694580078125,1274.4000244140625,1280.25,1267.5999755859375,1269.800048828125,10972413,0.0010997835145816204,1274.4374938964843,1228.849990234375,,0.014575153478880219,1338.449951171875,-0.04785380783325803
2024-10-03,1236.307373046875,1256.3499755859375,1265.75,1248.1500244140625,1253.5999755859375,17648551,-0.014163565977977743,1275.4374938964843,1229.4419897460937,,0.014805036049803306,1338.449951171875,-0.06133959324669194
2024-10-04,1219.97216796875,1239.75,1264.4000244140625,1236.199951171875,1247.0999755859375,13488887,-0.01321285940105632,1275.6274963378905,1229.7769897460937,,0.015138185650142707,1338.449951171875,-0.07374198122646171
2024-10-07,1214.215576171875,1233.9000244140625,1262.949951171875,1225.0,1241.550048828125,20667247,-0.004718673592206124,1276.9149963378907,1230.4969897460937,,0.014226292212042335,1338.449951171875,-0.07811269047921754
2024-10-08,1216.8724365234375,1236.5999755859375,1247.800048828125,1229.75,1241.0,12219259,0.0021881441919551214,1276.9949951171875,1231.084990234375,,0.013342215612482165,1338.449951171875,-0.07609546811725244
2024-10-09,1224.3021240234375,1244.1500244140625,1265.0999755859375,1232.6500244140625,1243.050048828125,14765997,0.006105490034922223,1277.3374938964844,1231.7139916992187,,0.013404485136850677,1338.449951171875,-0.07045457820462285
2024-10-10,1223.662353515625,1243.5,1254.699951171875,1238.0,1246.75,9118195,-0.0005224646556339918,1277.6949951171875,1232.3949926757812,,0.013403509658766091,1338.449951171875,-0.07094023283331731
2024-10-11,1203.4893798828125,1223.0,1240.800048828125,1222.0,1237.0,8472512,-0.016485725774024962,1276.2374938964845,1232.5569921875,,0.013574196756134761,1338.449951171875,-0.08625645738250669
2024-10-14,1212.099853515625,1231.75,1237.9000244140625,1217.4000244140625,1221.0,11833929,0.007154538021259205,1275.3074951171875,1232.9899926757812,,0.01369801486909769,1338.449951171875,-0.07971904446516977
2024-10-15,1235.4710693359375,1255.5,1258.300048828125,1235.4000244140625,1238.949951171875,11657338,0.01928151004668166,1274.9399963378905,1234.1689916992189,,0.01422536744719238,1338.449951171875,-0.06197463797525524
2024-10-16,1223.3179931640625,1243.1500244140625,1254.949951171875,1241.5999755859375,1248.5,7869727,-0.00983669899317996,1273.6924987792968,1235.5799926757813,,0.014343636478987608,1338.449951171875,-0.07120171110946136
2024-10-17,1211.6077880859375,1231.25,1256.949951171875,1224.4000244140625,1249.449951171875,8459497,-0.00957247651559301,1270.8375,1236.8679931640625,,0.01389303369488521,1338.449951171875,-0.08009261091758901
2024-10-18,1244.327392578125,1264.5,1268.9000244140625,1225.25,1227.949951171875,11018126,0.02700507614213188,1269.4625,1238.708994140625,,0.01532866183018785,1338.449951171875,-0.05525044183170868
2024-10-21,1238.9644775390625,1259.050048828125,1272.3499755859375,1250.550048828125,1264.5,7742775,-0.004309965339561073,1265.4925048828125,1240.5979956054687,,0.012631879851082127,1338.449951171875,-0.059322279681979666
2024-10-22,1247.279541015625,1267.5,1284.9000244140625,1259.75,1266.5999755859375,20090801,0.006711370353974289,1262.7725036621093,1242.51599609375,,0.012605913140229201,1338.449951171875,-0.05300904311719316
2024-10-23,1231.6331787109375,1251.5999755859375,1267.949951171875,1243.050048828125,1261.0,14055447,-0.012544397959812659,1259.4225036621094,1244.0919946289061,1140.4129971313478,0.012824090300570938,1338.449951171875,-0.06488847454467485
2024-10-24,1232.764892578125,1252.75,1260.449951171875,1241.050048828125,1250.25,12223031,0.000918843429606353,1255.8675048828125,1245.7799951171876,1141.6797470092774,0.012760422702835152,1338.449951171875,-0.06402925346356113
2024-10-25,1235.4217529296875,1255.449951171875,1268.9000244140625,1234.199951171875,1247.25,13546055,0.002155219454699653,1252.1875,1247.6559936523438,1143.0457467651368,0.01271819932710799,1338.449951171875,-0.06201203110159603
2024-10-28,1272.2252197265625,1292.8499755859375,1307.800048828125,1280.5999755859375,1285.5,24096412,0.029790135703261056,1251.5,1249.7679931640625,1144.5897467041016,0.014188323846826643,1338.449951171875,-0.034069242220086456
2024-10-29,1310.60302734375,1331.8499755859375,1335.3499755859375,1299.25,1301.3499755859375,20656117,0.030165913088504137,1254.4424987792968,1252.8869921875,1146.313246459961,0.014447506520113533,1338.449951171875,-0.0049310589313847075
2024-10-30,1291.21728515625,1312.1500244140625,1330.9000244140625,1305.5999755859375,1324.0,15055031,-0.014791419103497905,1256.3299987792968,1255.5409936523438,1147.9054965209962,0.01494877142840536,1338.449951171875,-0.019649540675604413
2024-10-31,1271.634765625,1292.25,1318.949951171875,1288.550048828125,1307.25,23497314,-0.015165967338947262,1258.125,1257.888994140625,1149.4567465209961,0.015005856086244617,1338.449951171875,-0.03451750372244013
2024-11-01,1271.1920166015625,1291.800048828125,1296.199951171875,1286.25,1289.949951171875,1007022,-0.0003481920463339616,1260.7275024414062,1259.9029956054687,1151.0169967651368,0.0146118286999443,1338.449951171875,-0.034853677048518585
2024-11-04,1256.8248291015625,1277.199951171875,1291.800048828125,1270.050048828125,1290.0999755859375,14309121,-0.011302134312113354,1262.8924987792968,1261.3769946289062,1152.4377465820312,0.014847183034179817,1338.449951171875,-0.04576189042135852
2024-11-05,1276.013671875,1296.699951171875,1301.300048828125,1263.0999755859375,1273.0,16431920,0.015267773837689402,1265.8974975585938,1263.0449926757813,1153.9654962158204,0.015148795135974379,1338.449951171875,-0.031192798777007643
2024-11-06,1281.5736083984375,1302.3499755859375,1315.0,1292.699951171875,1300.25,12037405,0.004357233459410859,1268.8074951171875,1264.5649926757812,1155.45974609375,0.01513183165655854,1338.449951171875,-0.026971479624120647
2024-11-07,1258.3009033203125,1278.699951171875,1302.800048828125,1275.25,1297.1500244140625,9909035,-0.018159500024885533,1270.5674926757813,1265.6619921875,1156.8039959716798,0.015809634908669545,1338.449951171875,-0.044641191064100756
2024-11-08,1238.7674560546875,1258.8499755859375,1275.0,1252.699951171875,1270.0,11195808,-0.015523560134451997,1272.3599914550782,1266.4009912109375,1158.0529959106445,0.015753341384477617,1338.449951171875,-0.059471760984595674
2024-11-11,1249.0509033203125,1269.300048828125,1275.9000244140625,1246.6500244140625,1262.0,8387780,0.008301285653458113,1274.2374938964845,1267.2029931640625,1159.4907461547853,0.01577683468930233,1338.449951171875,-0.05166416740738498
2024-11-12,1250.3302001953125,1270.5999755859375,1295.0,1264.5,1276.1500244140625,13486168,0.0010241288173058472,1274.9924926757812,1268.0159936523437,1160.9119961547851,0.015219484327180987,1338.449951171875,-0.050692949352743225
2024-11-13,1233.69970703125,1253.699951171875,1276.25,1250.0,1270.5999755859375,12260404,-0.013300822240508103,1275.5199890136719,1268.1359936523438,1162.1844958496094,0.015364812453301846,1338.449951171875,-0.06331951368506342
2024-11-14,1236.8978271484375,1256.949951171875,1267.699951171875,1243.050048828125,1253.75,9506892,0.002592326813893653,1276.8049865722655,1268.5479931640625,1163.3239953613281,0.01518338819159885,1338.449951171875,-0.06089133174433827
2024-11-18,1233.45361328125,1253.449951171875,1262.5999755859375,1249.4000244140625,1260.0,6195554,-0.0027845181876469116,1276.2524841308593,1268.8979931640624,1164.5952450561524,0.013921448952678753,1338.449951171875,-0.06350629691127305
2024-11-19,1229.173095703125,1249.0999755859375,1261.0,1240.8499755859375,1257.050048828125,11537317,-0.003470402293981212,1275.75498046875,1269.7169921875,1165.7909948730469,0.013910132442137527,1338.449951171875,-0.06675630680677111
2024-11-21,1230.60009765625,1250.550048828125,1256.9000244140625,1232.550048828125,1248.550048828125,9593870,0.0011608944604353244,1274.9074829101562,1270.0279931640625,1166.9617449951172,0.013817835921832866,1338.449951171875,-0.06567290937310698
2024-11-22,1257.6612548828125,1278.050048828125,1281.4000244140625,1256.0,1258.0,11604338,0.021990323398707545,1276.2299865722657,1270.8429931640626,1168.2674951171875,0.014390342026691663,1338.449951171875,-0.04512675449004805
2024-11-25,1280.1959228515625,1300.949951171875,1311.199951171875,1290.0,1296.0,22717581,0.017917844739137934,1278.6399841308594,1272.1349926757812,1169.6314947509766,0.014870358970734139,1338.449951171875,-0.02801748393144399
2024-11-26,1284.132080078125,1304.949951171875,1314.25,1302.449951171875,1310.5999755859375,7646955,0.003074676313563618,1281.1149841308593,1273.1909912109375,1171.0304943847657,0.014872305342723137,1338.449951171875,-0.025028952312089965
2024-11-27,1279.9498291015625,1300.699951171875,1310.8499755859375,1297.8499755859375,1298.5,21938082,-0.0032568298854552813,1281.5074829101563,1274.1979907226562,1172.413994140625,0.013388706918011993,1338.449951171875,-0.028204267157653617
2024-11-28,1265.828857421875,1286.3499755859375,1310.5,1282.300048828125,1301.050048828125,22803745,-0.011032502594475191,1279.2324829101562,1274.6679907226562,1173.7282440185547,0.011618237009681303,1338.449951171875,-0.038925606101536746
2024-11-29,1279.3594970703125,1300.0999755859375,1303.25,1283.0999755859375,1283.0999755859375,11397228,0.010689159451911179,1278.62998046875,1275.3079907226563,1175.096743774414,0.011500400807160152,1338.449951171875,-0.028652528660007285
2024-12-02,1283.8370361328125,1304.6500244140625,1310.550048828125,1289.1500244140625,1299.9000244140625,9626400,0.0034997684128670326,1279.249981689453,1275.6339916992188,1176.509243774414,0.01098472816174242,1338.449951171875,-0.025253037461893214
2024-12-03,1287.527099609375,1308.4000244140625,1312.800048828125,1296.0999755859375,1303.949951171875,11509276,0.0028743340588095467,1280.07998046875,1275.9619921875,1178.1047439575195,0.010994723630669351,1338.449951171875,-0.022451289068748815
2024-12-04,1295.0550537109375,1316.050048828125,1320.0,1301.699951171875,1302.5999755859375,11570281,0.005846854380401334,1282.0224853515624,1275.513994140625,1179.631494140625,0.010673793736816494,1338.449951171875,-0.016735704106184805
2024-12-05,1315.1787109375,1336.5,1342.9000244140625,1308.5999755859375,1316.25,19210697,0.015538885614635012,1284.0124877929688,1275.8059936523437,1181.3334942626952,0.010692283622765641,1338.449951171875,-0.0014568726833362185
2024-12-06,1307.552490234375,1328.75,1347.0999755859375,1326.699951171875,1342.5,8942672,-0.005798728020950272,1285.3324890136719,1276.008994140625,1182.8782443237305,0.010793479012886307,1338.449951171875,-0.007247152695834643
2024-12-09,1301.2054443359375,1322.300048828125,1329.050048828125,1320.25,1322.0999755859375,8000764,-0.004854149517873996,1287.5124938964843,1275.9779956054688,1184.376244506836,0.009921382428049083,1338.449951171875,-0.01206612345094414
2024-12-10,1309.225341796875,1330.449951171875,1332.0,1315.25,1319.0,8218214,0.0061634289063006165,1291.0924926757812,1276.0059936523437,1185.945244140625,0.009087114151796449,1338.449951171875,-0.005977063238708051
2024-12-11,1306.3223876953125,1327.5,1331.25,1316.0,1324.699951171875,8138066,-0.002217258281137613,1294.002490234375,1276.423994140625,1187.466494140625,0.009056835335322425,1338.449951171875,-0.008181068826882775
2024-12-12,1308.04443359375,1329.25,1338.75,1321.550048828125,1321.550048828125,9076896,0.0013182674199623268,1296.934991455078,1277.548994140625,1188.893994140625,0.009054922365926924,1338.449951171875,-0.0068735862434153895
2024-12-13,1323.44482421875,1344.9000244140625,1347.1500244140625,1313.5,1325.3499755859375,13536684,0.011773574883628068,1301.4949951171875,1278.958994140625,1190.3747442626952,0.008500430134645446,1344.9000244140625,0.0
2024-12-16,1324.6256103515625,1346.0999755859375,1350.449951171875,1340.050048828125,1344.9000244140625,9071006,0.000892223325222874,1305.9524963378906,1280.753994140625,1191.8454943847655,0.00851900497684501,1346.0999755859375,0.0
2024-12-17,1312.4727783203125,1333.75,1348.0999755859375,1326.050048828125,1342.0,9879257,-0.009174634729906872,1309.9674987792969,1282.633994140625,1193.2007446289062,0.008878045646245883,1346.0999755859375,-0.009174634729906846
2024-12-18,1293.1854248046875,1314.1500244140625,1334.949951171875,1307.449951171875,1325.25,8510595,-0.014695389380271817,1313.2200012207031,1284.238994140625,1194.4649945068359,0.009640458144113276,1346.0999755859375,-0.023735199280400892
2024-12-19,1266.3701171875,1286.9000244140625,1303.0,1284.449951171875,1286.0,11517304,-0.020735836467491553,1315.0375,1285.2449951171875,1195.628494873047,0.010963369033163847,1346.0999755859375,-0.043978866537090704
2024-12-20,1267.8460693359375,1288.4000244140625,1297.75,1272.4000244140625,1283.949951171875,58491181,0.0011655917099566704,1315.554998779297,1286.1299951171875,1196.7694952392578,0.009845922049395025,1346.0999755859375,-0.04286453622938301
2024-12-23,1276.1121826171875,1296.800048828125,1307.0,1287.050048828125,1294.6500244140625,6827512,0.006519733200007316,1315.3475036621094,1287.19599609375,1198.022495727539,0.009081819417237284,1346.0999755859375,-0.03662426836933339
2024-12-24,1276.554931640625,1297.25,1304.5,1290.25,1296.800048828125,7138516,0.0003469703538965252,1314.9625061035156,1288.68099609375,1199.2477459716797,0.009051743395030074,1346.0999755859375,-0.03629000555079412
2024-12-26,1276.6534423828125,1297.3499755859375,1312.75,1289.199951171875,1307.0,7338444,7.706732390633242e-05,1314.7950073242187,1289.9929956054686,1200.299995727539,0.009024244639419584,1346.0999755859375,-0.03621573500050013
2024-12-27,1286.690673828125,1307.550048828125,1315.949951171875,1298.550048828125,1298.550048828125,4756066,0.007862237202094002,1315.8550109863281,1291.0339965820312,1201.37599609375,0.00880477435359574,1346.0999755859375,-0.028638234497428236
2024-12-30,1273.9964599609375,1294.6500244140625,1326.5,1289.449951171875,1304.949951171875,14207425,-0.009865797814488264,1315.5825134277343,1292.0639965820312,1202.4089959716796,0.0087960524592345,1346.0999755859375,-0.03822149328060094
2024-12-31,1261.203857421875,1281.6500244140625,1289.949951171875,1280.0999755859375,1286.9000244140625,8449607,-0.010041323720581197,1314.4325134277344,1293.0719970703126,1203.3317462158202,0.009016834826906225,1346.0999755859375,-0.04787902261406764
2025-01-01,1263.1719970703125,1283.6500244140625,1293.0,1267.0999755859375,1281.6500244140625,4705399,0.0015604884031539257,1313.1950134277345,1293.4549975585937,1204.3102465820311,0.008993026120710474,1346.0999755859375,-0.04639324887045738
2025-01-02,1270.0111083984375,1290.5999755859375,1293.4000244140625,1278.4000244140625,1285.0999755859375,7433222,0.005414210290727306,1311.922509765625,1294.08599609375,1205.3697467041015,0.008976407547289532,1346.0999755859375,-0.04123022138518476
2025-01-03,1244.8687744140625,1265.050048828125,1288.0,1262.25,1286.199951171875,11194997,-0.019796937270367354,1308.3500122070313,1294.0369970703125,1206.3107470703126,0.009040017689289108,1346.0999755859375,-0.06021092654914629
2025-01-06,1243.933837890625,1264.0999755859375,1277.75,1257.0,1268.050048828125,7504047,-0.0007510163278263704,1305.1175109863282,1294.2869970703125,1207.211497192383,0.009019518226233664,1346.0999755859375,-0.06091672348802072
2025-01-07,1258.842041015625,1279.25,1288.949951171875,1266.5,1266.5,7539758,0.011984830873080332,1302.9650085449218,1294.8169970703125,1208.1897473144531,0.009553600123651397,1346.0999755859375,-0.049661969243286475
2025-01-08,1243.5894775390625,1263.75,1285.0,1252.3499755859375,1280.550048828125,7566309,-0.012116474496775442,1299.6300109863282,1294.982998046875,1209.1067474365234,0.009644761553221798,1346.0999755859375,-0.061176715756266
2025-01-09,1242.260986328125,1262.4000244140625,1264.75,1248.0999755859375,1258.0,8684920,-0.0010682299394164652,1296.3750122070312,1294.3739990234376,1210.0127478027343,0.009650105494750127,1346.0999755859375,-0.06217959489631641
2025-01-10,1229.9111328125,1249.8499755859375,1264.949951171875,1243.0999755859375,1259.0,7854524,-0.009941419982109068,1292.405010986328,1292.7339990234375,1210.8422479248047,0.009745651176414157,1346.0999755859375,-0.07150286141124383
2025-01-13,1210.1317138671875,1229.75,1243.949951171875,1224.9000244140625,1234.9000244140625,9669336,-0.016081910612123274,1286.647509765625,1291.0859985351562,1211.5684979248047,0.009506270075169618,1346.0999755859375,-0.08643486939764045
2025-01-14,1220.5135498046875,1240.300048828125,1244.8499755859375,1227.449951171875,1233.3499755859375,10342698,0.00857901917310433,1281.3575134277344,1290.0469995117187,1212.3609979248047,0.009880469174496871,1346.0999755859375,-0.07859737662632328
2025-01-15,1218.4962158203125,1238.25,1244.4000244140625,1230.0,1234.0,5355382,-0.001652865232136369,1276.5825134277343,1288.9759985351564,1213.100747680664,0.009817610026037179,1346.0999755859375,-0.08012033098729683
2025-01-16,1229.173095703125,1249.0999755859375,1255.5,1239.6500244140625,1245.0999755859375,11895924,0.00876234652609531,1273.330010986328,1288.4139990234376,1213.9277478027343,0.009831293722406254,1346.0999755859375,-0.07206002656509769
2025-01-17,1205.900390625,1225.449951171875,1249.0,1218.0,1243.3499755859375,9790533,-0.018933652130581957,1270.2575073242188,1286.9889990234376,1214.6362475585938,0.009662051146923673,1346.0999755859375,-0.08962931922017554
2025-01-20,1213.2806396484375,1232.949951171875,1241.75,1215.25,1223.9000244140625,7676418,0.006120200986444058,1267.4850036621094,1285.6009985351564,1215.3344970703124,0.009820470183661037,1346.0999755859375,-0.08405766768163707
2025-01-21,1177.0677490234375,1196.1500244140625,1238.949951171875,1192.699951171875,1236.949951171875,20520898,-0.029847056421743234,1262.4525024414063,1283.95,1215.8169970703125,0.011374358604497026,1346.0999755859375,-0.11139585015340632
2025-01-22,1181.2991943359375,1200.449951171875,1207.5,1191.800048828125,1201.0,10377123,0.0035948055595440565,1257.6125,1282.7819995117188,1216.4132470703125,0.011462074297966524,1346.0999755859375,-0.10820149101530381
2025-01-23,1182.5784912109375,1201.75,1207.9000244140625,1186.0,1197.25,8770650,0.001082967954520564,1252.832501220703,1281.4309985351563,1217.0359973144532,0.011482203991345504,1346.0999755859375,-0.1072357018081841
2025-01-24,1189.90966796875,1209.199951171875,1218.0,1202.0,1203.0999755859375,9216792,0.006199252067297767,1247.9149963378907,1280.202998046875,1217.6877471923829,0.011399358022347282,1346.0999755859375,-0.10170123088700891
2025-01-27,1208.3603515625,1227.949951171875,1234.6500244140625,1193.0999755859375,1195.0,16164687,0.015506120374739307,1244.5799926757813,1279.687998046875,1218.4104968261718,0.012084643751781686,1346.0999755859375,-0.08777210204066271
2025-01-28,1227.00830078125,1246.9000244140625,1264.0,1236.0,1247.3499755859375,18066499,0.015432284698657872,1242.8424926757812,1279.4869995117188,1219.209246826172,0.012587834329793286,1346.0999755859375,-0.07369434140929594
2025-01-29,1231.682373046875,1251.6500244140625,1255.800048828125,1243.050048828125,1252.0,7666777,0.0038094473550371877,1241.2424926757812,1279.4510009765625,1219.9322467041015,0.012624701131639339,1346.0999755859375,-0.07016562876822156
2025-01-30,1235.5694580078125,1255.5999755859375,1259.8499755859375,1239.5,1250.0,11921041,0.003155795226164937,1239.4924926757812,1279.5810009765626,1220.6632464599609,0.01257255883755131,1346.0999755859375,-0.06723126189836433
2025-01-31,1232.814208984375,1252.800048828125,1256.0,1239.0999755859375,1254.5,10195417,-0.002229951268122532,1238.8799926757813,1279.6260009765624,1221.4052465820312,0.01180220264666429,1346.0999755859375,-0.06931129072875915
2025-02-01,1235.520263671875,1255.550048828125,1261.3499755859375,1233.800048828125,1251.1500244140625,3011914,0.002195082928494685,1238.4524963378906,1279.1760009765626,1222.2912469482421,0.011816227794920942,1346.0999755859375,-0.06726835183129504
2025-02-03,1233.0108642578125,1253.0,1260.0,1237.800048828125,1246.8499755859375,6176831,-0.0020310212488184876,1237.1399963378906,1278.217001953125,1223.2209967041015,0.011461308848929168,1346.0999755859375,-0.06916274962817115
2025-02-04,1247.9683837890625,1268.199951171875,1280.5,1260.0,1262.800048828125,14839077,0.012130846904928161,1237.3624938964845,1277.482001953125,1224.2847467041015,0.011502906521899461,1346.0999755859375,-0.0578709054505062
2025-02-05,1247.476318359375,1267.699951171875,1277.75,1265.1500244140625,1270.199951171875,6840709,-0.00039425959568750724,1237.627490234375,1276.822001953125,1225.2869964599608,0.01149986184664089,1346.0999755859375,-0.05824234888640877
2025-02-06,1252.1014404296875,1272.4000244140625,1279.0,1263.199951171875,1275.0,8396554,0.0037075596933191513,1238.7549926757813,1276.5430029296874,1226.2157464599609,0.011264387604402381,1346.0999755859375,-0.0547507261782651
2025-02-07,1236.8487548828125,1256.9000244140625,1275.0,1249.550048828125,1272.0,7382039,-0.012181703632973218,1240.1124938964845,1275.67900390625,1227.0489965820314,0.010984190210918527,1346.0999755859375,-0.06626547269124462
2025-02-10,1242.4576416015625,1262.5999755859375,1265.0,1249.3499755859375,1257.199951171875,5740361,0.004534928046112663,1241.227490234375,1274.8380029296875,1227.878246459961,0.010876938536324139,1346.0999755859375,-0.062031053795728416
2025-02-11,1232.764892578125,1252.75,1261.8499755859375,1248.4000244140625,1255.8499755859375,6586627,-0.007801343082844858,1241.952490234375,1273.7250024414063,1228.573246459961,0.011039987261631837,1346.0999755859375,-0.06934847134612243
2025-02-12,1231.830078125,1251.800048828125,1269.75,1244.6500244140625,1257.199951171875,8809352,-0.0007582926935741918,1242.0874938964844,1272.4400024414062,1229.2927465820312,0.010875389119030845,1346.0999755859375,-0.07005417760056427
2025-02-13,1228.976318359375,1248.9000244140625,1266.0,1245.9000244140625,1252.550048828125,7263785,-0.0023166834166346018,1243.2599975585938,1270.6880029296874,1229.7364965820314,0.009933502621586153,1346.0999755859375,-0.07220856766568567
2025-02-14,1239.9976806640625,1260.0999755859375,1263.5,1244.449951171875,1252.0999755859375,10368438,0.00896785247252252,1244.617498779297,1269.3150024414062,1230.2849963378906,0.01003075714847275,1346.0999755859375,-0.06388827097524125
2025-02-17,1231.1904296875,1251.1500244140625,1258.1500244140625,1233.25,1251.1500244140625,8386151,-0.007102572292101983,1247.367498779297,1267.892001953125,1230.8434967041017,0.007231805057157147,1346.0999755859375,-0.07053707220412413
2025-02-18,1223.2196044921875,1243.050048828125,1257.5999755859375,1237.050048828125,1252.9000244140625,8135042,-0.006474024240003429,1249.4975036621095,1266.14400390625,1231.3484967041015,0.007481263187747728,1346.0999755859375,-0.07655443772885917
2025-02-19,1241.5228271484375,1261.6500244140625,1264.449951171875,1230.25,1234.8499755859375,10683412,0.01496317513801837,1252.4925048828125,1264.8270043945313,1231.9252465820311,0.008037172566582018,1346.0999755859375,-0.06273676005017026
2025-02-20,1230.009521484375,1249.949951171875,1264.0,1246.75,1255.3499755859375,8398849,-0.009273628197820738,1254.5300048828126,1263.2410034179688,1232.5154962158203,0.008395569939766272,1346.0999755859375,-0.07142859086094984
2025-02-21,1213.2806396484375,1232.949951171875,1244.699951171875,1224.550048828125,1241.0999755859375,7786428,-0.013600544553053373,1254.7800048828126,1261.002001953125,1233.0652459716796,0.00839767283471784,1346.0999755859375,-0.08405766768163707
2025-02-24,1198.9136962890625,1218.3499755859375,1231.9000244140625,1210.25,1226.699951171875,11522480,-0.011841498977359755,1253.3525024414062,1258.447001953125,1233.57849609375,0.008005519594562137,1346.0999755859375,-0.09490379787310546
2025-02-25,1204.6212158203125,1224.1500244140625,1231.6500244140625,1221.0,1226.5999755859375,11059417,0.004760576964213836,1251.9775024414062,1256.2550024414063,1234.1139959716797,0.008039142506982557,1346.0999755859375,-0.09059501774286266
2025-02-27,1202.9482421875,1222.449951171875,1234.8499755859375,1218.449951171875,1225.1500244140625,12008162,-0.0013887785061322822,1250.320001220703,1254.4210009765625,1234.586245727539,0.007977118053714195,1346.0999755859375,-0.09185797983559094
2025-02-28,1184.8909912109375,1204.0999755859375,1225.0,1200.0999755859375,1216.0,20215075,-0.01501081951727079,1247.8849975585938,1252.765,1235.0039953613282,0.008546579643021355,1346.0999755859375,-0.10548993579632857
2025-03-03,1186.9573974609375,1206.199951171875,1217.0,1204.1500244140625,1210.5,8158881,0.0017440209521768502,1245.4174926757812,1251.1209985351563,1235.4132452392578,0.008535665672931417,1346.0999755859375,-0.10392989150242431
2025-03-04,1191.0904541015625,1210.4000244140625,1216.6500244140625,1206.25,1207.1500244140625,9574490,0.00348207047936544,1243.2874938964844,1249.392998046875,1235.8099951171876,0.008622117190731773,1346.0999755859375,-0.1008097122301832
2025-03-05,1196.3057861328125,1215.699951171875,1225.949951171875,1211.300048828125,1217.0,9052846,0.004378657180198031,1240.6624938964844,1247.7619970703124,1236.2359948730468,0.008128066976013194,1346.0999755859375,-0.09687246622027557
2025-03-06,1198.618408203125,1218.050048828125,1227.949951171875,1209.0,1227.949951171875,11949475,0.0019331230983308245,1238.179998779297,1246.1759985351562,1236.7214953613282,0.00817002808302007,1346.0999755859375,-0.09512660952398744
2025-03-07,1195.17431640625,1214.550048828125,1217.8499755859375,1206.300048828125,1211.0999755859375,6620284,-0.002873445145679665,1235.2875,1244.3159985351563,1237.238745727539,0.00806139012452239,1346.0999755859375,-0.0977267135753054
2025-03-10,1195.469482421875,1214.8499755859375,1225.800048828125,1208.0,1208.0,7363437,0.00024694474970532454,1233.1849975585938,1242.7199975585938,1237.6404956054687,0.007731256345292074,1346.0999755859375,-0.09750390192442342
2025-03-11,1225.5321044921875,1245.4000244140625,1248.0,1217.199951171875,1217.199951171875,10927950,0.02514717820477408,1232.325,1241.9949975585937,1238.2077459716797,0.009720172344980406,1346.0999755859375,-0.07480867171700363
2025-03-12,1224.105224609375,1243.949951171875,1251.949951171875,1235.300048828125,1246.949951171875,11548372,-0.0011643433545537318,1231.8849975585938,1241.20099609375,1238.7784954833985,0.00957505761496593,1346.0999755859375,-0.07588591209178062
2025-03-13,1230.1080322265625,1250.050048828125,1255.5999755859375,1245.300048828125,1251.050048828125,8132940,0.00490381277036378,1231.7974975585937,1240.3899975585937,1239.3939959716797,0.009644529410752223,1346.0999755859375,-0.07135422962622326
2025-03-17,1248.755615234375,1269.0,1273.949951171875,1254.75,1257.050048828125,11164812,0.015159353971178957,1232.8024963378907,1240.4689965820312,1240.2289959716798,0.010201644030370391,1346.0999755859375,-0.05727655967928906
2025-03-18,1248.755615234375,1269.0,1269.0,1269.0,1269.0,0,0.0,1233.2474975585938,1240.5669970703125,1241.0054962158204,0.010021452431279193,1346.0999755859375,-0.05727655967928906
2025-03-19,1292.152099609375,1313.0999755859375,1318.300048828125,1302.1500244140625,1305.5999755859375,11278014,0.034751753810825514,1236.3449951171874,1241.2439965820313,1241.9657458496094,0.01244856954983745,1346.0999755859375,-0.024515266769569315
2025-03-20,1300.6148681640625,1321.699951171875,1324.25,1311.050048828125,1320.0,10886735,0.006549368475998962,1240.277490234375,1242.4029956054687,1242.7742456054686,0.012294539512427668,1346.0999755859375,-0.01812645780893171
2025-03-21,1321.6734619140625,1343.0999755859375,1349.0,1311.5999755859375,1316.0,60494318,0.01619128789033275,1244.3499877929687,1244.0169946289063,1244.132495727539,0.012359576174896313,1346.0999755859375,-0.002228660615415392
2025-03-24,1336.4835205078125,1358.1500244140625,1373.0,1345.050048828125,1355.949951171875,9352280,0.011205456854810336,1249.759991455078,1246.1829956054687,1245.3799957275392,0.012117310144930395,1358.1500244140625,0.0
2025-03-25,1322.263916015625,1343.699951171875,1363.800048828125,1330.050048828125,1359.0,16419207,-0.010639526548933076,1255.2974914550782,1248.4619946289063,1246.5464953613282,0.011904220091821665,1358.1500244140625,-0.010639526548933059
2025-03-26,1314.58837890625,1335.9000244140625,1358.0,1331.5,1344.050048828125,10859639,-0.005804812860944142,1261.1749938964845,1250.373994140625,1247.617495727539,0.011542391183923674,1358.1500244140625,-0.016382578949331587
2025-03-27,1315.326416015625,1336.6500244140625,1351.5,1333.1500244140625,1333.1500244140625,15109614,0.0005614192576490762,1266.7999938964845,1252.3419946289061,1248.6817456054687,0.011578955163228323,1358.1500244140625,-0.015830357186994565
2025-03-28,1326.8397216796875,1348.3499755859375,1357.949951171875,1327.199951171875,1336.0,8266544,0.0087531896593529,1273.0949951171874,1254.3269946289063,1249.832495727539,0.011530912613792615,1358.1500244140625,-0.00721573364647471
2025-04-01,1297.4166259765625,1318.449951171875,1352.3499755859375,1315.4000244140625,1340.0,14288024,-0.02217526974112871,1278.8124938964843,1256.1869946289062,1250.8269952392577,0.012271973184210604,1358.1500244140625,-0.029230992547612723
2025-04-02,1310.0125732421875,1331.25,1337.949951171875,1322.1500244140625,1322.1500244140625,8042214,0.009708407070551317,1285.0649963378905,1258.1529956054687,1251.946495361328,0.01230300322896577,1358.1500244140625,-0.019806371851789933
2025-04-03,1308.3397216796875,1329.550048828125,1333.0,1321.25,1321.949951171875,4591008,-0.0012769586267605826,1291.0224975585938,1260.82099609375,1253.0659954833984,0.012380007851375456,1358.1500244140625,-0.021058038561149527
2025-04-04,1313.998046875,1335.300048828125,1338.550048828125,1322.0999755859375,1329.550048828125,8648542,0.004324771380413983,1297.0025024414062,1263.517998046875,1254.1282458496094,0.01238010514831783,1358.1500244140625,-0.016824338383232374
2025-04-07,1267.009765625,1287.550048828125,1325.0,1265.0,1295.25,19185012,-0.03575975305468304,1300.4775024414062,1265.2339990234375,1254.8437463378907,0.01534863582205933,1358.1500244140625,-0.051982457252022635
2025-04-08,1279.1627197265625,1299.9000244140625,1310.050048828125,1287.3499755859375,1299.8499755859375,13085762,0.009591841184874994,1304.7450012207032,1267.0480004882813,1255.5592462158204,0.01535535052426071,1358.1500244140625,-0.04288922354150854
2025-04-09,1280.04833984375,1300.800048828125,1305.0999755859375,1284.5,1304.949951171875,13005622,0.0006923797193312264,1309.0425048828124,1268.5050024414063,1256.2699963378907,0.015350685287268712,1358.1500244140625,-0.04222653945073528
2025-04-11,1290.7252197265625,1311.6500244140625,1325.0,1305.0999755859375,1305.0999755859375,13064247,0.008341001828614747,1312.3550048828124,1269.8000024414061,1256.9777465820312,0.014544214136020887,1358.1500244140625,-0.03423774926489522
2025-04-15,1328.66015625,1350.199951171875,1354.300048828125,1336.199951171875,1351.0,15202603,0.029390406007908654,1317.6675048828124,1271.7710009765624,1257.7389965820312,0.015677974469607427,1358.1500244140625,-0.005853604608678888
2025-04-16,1334.7613525390625,1356.4000244140625,1359.699951171875,1342.9000244140625,1357.0,14039073,0.004591966720785434,1322.9850036621094,1273.787001953125,1258.4309967041015,0.015677417227269116,1358.1500244140625,-0.001288517445453046
2025-04-17,1384.2589111328125,1406.699951171875,1408.9000244140625,1360.0999755859375,1362.0,17490424,0.03708340154265399,1329.8700012207032,1276.865,1259.3649963378907,0.01717814038753072,1406.699951171875,0.0
2025-04-21,1387.3094482421875,1409.800048828125,1436.0,1404.699951171875,1436.0,16882426,0.002203808746611191,1336.9100036621094,1279.95,1260.4159967041016,0.0171493708563546,1409.800048828125,0.0
2025-04-22,1393.9024658203125,1416.5,1418.800048828125,1398.9000244140625,1412.800048828125,16135274,0.004752412356237468,1342.0800048828125,1283.22,1261.439246826172,0.01569892015637655,1416.5,0.0
2025-04-23,1401.676513671875,1424.4000244140625,1429.9000244140625,1411.300048828125,1429.0,13990764,0.005577143956274178,1347.2150085449218,1286.3440014648438,1262.6082470703125,0.01569183474177216,1424.4000244140625,0.0
2025-04-24,1380.32275390625,1402.699951171875,1421.199951171875,1398.800048828125,1416.300048828125,15678099,-0.015234535853868691,1350.1950073242188,1289.0440014648439,1263.6137469482421,0.015963700868970684,1424.4000244140625,-0.015234535853868709
2025-04-25,1382.3892822265625,1404.800048828125,1414.800048828125,1388.4000244140625,1410.0,11705093,0.0014971823835137066,1352.5275085449218,1291.692001953125,1264.4727471923827,0.01582547919174799,1424.4000244140625,-0.01376016234905647
2025-04-28,1406.00634765625,1428.800048828125,1435.0,1403.800048828125,1405.5999755859375,10948561,0.01708428186632016,1356.7825134277343,1295.1300024414063,1265.4497473144531,0.01589175922501135,1428.800048828125,0.0
2025-04-29,1406.990478515625,1429.800048828125,1438.300048828125,1422.5999755859375,1428.800048828125,10786910,0.0006998879939990044,1361.4775146484376,1298.47400390625,1266.423497314453,0.015763923042991693,1429.800048828125,0.0
2025-04-30,1404.2349853515625,1427.0,1433.699951171875,1400.0,1433.0,14192027,-0.0019583499318103215,1365.9950134277344,1301.95900390625,1267.3172473144532,0.015798846627518376,1429.800048828125,-0.0019583499318103544
2025-05-02,1407.2855224609375,1430.0999755859375,1446.5999755859375,1424.5999755859375,1426.9000244140625,8842434,0.0021723725199280786,1370.0825134277343,1305.5250024414063,1268.2517474365234,0.015749817694547887,1430.0999755859375,0.0
2025-05-05,1406.5968017578125,1429.4000244140625,1446.800048828125,1426.0,1440.0,4565705,-0.000489442125602646,1375.6300170898437,1309.1350024414062,1269.2064978027345,0.014627144201477253,1430.0999755859375,-0.0004894421256025947
2025-05-06,1408.7615966796875,1431.5999755859375,1433.699951171875,1420.4000244140625,1429.0,6301690,0.0015390731315936268,1380.6475158691405,1312.5650024414062,1270.1999975585939,0.014577725258128336,1431.5999755859375,0.0
2025-05-07,1412.5010986328125,1435.4000244140625,1442.0,1421.0,1425.0,10480453,0.002654406882460103,1385.9400146484375,1316.2500024414062,1271.2272479248047,0.014532935838370453,1435.4000244140625,0.0
2025-05-08,1412.599365234375,1435.5,1448.9000244140625,1426.0999755859375,1438.5999755859375,15306490,6.96499820518337e-05,1390.9500122070312,1320.0990014648437,1272.2052478027344,0.014558096048896622,1435.5,0.0
2025-05-09,1366.742919921875,1388.9000244140625,1419.9000244140625,1387.0,1415.199951171875,13491197,-0.03246253959312961,1396.017510986328,1322.6440014648438,1272.898247680664,0.014098850369183498,1435.5,-0.03246253959312957
2025-05-12,1425.39208984375,1448.5,1453.0,1404.0,1409.4000244140625,9925445,0.04291163837446188,1403.447509765625,1326.6150024414062,1273.8974975585938,0.016561612305836335,1448.5,0.0
2025-05-13,1407.777587890625,1430.5999755859375,1447.9000244140625,1427.4000244140625,1440.0999755859375,12475424,-0.012357628176777657,1409.9375061035157,1330.5680029296875,1274.8447473144531,0.01701419863605407,1448.5,-0.0123576281767777
2025-05-14,1403.44775390625,1426.199951171875,1440.699951171875,1417.300048828125,1429.9000244140625,8026837,-0.003075649719804008,1415.6650024414062,1334.7250024414063,1275.8419970703126,0.01708416496073041,1448.5,-0.015395270160942354
2025-05-15,1427.6553955078125,1450.800048828125,1456.5,1415.5,1425.9000244140625,18209264,0.017248701793908028,1420.6950073242188,1339.2580029296876,1276.9809973144531,0.016346676950458425,1450.800048828125,0.0
2025-05-16,1430.8043212890625,1454.0,1458.699951171875,1447.0,1453.300048828125,6439208,0.0022056458948012114,1425.5750061035155,1343.88900390625,1278.2614971923829,0.01634872767561309,1454.0,0.0
2025-05-19,1425.8841552734375,1449.0,1459.699951171875,1443.800048828125,1446.5,6005334,-0.00343878954607979,1427.690008544922,1348.7870043945313,1279.4704974365234,0.014373098422922868,1454.0,-0.0034387895460797797
2025-05-20,1415.25634765625,1438.199951171875,1459.0,1435.5,1450.199951171875,11352383,-0.007453449846877125,1429.1100036621094,1353.4270043945312,1280.5979974365234,0.014512577938056843,1454.0,-0.010866608547541266
2025-05-21,1421.652587890625,1444.699951171875,1451.300048828125,1438.5,1442.9000244140625,5510460,0.004519538465220796,1430.520001220703,1358.1130029296876,1281.7742474365234,0.01450958397451549,1454.0,-0.006396182137637552
2025-05-22,1419.0941162109375,1442.0999755859375,1445.300048828125,1427.800048828125,1441.0999755859375,7245933,-0.0017996647565665658,1431.4049987792969,1362.6410034179687,1282.9102471923827,0.014483130521787645,1454.0,-0.008184335910634456
2025-05-23,1426.67138671875,1449.800048828125,1451.800048828125,1434.4000244140625,1442.199951171875,5203706,0.005339486424343676,1433.7600036621093,1367.2760034179687,1284.1087475585937,0.01401357888533949,1454.0,-0.002888549636777854
2025-05-26,1437.2989501953125,1460.5999755859375,1471.5999755859375,1455.0,1458.0,5608725,0.0074492525824800815,1436.55,1372.197001953125,1285.428997192383,0.014071115274960962,1460.5999755859375,0.0
2025-05-27,1423.3255615234375,1446.4000244140625,1463.0,1435.699951171875,1452.5,14842959,-0.00972199877394797,1437.429998779297,1376.8280029296875,1286.7979974365235,0.013837727583768675,1460.5999755859375,-0.009721998773948025
2025-05-28,1430.6075439453125,1453.800048828125,1458.0,1442.5,1447.5999755859375,8618343,0.0051161672353126075,1438.6299987792968,1380.9960034179687,1288.2327478027344,0.013872873414489844,1460.5999755859375,-0.004655570910224496
2025-05-29,1433.264404296875,1456.5,1462.9000244140625,1445.0,1456.5999755859375,15545514,0.0018571681670056517,1440.104998779297,1385.2470043945314,1289.652998046875,0.013857384673036694,1460.5999755859375,-0.0028070489213124525
2025-05-30,1422.7352294921875,1445.800048828125,1460.9000244140625,1444.300048828125,1459.9000244140625,11803975,-0.007346344779866065,1440.8900024414063,1389.1620043945313,1291.0589984130859,0.013982029484017878,1460.5999755859375,-0.010132772151988658
2025-06-02,1427.360107421875,1450.5,1460.0,1432.800048828125,1442.0,9458990,0.003250761525208423,1441.945001220703,1392.7920043945312,1292.4534985351563,0.013991162265459925,1460.5999755859375,-0.006914949852635573
2025-06-03,1414.961181640625,1437.9000244140625,1455.0,1432.0,1454.9000244140625,11167345,-0.008686642941011735,1442.2600036621093,1396.1700048828125,1293.778998413086,0.014149648581265915,1460.5999755859375,-0.015541525093322446
2025-06-04,1408.171142578125,1431.0,1440.0999755859375,1426.4000244140625,1437.4000244140625,8025388,-0.004798681616876799,1442.0400024414062,1398.5280053710937,1295.0922485351562,0.01418287126724817,1460.5999755859375,-0.020265627879435717
2025-06-05,1431.5916748046875,1454.800048828125,1459.0,1427.300048828125,1430.9000244140625,11385668,0.016631760187368894,1443.0050048828125,1401.1900073242186,1296.5579986572266,0.014666039710678784,1460.5999755859375,-0.003970920755003976
2025-06-06,1436.413330078125,1459.699951171875,1461.4000244140625,1442.0999755859375,1448.5999755859375,11580994,0.003368093331930444,1446.5450012207032,1403.5220068359374,1297.920248413086,0.01240746541268479,1460.5999755859375,-0.0006162018547901483
2025-06-09,1411.91064453125,1434.800048828125,1466.800048828125,1433.4000244140625,1465.0,11022031,-0.017058233319635185,1445.8600036621094,1405.0550073242186,1299.2147485351563,0.008890787572443132,1460.5999755859375,-0.017663923859414378
2025-06-10,1400.200439453125,1422.9000244140625,1441.699951171875,1416.5,1439.0,12905272,-0.008293855595963961,1445.4750061035156,1406.6390087890625,1300.4319989013673,0.008647127089126601,1460.5999755859375,-0.02581127742163025
2025-06-11,1408.171142578125,1431.0,1434.5,1418.5999755859375,1421.800048828125,7136877,0.0056925823648594776,1445.7150085449218,1408.5410083007812,1301.7127490234375,0.008717479559015669,1460.5999755859375,-0.020265627879435717
2025-06-12,1402.4637451171875,1425.199951171875,1436.5,1420.0,1430.5,7953247,-0.0040531438351677496,1444.4350036621095,1410.3120068359376,1302.883248901367,0.007775842208085993,1460.5999755859375,-0.024236632209898093
2025-06-13,1393.5089111328125,1416.0999755859375,1421.5,1403.5999755859375,1403.5999755859375,7573103,-0.0063850518507631016,1442.5400024414062,1411.6670068359374,1303.9462487792969,0.007834576690951915,1460.5999755859375,-0.030466931907313144
2025-06-16,1404.1365966796875,1426.9000244140625,1429.0,1414.199951171875,1416.5999755859375,5451137,0.007626614655971808,1441.4350036621095,1413.8360083007813,1305.0142486572265,0.008062290493369153,1460.5999755859375,-0.023072676800748166
2025-06-17,1400.4957275390625,1423.199951171875,1429.800048828125,1417.800048828125,1426.9000244140625,6970098,-0.0025930851348235917,1440.6850036621095,1415.6750073242188,1305.9984985351562,0.007921210601976139,1460.5999755859375,-0.02560593252033913
2025-06-18,1390.0648193359375,1412.5999755859375,1432.0,1410.199951171875,1417.0,6751745,-0.007447987598094952,1439.0800048828125,1417.336005859375,1306.9422485351563,0.007974369950777757,1460.5999755859375,-0.032863207450584964
2025-06-19,1388.78564453125,1411.300048828125,1414.699951171875,1404.699951171875,1408.0,8849883,-0.0009202369958085654,1437.5400085449219,1418.856005859375,1307.8892486572265,0.00797269060963898,1460.5999755859375,-0.033753202507096604
2025-06-20,1404.33349609375,1427.0999755859375,1433.300048828125,1410.199951171875,1411.300048828125,12408178,0.011195299519001667,1436.4050048828126,1421.6470043945312,1308.878748779297,0.008319614810291686,1460.5999755859375,-0.022935780199887425
2025-06-23,1397.445068359375,1420.0999755859375,1423.199951171875,1411.9000244140625,1417.0,5514384,-0.004905052287682898,1434.3800048828125,1424.0510034179688,1309.8294989013673,0.008134927472404904,1460.5999755859375,-0.027728331286431065
2025-06-24,1401.38134765625,1424.0999755859375,1435.9000244140625,1416.5,1427.699951171875,11188438,0.0028167030975052576,1433.2650024414063,1426.517001953125,1310.7114990234375,0.007938466027548824,1460.5999755859375,-0.024989730665548986
2025-06-25,1403.0543212890625,1425.800048828125,1428.9000244140625,1415.300048828125,1422.0,7527388,0.001193787845890526,1431.8650024414062,1428.8000024414061,1311.6587493896484,0.007833762857269068,1460.5999755859375,-0.02382577525639906
2025-06-26,1416.14208984375,1439.0999755859375,1447.5,1421.699951171875,1424.800048828125,13617435,0.009328044818587067,1430.9950012207032,1430.5780029296875,1312.6744995117188,0.008146191753137431,1460.5999755859375,-0.014719978337241183
2025-06-27,1438.87353515625,1462.199951171875,1466.0,1437.0999755859375,1438.9000244140625,22532899,0.016051682286029045,1431.8149963378905,1432.6940014648437,1313.9447491455078,0.008777364965405914,1462.199951171875,0.0
2025-06-30,1422.7352294921875,1445.800048828125,1461.9000244140625,1442.300048828125,1461.800048828125,6325073,-0.011215909514021183,1431.5799987792968,1433.4760034179687,1314.9987493896485,0.009136234559663276,1462.199951171875,-0.011215909514021223
2025-07-01,1409.1552734375,1432.0,1447.5999755859375,1429.5999755859375,1445.699951171875,7761449,-0.009544922093003394,1431.2849975585937,1433.9200024414063,1315.9722491455077,0.00918048626728385,1462.199951171875,-0.02065377662451114
2025-07-02,1405.0223388671875,1427.800048828125,1451.0,1422.5999755859375,1432.199951171875,13372280,-0.0029329267960021,1431.125,1434.1460034179688,1316.9294995117189,0.00914032061534384,1462.199951171875,-0.023526127405612562
2025-07-03,1403.1527099609375,1425.9000244140625,1446.0999755859375,1423.699951171875,1432.0999755859375,10177738,-0.001330735641606129,1429.679998779297,1434.1760034179688,1317.7982495117187,0.008251920101018644,1462.199951171875,-0.024825555990971037
2025-07-04,1419.782958984375,1442.800048828125,1444.4000244140625,1421.0999755859375,1427.0,5066503,0.011852180464760886,1428.8350036621093,1434.9780053710938,1318.7604998779298,0.008692970126185732,1462.199951171875,-0.013267612495953113
2025-07-07,1412.7962646484375,1435.699951171875,1440.9000244140625,1429.5999755859375,1437.0,5177477,-0.004921054488469689,1428.8799987792968,1435.5960034179689,1319.6247497558593,0.007863686401926931,1462.199951171875,-0.018123376340398362
2025-07-08,1418.9957275390625,1442.0,1445.0,1430.0,1432.0,5315847,0.004388137523430702,1429.8349975585938,1435.8600024414063,1320.4942498779296,0.007663314984413616,1462.199951171875,-0.013814766684738172
2025-07-09,1409.056884765625,1431.9000244140625,1438.699951171875,1426.5999755859375,1436.199951171875,8827347,-0.007004143956960807,1429.8799987792968,1435.902001953125,1321.2120001220703,0.00775287972909294,1462.199951171875,-0.02072215002710726
2025-07-10,1401.38134765625,1424.0999755859375,1439.0,1422.0999755859375,1436.800048828125,7795964,-0.005447341780245307,1429.825,1435.8440014648438,1321.8725,0.0077979456090386074,1462.199951171875,-0.026056611173733393
2025-07-11,1399.2164306640625,1421.9000244140625,1428.0,1414.5999755859375,1422.0,7158015,-0.0015448010740747309,1430.1150024414062,1435.6800024414063,1322.289750366211,0.0076636261461905586,1462.199951171875,-0.027561159966880223
2025-07-14,1400.298828125,1423.0,1424.9000244140625,1416.0999755859375,1424.9000244140625,5846154,0.0007735955883332313,1429.9200012207032,1435.552001953125,1322.7952502441406,0.007466274591730648,1462.199951171875,-0.02680888557030681
2025-07-15,1407.9744873046875,1430.800048828125,1433.800048828125,1419.0,1421.0999755859375,6041457,0.0054814116852599515,1430.3000061035157,1435.5360034179687,1323.3562506103515,0.007542878291492363,1462.199951171875,-0.021474424423680673
2025-07-16,1403.6446533203125,1426.4000244140625,1429.199951171875,1419.0999755859375,1426.0,5649093,-0.0030752196420920086,1430.990008544922,1435.3560034179689,1323.8690008544922,0.0073680272986846726,1462.199951171875,-0.02448360549398239
2025-07-17,1396.0673828125,1418.699951171875,1423.199951171875,1409.5,1421.0,12927394,-0.005398256527197276,1431.3600036621094,1435.0200024414062,1324.3172503662108,0.007481011834602327,1462.199951171875,-0.029749693238012406
2025-07-18,1403.0543212890625,1425.800048828125,1429.0,1408.5,1415.800048828125,11297246,0.005004650666538213,1431.2950073242187,1435.7580029296876,1324.9132507324218,0.007125591107229099,1462.199951171875,-0.024893929393567157
2025-07-21,1442.4161376953125,1465.800048828125,1467.699951171875,1437.0,1448.0,13867136,0.028054424624880836,1433.580010986328,1436.10400390625,1325.8772509765624,0.009388681843282808,1465.800048828125,0.0
2025-07-22,1450.0916748046875,1473.5999755859375,1482.0,1469.699951171875,1474.0999755859375,8930165,0.005321276093590344,1436.0550109863282,1436.96400390625,1326.8732507324219,0.009422037170915573,1473.5999755859375,0.0
2025-07-23,1464.8524169921875,1488.5999755859375,1490.0,1472.5999755859375,1482.9000244140625,11974174,0.010179153263107033,1439.1950073242188,1438.2120043945313,1328.034500732422,0.009606453081262688,1488.5999755859375,0.0
2025-07-24,1459.7353515625,1483.4000244140625,1488.699951171875,1478.0999755859375,1487.699951171875,6700578,-0.0034931823573544074,1441.410009765625,1438.86400390625,1329.2527508544922,0.00953333116642209,1488.5999755859375,-0.0034931823573544083
2025-07-25,1453.5357666015625,1477.0999755859375,1500.0,1473.5999755859375,1500.0,8696077,-0.004247032981284704,1442.155010986328,1439.3260034179686,1330.4687506103517,0.008973383218661948,1488.5999755859375,-0.007725379677957747
2025-07-28,1464.655517578125,1488.4000244140625,1493.800048828125,1477.0999755859375,1477.0999755859375,7507479,0.007650158428607723,1444.285009765625,1440.11400390625,1331.7277508544921,0.00865806497758145,1488.5999755859375,-0.00013432162780756187
2025-07-29,1462.4906005859375,1486.199951171875,1489.800048828125,1475.4000244140625,1479.9000244140625,9776027,-0.0014781464701021374,1446.9950073242187,1441.07400390625,1332.9380004882812,0.008297413588212989,1488.5999755859375,-0.0016122695508696424
2025-07-30,1458.751220703125,1482.4000244140625,1488.5,1477.300048828125,1487.699951171875,7238625,-0.002556807214813994,1449.7250061035156,1441.8280053710937,1334.1325006103516,0.008286322153992165,1488.5999755859375,-0.004164954503263778
2025-07-31,1457.7672119140625,1481.4000244140625,1494.5,1464.0,1469.9000244140625,12406146,-0.0006745817481993432,1452.5000061035157,1442.6140063476562,1335.4245007324218,0.00827410414289709,1488.5999755859375,-0.004836726649173147
2025-08-01,1448.12353515625,1471.5999755859375,1485.0999755859375,1469.800048828125,1480.4000244140625,4416771,-0.006615396696784348,1453.9400024414062,1443.0500048828126,1336.6237506103516,0.008139459044024326,1488.5999755859375,-0.011420126480459277
2025-08-04,1439.8575439453125,1463.199951171875,1478.800048828125,1461.300048828125,1476.800048828125,6140054,-0.005708089530728544,1455.3150024414062,1443.1020043945311,1337.6622503662109,0.00817153247779109,1488.5999755859375,-0.017063028906785137
2025-08-05,1421.3575439453125,1444.4000244140625,1461.5,1441.0,1453.0,14799343,-0.012848501493425868,1455.4350036621095,1443.0620043945312,1338.668500366211,0.008685980201433428,1488.5999755859375,-0.02969229604781981
2025-08-06,1420.5703125,1443.5999755859375,1454.0,1441.5999755859375,1442.300048828125,7805252,-0.0005538969915550584,1456.020001220703,1442.8580029296875,1339.7302502441407,0.008525863196339101,1488.5999755859375,-0.03022974656592162
2025-08-07,1417.322998046875,1440.300048828125,1447.9000244140625,1429.0999755859375,1441.0999755859375,7432535,-0.0022859010900669885,1456.8300048828125,1442.53400390625,1340.6092504882813,0.008439815185632164,1488.5999755859375,-0.03244654544536107
2025-08-08,1412.9931640625,1435.9000244140625,1447.5999755859375,1432.0,1445.9000244140625,5415511,-0.0030549359611856675,1457.5300048828126,1442.3360034179686,1341.493500366211,0.008466718745464607,1488.5999755859375,-0.035402359288049454
2025-08-11,1413.681884765625,1436.5999755859375,1438.4000244140625,1420.4000244140625,1427.9000244140625,8492484,0.0004874651159370025,1458.2100036621093,1442.0580029296875,1342.3390002441406,0.008466516067983721,1488.5999755859375,-0.03493215158728721
2025-08-12,1410.112060546875,1422.0,1433.800048828125,1420.0999755859375,1431.0,5913947,-0.010162867766987604,1457.770001220703,1441.7400024414062,1343.191000366211,0.00870237760076548,1488.5999755859375,-0.04474000851687684
2025-08-13,1408.922119140625,1420.800048828125,1427.699951171875,1415.199951171875,1424.5999755859375,9009465,-0.0008438475188994321,1457.4900024414062,1441.5360034179687,1344.0312506103517,0.008678829841704988,1488.5999755859375,-0.04554610229059377
2025-08-14,1415.3677978515625,1427.300048828125,1431.0999755859375,1412.0,1412.0,7577793,0.00457488723016386,1457.9200073242187,1440.9860034179687,1344.8905010986327,0.008648548882458995,1488.5999755859375,-0.04117958334218287
2025-08-18,1422.606689453125,1434.5999755859375,1452.4000244140625,1431.0,1450.0,6908844,0.005114500461067095,1458.3600036621094,1440.48400390625,1345.5992510986327,0.008651703225268011,1488.5999755859375,-0.036275695879105944
2025-08-19,1424.29248046875,1436.300048828125,1438.5,1426.300048828125,1431.0999755859375,6709554,0.0011850503771917431,1456.8850036621093,1440.51400390625,1346.1215014648437,0.00570720542723257,1488.5999755859375,-0.035133634028998544
2025-08-20,1418.64013671875,1430.5999755859375,1435.9000244140625,1423.0,1432.5999755859375,5817858,-0.003968581110080804,1454.7350036621094,1440.6680029296874,1346.7137512207032,0.0055412359193976095,1488.5999755859375,-0.03896278446274342
2025-08-21,1433.911376953125,1446.0,1447.800048828125,1436.4000244140625,1440.0999755859375,6238645,0.010764731355286772,1452.6050048828124,1440.9680029296876,1347.4825012207032,0.00560715485570351,1488.5999755859375,-0.028617477015051976
2025-08-22,1424.3917236328125,1436.4000244140625,1446.0,1429.4000244140625,1444.300048828125,6657207,-0.006638987265516927,1450.2550048828125,1441.1920043945313,1348.2055010986328,0.0057110667231659576,1488.5999755859375,-0.03506647321509477
2025-08-25,1421.2183837890625,1433.199951171875,1435.9000244140625,1424.0,1435.9000244140625,6738427,-0.0022278426537154505,1448.0600036621095,1441.53400390625,1348.9855010986328,0.005679440365942722,1488.5999755859375,-0.03721619328406622
2025-08-26,1404.7572021484375,1416.5999755859375,1427.9000244140625,1413.0999755859375,1427.9000244140625,8720155,-0.011582456148121034,1444.4700012207031,1441.3280029296875,1349.5850012207031,0.00567823789788527,1488.5999755859375,-0.04836759450547459
2025-08-28,1387.4034423828125,1399.0999755859375,1411.800048828125,1396.300048828125,1408.0,12990789,-0.012353522731610722,1440.1150024414062,1440.8460034179689,1350.0687512207032,0.006085989945788258,1488.5999755859375,-0.060123607058888556
2025-08-29,1386.1143798828125,1397.800048828125,1405.0,1392.0999755859375,1392.0999755859375,8519507,-0.0009291164180516009,1435.8850036621093,1440.5500048828126,1350.6642517089845,0.006103052136737925,1488.5999755859375,-0.06099686164650926
2025-09-01,1399.2039794921875,1411.0,1412.4000244140625,1398.0999755859375,1398.0999755859375,4927348,0.009443375812542953,1432.3650024414062,1440.54400390625,1351.4250018310547,0.006689784579229223,1488.5999755859375,-0.0521295021218799
2025-09-02,1382.54443359375,1394.199951171875,1413.9000244140625,1390.0,1413.9000244140625,7163073,-0.011906483932051737,1428.4950012207032,1439.8860034179688,1352.0495013427735,0.00696384316574059,1488.5999755859375,-0.06341530697453161
2025-09-03,1385.321044921875,1397.0,1400.0,1384.199951171875,1389.0,9813382,0.0020083552762797385,1425.1850036621095,1439.42400390625,1352.6815014648437,0.007000602556900798,1488.5999755859375,-0.061534312164611076
2025-09-04,1393.75,1405.5,1415.0999755859375,1401.9000244140625,1409.9000244140625,10564859,0.006084466714388004,1423.2400024414062,1439.0520043945312,1353.4405017089844,0.006773969522380838,1488.5999755859375,-0.05582424892438143
2025-09-05,1391.0726318359375,1402.800048828125,1411.5,1387.699951171875,1411.0,6621077,-0.0019209898056741226,1421.2000061035155,1438.5920043945312,1354.1697521972656,0.006772492769149045,1488.5999755859375,-0.05763800091696242
2025-09-08,1390.973388671875,1402.699951171875,1410.5999755859375,1397.5999755859375,1402.199951171875,5880943,-7.135561217985753e-05,1419.320001220703,1437.86400390625,1354.9160021972657,0.006775532124509609,1488.5999755859375,-0.05770524373430198
2025-09-09,1391.9649658203125,1403.699951171875,1407.5,1395.199951171875,1399.0,6470679,0.0007129108396735084,1417.7099975585938,1436.69400390625,1355.6890020751953,0.006776547626127544,1488.5999755859375,-0.05703347158839261
2025-09-10,1392.163330078125,1403.9000244140625,1413.699951171875,1402.0999755859375,1410.0,7452347,0.00014253276992737263,1416.075,1435.8560034179689,1356.455751953125,0.006772701808956787,1488.5999755859375,-0.05689906795714927
2025-09-11,1389.882568359375,1401.5999755859375,1408.0,1396.0,1398.0,10192026,-0.00163832807758868,1415.054998779297,1435.2480029296876,1357.073501586914,0.006434003042667797,1488.5999755859375,-0.05844417669411513
2025-09-12,1405.847900390625,1417.699951171875,1419.699951171875,1400.0999755859375,1405.0999755859375,7770038,0.011486854927496015,1414.8999938964844,1435.0460009765625,1357.657251586914,0.006986793763885781,1488.5999755859375,-0.04762866154566144
2025-09-15,1407.5338134765625,1419.4000244140625,1426.800048828125,1416.300048828125,1422.0,5845637,0.001199177047852995,1414.5049926757813,1434.9160009765626,1358.229501953125,0.006908608264412218,1488.5999755859375,-0.04648659969555404
2025-09-16,1409.71533203125,1421.5999755859375,1424.9000244140625,1413.699951171875,1414.0,8213151,0.0015499162561893876,1413.8549926757812,1434.4919995117189,1358.8340020751953,0.0068080482526263275,1488.5999755859375,-0.04500873377592774
2025-09-17,1407.33544921875,1419.199951171875,1426.0999755859375,1416.4000244140625,1420.0999755859375,7484283,-0.0016882558070341336,1412.9999877929688,1434.1619995117187,1359.498251953125,0.006802420625193664,1488.5999755859375,-0.04662100332679739
2025-09-18,1409.814453125,1421.699951171875,1432.800048828125,1415.300048828125,1431.0999755859375,8130537,0.0017615558666950193,1412.5549865722655,1433.7559985351563,1360.1062518310546,0.006772647116757087,1488.5999755859375,-0.04494157296202396
2025-09-19,1390.4775390625,1402.199951171875,1418.0,1400.199951171875,1416.0999755859375,13457344,-0.013715974305215761,1410.3649841308593,1433.1619970703125,1360.5940014648438,0.006880874368453314,1488.5999755859375,-0.05804112980725666
2025-09-22,1389.783447265625,1401.5,1409.9000244140625,1397.199951171875,1403.9000244140625,8847948,-0.0004991807133426507,1408.6199829101563,1432.7099975585938,1361.0595013427735,0.006776368653794822,1488.5999755859375,-0.05851133750801891
2025-09-23,1382.6436767578125,1394.300048828125,1403.300048828125,1391.0,1391.0,12827524,-0.005137317996343205,1406.6749877929688,1432.157998046875,1361.4507513427734,0.006830446657460146,1488.5999755859375,-0.06334806415719206
2025-09-24,1371.1405029296875,1382.699951171875,1390.9000244140625,1376.5,1386.4000244140625,9735678,-0.00831965663775136,1404.9799865722657,1431.3519970703126,1361.6817510986327,0.006608619796502198,1488.5999755859375,-0.07114068665248936
2025-09-25,1364.29833984375,1375.800048828125,1391.5,1371.800048828125,1377.0,21613389,-0.004990166042822319,1403.814990234375,1430.2519970703124,1361.9170013427733,0.006142615282389421,1488.5999755859375,-0.0757758488565154
2025-09-26,1348.233642578125,1359.5999755859375,1372.699951171875,1357.0,1368.0,18342280,-0.011775020109925372,1401.9049865722657,1428.91599609375,1362.1035009765626,0.006613350071628662,1488.5999755859375,-0.08665860682230864
2025-09-29,1336.829833984375,1348.0999755859375,1366.5,1346.199951171875,1359.5999755859375,20563163,-0.00845837026074081,1398.7599853515626,1427.5039965820313,1362.1917510986327,0.00627656528034953,1488.5999755859375,-0.09438398650026639
2025-09-30,1336.730712890625,1348.0,1356.5999755859375,1342.5999755859375,1353.699951171875,20166871,-7.416036477114751e-05,1396.4499877929688,1425.9479956054688,1362.294251098633,0.005863374367285581,1488.5999755859375,-0.09445114731417018
2025-10-01,1360.530029296875,1372.0,1379.4000244140625,1347.0999755859375,1348.0,20952632,0.017804154302670572,1395.1999877929688,1424.0719946289062,1362.5080010986328,0.007277763605479538,1488.5999755859375,-0.0783286158123453
2025-10-03,1353.786865234375,1365.199951171875,1371.9000244140625,1361.300048828125,1371.9000244140625,12163695,-0.00495630381058676,1393.1849853515625,1421.903994140625,1362.6095007324218,0.0071393160214524585,1488.5999755859375,-0.08289669920590333
2025-10-06,1352.001953125,1363.4000244140625,1372.5999755859375,1359.0999755859375,1371.0,14314283,-0.001318434531342838,1391.2149841308594,1419.3999951171875,1362.6960009765626,0.007138403660670167,1488.5999755859375,-0.08410583986647872
2025-10-07,1364.3974609375,1375.9000244140625,1383.0999755859375,1363.5999755859375,1363.5999755859375,16126464,0.0091682556668371,1389.8749877929688,1417.2499951171876,1362.9067510986329,0.00751776867605153,1488.5999755859375,-0.0757086880426116
2025-10-08,1358.8443603515625,1370.300048828125,1381.5999755859375,1364.300048828125,1372.300048828125,8100832,-0.0040700454150528476,1388.2049926757813,1415.1139965820312,1363.187501220703,0.007538557820916124,1488.5999755859375,-0.07947059565901692
2025-10-09,1364.69482421875,1376.199951171875,1378.699951171875,1365.0999755859375,1369.800048828125,7909575,0.0043055550853958735,1386.8199890136718,1412.8699951171875,1363.6340008544921,0.007633765904932721,1488.5999755859375,-0.07550720560090027
2025-10-10,1368.7607421875,1380.300048828125,1385.0,1370.300048828125,1370.300048828125,7673816,0.002979289203402846,1385.7549926757813,1410.7519970703124,1364.0935009765626,0.0076821102554978,1488.5999755859375,-0.07275287419992323
2025-10-13,1367.8681640625,1379.4000244140625,1386.4000244140625,1373.0999755859375,1373.0999755859375,8923018,-0.0006520498313584699,1383.8399963378906,1408.6919970703125,1364.5065008544923,0.007124784806787202,1488.5999755859375,-0.07335748553192882
2025-10-14,1372.52880859375,1384.0999755859375,1389.0,1375.0999755859375,1389.0,10610855,0.0034072430685010424,1382.0749938964843,1406.74599609375,1364.940750732422,0.007183141625174237,1488.5999755859375,-0.07020018924752909
2025-10-15,1386.7093505859375,1398.4000244140625,1400.4000244140625,1385.5,1386.5,8988550,0.010331658897740681,1380.9149963378907,1405.2819970703124,1365.4460009765626,0.007617536439253431,1488.5999755859375,-0.060593814759650796
2025-10-16,1405.451416015625,1417.300048828125,1418.9000244140625,1399.4000244140625,1401.0,12185032,0.013515463446864384,1380.820001220703,1404.3639990234376,1365.9947509765625,0.008255588059254807,1488.5999755859375,-0.04789730480127656
2025-10-17,1424.5899658203125,1436.5999755859375,1439.5999755859375,1410.9000244140625,1412.0,17037215,0.013617389467932561,1381.5650024414062,1404.207998046875,1366.7045007324218,0.008799115788657942,1488.5999755859375,-0.03493215158728721
2025-10-20,1378.6771240234375,1390.300048828125,1445.0,1389.199951171875,1442.0,23330227,-0.03222882329434007,1380.9700073242188,1403.1419995117187,1367.247750854492,0.011062411003104275,1488.5999755859375,-0.06603515274082954
2025-10-21,1370.4464111328125,1382.0,1387.5999755859375,1375.9000244140625,1384.5,3415560,-0.005969969457399582,1379.9950073242187,1401.9759985351564,1367.739500732422,0.01113324885234789,1488.5999755859375,-0.07161089435325162
2025-10-23,1352.2994384765625,1363.699951171875,1389.800048828125,1360.0999755859375,1385.0,21124942,-0.013241714057977583,1378.4650024414063,1400.5319970703124,1368.1050006103515,0.01144853786820881,1488.5999755859375,-0.08390435742476739
2025-10-24,1366.182373046875,1377.699951171875,1381.5999755859375,1368.0999755859375,1368.0999755859375,10570263,0.01026618794550016,1378.2150024414063,1399.3539965820312,1368.6682501220703,0.011580632207046951,1488.5999755859375,-0.07449954738203621
2025-10-27,1366.083251953125,1377.5999755859375,1386.800048828125,1374.0,1382.0999755859375,11499836,-7.256702437452578e-05,1378.304998779297,1398.46599609375,1369.2357501220704,0.011523785067106938,1488.5999755859375,-0.07456670819594
2025-10-28,1351.7044677734375,1363.0999755859375,1375.800048828125,1356.199951171875,1373.0,26477914,-0.010525551870623873,1378.479998779297,1397.3119946289062,1369.655,0.01145905945424109,1488.5999755859375,-0.08430740431162585
2025-10-29,1358.9434814453125,1370.4000244140625,1371.699951171875,1358.4000244140625,1364.5999755859375,16129382,0.005355475723625602,1379.5950012207031,1396.173994140625,1370.1882501220703,0.01132579719192767,1488.5999755859375,-0.07940343484511314
2025-10-30,1351.0103759765625,1362.4000244140625,1370.199951171875,1361.300048828125,1362.4000244140625,9324401,-0.005837711513045685,1380.3150024414062,1394.7299951171874,1370.6882501220703,0.011424304469657011,1488.5999755859375,-0.08477761201238809
2025-10-31,1334.0533447265625,1345.300048828125,1362.0,1343.300048828125,1357.0,15926798,-0.012551361772979885,1378.9800048828124,1392.9099951171875,1371.1655004882812,0.011027025638241303,1488.5999755859375,-0.09626489930675115
2025-11-03,1335.14404296875,1346.4000244140625,1351.5999755859375,1337.9000244140625,1340.5,11071450,0.0008176433107958125,1378.0400085449219,1391.22599609375,1371.7487506103516,0.01099142338268617,1488.5999755859375,-0.09552596634693801
2025-11-04,1325.7235107421875,1336.9000244140625,1349.800048828125,1333.199951171875,1342.5999755859375,15211183,-0.007055852516145267,1376.7150085449218,1389.0439965820312,1372.2317504882812,0.011084670315849173,1488.5999755859375,-0.10190780173307701
2025-11-06,1309.3614501953125,1320.4000244140625,1342.199951171875,1317.4000244140625,1330.0,24221853,-0.012341984964232222,1373.940008544922,1386.7239965820313,1372.6425006103516,0.011097637218028693,1488.5999755859375,-0.1129920421405816
2025-11-07,1331.7724609375,1343.0,1344.300048828125,1318.5999755859375,1320.4000244140625,7719245,0.01711600664046209,1372.5750061035155,1384.9199975585936,1373.1120007324218,0.01187342320156545,1488.5999755859375,-0.09781000804371702
2025-11-10,1336.730712890625,1348.0,1349.5999755859375,1341.0,1342.9000244140625,8542340,0.0037230081906181045,1371.1650085449219,1383.547998046875,1373.7247509765625,0.011860589806964833,1488.5999755859375,-0.09445114731417018
2025-11-11,1346.944580078125,1358.300048828125,1360.4000244140625,1346.199951171875,1349.0,8305184,0.0076409857775407986,1370.065008544922,1382.7319995117186,1374.3515014648438,0.011987361113489489,1488.5999755859375,-0.08753186140992936
2025-11-12,1347.53955078125,1358.9000244140625,1370.0,1355.4000244140625,1370.0,9736761,0.0004417106415148808,1369.0400085449219,1381.9539990234375,1375.1652514648438,0.011990250821470452,1488.5999755859375,-0.08712881452307089
2025-11-13,1374.3138427734375,1385.9000244140625,1390.4000244140625,1358.5,1358.9000244140625,18296626,0.019869011343672582,1369.1300109863282,1381.4519995117187,1376.0925018310547,0.01282175595218153,1488.5999755859375,-0.06899096658351792
2025-11-14,1361.521728515625,1373.0,1381.199951171875,1363.199951171875,1374.0,9694498,-0.009308048334522812,1367.860009765625,1381.0280004882814,1376.9487518310548,0.012752288572968486,1488.5999755859375,-0.07765684366643594
2025-11-17,1367.4715576171875,1379.0,1382.5,1373.5999755859375,1375.0999755859375,7660717,0.004369992716678706,1365.9450073242188,1380.6680004882812,1377.7977520751954,0.01236869120169928,1488.5999755859375,-0.07362621079097972
2025-11-18,1361.9183349609375,1373.4000244140625,1382.800048828125,1369.0999755859375,1380.199951171875,9529560,-0.004060896001405023,1362.785009765625,1380.0260009765625,1378.5250024414063,0.01186840578092387,1488.5999755859375,-0.07738811840738503
2025-11-19,1371.5372314453125,1383.0999755859375,1384.0,1371.5999755859375,1373.5,10393918,0.0070627282652142576,1362.4250061035157,1379.6319995117187,1379.2060021972657,0.009683423790160312,1488.5999755859375,-0.07087196139343846
2025-11-20,1371.4381103515625,1383.0,1388.300048828125,1375.4000244140625,1380.0999755859375,10131863,-7.228370161393993e-05,1362.4750061035156,1379.2380004882812,1379.8627520751952,0.009588283705021053,1488.5999755859375,-0.07093912220734225
2025-11-21,1358.0509033203125,1369.5,1376.0,1364.5999755859375,1373.0,11483595,-0.009761388286334105,1362.7650085449218,1378.5540014648439,1380.4322521972656,0.009362718750127114,1488.5999755859375,-0.08000804617711874
2025-11-24,1356.960205078125,1368.4000244140625,1377.0,1361.5,1373.300048828125,15896003,-0.000803195024415837,1362.3000122070312,1377.8440014648438,1381.0102520751952,0.009062041475714967,1488.5999755859375,-0.08074697913693188
2025-11-25,1346.4488525390625,1357.800048828125,1376.9000244140625,1354.300048828125,1365.0,12235000,-0.007746255040061323,1361.3100158691407,1376.9680029296876,1381.5215020751953,0.009213109718441503,1488.5999755859375,-0.08786774748288403
2025-11-26,1363.5050048828125,1375.0,1377.0,1359.9000244140625,1360.0,9659004,0.012667514032511429,1361.9050170898438,1376.11400390625,1382.1315020751954,0.00936743907559078,1488.5999755859375,-0.0763132993746172
2025-11-27,1380.5611572265625,1392.199951171875,1394.0,1375.699951171875,1379.0,15158741,0.012509055397727176,1362.9950134277344,1375.5700024414064,1382.7515020751953,0.009694415613514569,1488.5999755859375,-0.06475885126635035
2025-11-28,1377.189697265625,1388.800048828125,1398.5,1385.5999755859375,1392.0,7683986,-0.002442107788387826,1364.3150146484375,1374.91400390625,1383.3570025634765,0.00960070523084764,1488.5999755859375,-0.06704281095969358
2025-12-01,1378.478759765625,1390.0999755859375,1400.0,1385.4000244140625,1394.0,8867593,0.0009360071371753431,1366.5550109863282,1374.3320043945312,1383.945502319336,0.009056740213993815,1488.5999755859375,-0.06616955637207288
2025-12-02,1361.521728515625,1373.0,1381.800048828125,1370.5999755859375,1381.800048828125,12126396,-0.012301255942925748,1367.885009765625,1373.3580053710937,1384.5260021972656,0.009582172583421323,1488.5999755859375,-0.07765684366643594
2025-12-03,1379.8670654296875,1391.5,1394.199951171875,1367.0,1367.0,7955933,0.013474144209759675,1370.615008544922,1373.1440063476562,1385.170502319336,0.009769089549375687,1488.5999755859375,-0.0652290589671126
2025-12-04,1375.1070556640625,1386.699951171875,1391.5999755859375,1379.9000244140625,1387.0,7373909,-0.0034495500022457826,1373.9300048828125,1372.8480053710937,1385.8402520751954,0.009269228615565905,1488.5999755859375,-0.06845359806885189
2025-12-05,1380.858642578125,1392.5,1395.300048828125,1381.0,1381.0,4942638,0.004182627123642257,1376.4050048828126,1372.8120043945312,1386.5437518310546,0.0086240758153561,1488.5999755859375,-0.06455728682120324
2025-12-08,1377.98291015625,1389.5999755859375,1394.9000244140625,1383.300048828125,1387.0,7826227,-0.002082602810816847,1378.4850036621094,1372.9500048828124,1387.247251586914,0.00865524285107779,1488.5999755859375,-0.06650544244502757
2025-12-09,1363.7032470703125,1375.199951171875,1384.300048828125,1373.4000244140625,1379.9000244140625,10492030,-0.010362712051711576,1379.3299987792968,1372.9380029296874,1387.8227514648438,0.0089212475132689,1488.5999755859375,-0.07617897774680964
2025-12-10,1352.2001953125,1363.5999755859375,1379.4000244140625,1357.9000244140625,1377.9000244140625,8725381,-0.008435119253787482,1379.5649963378905,1373.0180029296876,1388.385001220703,0.009150350370422493,1488.5999755859375,-0.08397151823867116
2025-12-11,1348.63037109375,1360.0,1366.5999755859375,1352.800048828125,1363.699951171875,6734750,-0.002640052545021976,1378.2699951171876,1373.2560034179687,1388.9697509765624,0.007904912831618635,1488.5999755859375,-0.08638988156325773
2025-12-12,1354.5802001953125,1366.0,1370.699951171875,1363.300048828125,1368.0,3890885,0.004411764705882337,1377.9199951171875,1373.6160034179688,1389.4915008544922,0.00773146194261221,1488.5999755859375,-0.08235924868780152
2025-12-15,1353.786865234375,1365.199951171875,1370.0,1356.0999755859375,1356.0999755859375,5342530,-0.0005856872826683901,1377.2299926757812,1373.4800024414062,1390.0677508544923,0.007655411472340282,1488.5999755859375,-0.08289669920590333
2025-12-16,1354.5802001953125,1366.0,1368.699951171875,1355.5,1364.0,12359741,0.0005860305132872057,1376.8599914550782,1373.4960034179687,1390.7330010986327,0.0076112391587674156,1488.5999755859375,-0.08235924868780152
2025-12-17,1341.0938720703125,1352.4000244140625,1365.0,1343.0999755859375,1365.0,9440391,-0.009956058262033274,1375.3249938964843,1373.2760034179687,1391.4032513427735,0.007702320869944541,1488.5999755859375,-0.09149533347148178
2025-12-18,1345.4571533203125,1356.800048828125,1369.5,1345.5,1346.300048828125,7314573,0.003253493296828891,1374.0149963378906,1372.89400390625,1392.0665014648437,0.007761205791281655,1488.5999755859375,-0.0885395196287934
2025-12-19,1342.7796630859375,1354.0999755859375,1360.4000244140625,1350.800048828125,1354.0,14318512,-0.0019900303250427465,1373.2449951171875,1372.5700024414064,1392.724751586914,0.007485277002334846,1488.5999755859375,-0.09035335362481017
2025-12-22,1357.059326171875,1368.5,1371.300048828125,1354.800048828125,1358.0,9375294,0.010634387913515342,1373.2499938964843,1372.4160034179688,1393.5467517089844,0.007889983901745267,1488.5999755859375,-0.0806798183230281
2025-12-23,1351.605224609375,1363.0,1365.0,1357.0,1361.0999755859375,9105467,-0.004018998903909443,1373.509991455078,1372.0700024414064,1394.330751953125,0.007739138393622679,1488.5999755859375,-0.08437456512552963
2025-12-24,1348.43212890625,1359.800048828125,1368.199951171875,1357.5999755859375,1363.800048828125,8955140,-0.0023477264650586527,1372.7499938964843,1371.6780029296874,1395.0777520751953,0.0071758256428804176,1488.5999755859375,-0.0865242031910653
2025-12-26,1339.110595703125,1350.4000244140625,1362.0,1348.5,1356.5,2812144,-0.006912798997296243,1370.6599975585937,1371.00400390625,1395.7512524414062,0.006610089429102708,1488.5999755859375,-0.09283887776330052
2025-12-29,1332.070068359375,1343.300048828125,1355.699951171875,1341.5,1352.0999755859375,6057201,-0.005257683247612666,1368.3849975585938,1369.9020043945313,1396.3775024414062,0.006660945030018412,1488.5999755859375,-0.09760844359856989
2025-12-30,1331.276611328125,1342.5,1347.0999755859375,1338.0999755859375,1343.300048828125,18621277,-0.0005955846043651514,1366.0049987792968,1368.4060034179688,1397.0172521972656,0.006638499429238207,1488.5999755859375,-0.0981458941166717
2025-12-31,1331.67333984375,1342.9000244140625,1350.0,1339.5,1342.800048828125,6150634,0.00029796976838913913,1364.5,1366.5320043945312,1397.6575024414062,0.006162226698549216,1488.5999755859375,-0.0978771688576208
