Date,Adj Close,Close,High,Low,Open,Volume,Daily_Return,MA20,MA50,MA200,Rolling_Volatility_20D,Running_Max,Drawdown
2024-01-01,1429.635986328125,1551.3499755859375,1557.0,1535.25,1539.0,2808451,,,,,,1551.3499755859375,0.0
2024-01-02,1414.0159912109375,1534.4000244140625,1549.1500244140625,1523.0,1546.0,5396313,-0.010925936402888747,,,,,1551.3499755859375,-0.01092593640288877
2024-01-03,1373.099365234375,1490.0,1519.949951171875,1488.0,1519.949951171875,7550363,-0.028936407525812835,,,,,1551.3499755859375,-0.03954618658034652
2024-01-04,1394.018310546875,1512.699951171875,1519.75,1492.9000244140625,1504.949951171875,7056038,0.015234866558305304,,,,,1551.3499755859375,-0.024913800897482574
2024-01-05,1412.3111572265625,1532.550048828125,1539.699951171875,1506.25,1506.75,8895403,0.013122296752156482,,,,,1551.3499755859375,-0.012118430433926979
2024-01-08,1403.3260498046875,1522.800048828125,1536.0,1513.25,1528.949951171875,4440136,-0.006361945573950645,,,,,1551.3499755859375,-0.018403279213015315
2024-01-09,1409.3160400390625,1529.300048828125,1553.0,1525.8499755859375,1541.9000244140625,4412074,0.0042684527131464645,,,,,1551.3499755859375,-0.014213380026956424
2024-01-10,1400.6534423828125,1519.9000244140625,1535.449951171875,1505.0,1524.949951171875,4096845,-0.006146618788945735,,,,,1551.3499755859375,-0.020272634587173988
2024-01-11,1376.9698486328125,1494.199951171875,1525.0,1486.5999755859375,1524.9000244140625,11296088,-0.016909055088735303,,,,,1551.3499755859375,-0.036838898580880956
2024-01-12,1486.2188720703125,1612.75,1618.0,1555.4000244140625,1562.0,26754401,0.07934015038291786,,,,,1612.75,0.0
2024-01-15,1522.4815673828125,1652.0999755859375,1664.949951171875,1636.0,1644.949951171875,13228305,0.02439930279704705,,,,,1652.0999755859375,0.0
2024-01-16,1503.543701171875,1631.550048828125,1648.5,1625.0,1644.800048828125,6500917,-0.012438670214569902,,,,,1652.0999755859375,-0.012438670214569925
2024-01-17,1511.5150146484375,1640.199951171875,1647.5,1620.25,1620.25,9209876,0.0053016469522113585,,,,,1652.0999755859375,-0.007202968700391155
2024-01-18,1513.7269287109375,1642.5999755859375,1649.0,1628.25,1642.6500244140625,6375464,0.0014632511190770803,,,,,1652.0999755859375,-0.00575025733332555
2024-01-19,1529.0244140625,1659.199951171875,1665.5,1644.1500244140625,1651.5999755859375,4522736,0.01010591491091195,,,,,1659.199951171875,0.0
2024-01-23,1513.3121337890625,1642.1500244140625,1674.699951171875,1637.699951171875,1650.0999755859375,9401255,-0.010275992803501666,,,,,1659.199951171875,-0.010275992803501664
2024-01-24,1543.9534912109375,1675.4000244140625,1680.0,1645.0,1659.9000244140625,8999681,0.020247845510865448,,,,,1675.4000244140625,0.0
2024-01-25,1538.147705078125,1669.0999755859375,1680.550048828125,1658.0,1672.949951171875,8865304,-0.0037603251380686764,,,,,1675.4000244140625,-0.0037603251380686326
2024-01-29,1526.62841796875,1656.5999755859375,1679.3499755859375,1647.5999755859375,1665.1500244140625,4253785,-0.0074890660732361836,,,,,1675.4000244140625,-0.011221229887888977
2024-01-30,1521.8824462890625,1651.449951171875,1690.0,1648.25,1662.449951171875,4995943,-0.0031087917964268685,1591.0149963378906,,,,1675.4000244140625,-0.014295137216894549
2024-01-31,1530.591064453125,1660.9000244140625,1667.25,1638.0999755859375,1648.25,6763779,0.005722288607948212,1596.492498779297,,,0.02210440520356453,1675.4000244140625,-0.0086546495097916
2024-02-01,1527.0433349609375,1657.050048828125,1677.0,1650.3499755859375,1659.550048828125,5760011,-0.002318005617042318,1602.625,,,0.021888558129225435,1675.4000244140625,-0.010952593600656675
2024-02-02,1560.495361328125,1693.3499755859375,1718.5,1665.0,1666.050048828125,7858483,0.02190635508172134,1612.792498779297,,,0.020777294060482083,1693.3499755859375,0.0
2024-02-05,1554.8277587890625,1687.199951171875,1700.75,1681.8499755859375,1694.75,3634135,-0.00363186848715924,1621.5174987792968,,,0.020793633779499297,1693.3499755859375,-0.0036318684871592785
2024-02-06,1593.762939453125,1729.449951171875,1733.0,1673.949951171875,1686.75,7694265,0.025041489581987264,1631.3624938964845,,,0.02118552029750764,1729.449951171875,0.0
2024-02-07,1560.8638916015625,1693.75,1729.0,1686.8499755859375,1729.0,4613877,-0.020642373112725654,1639.9099914550782,,,0.021863391728681507,1729.449951171875,-0.02064237311272565
2024-02-08,1559.3431396484375,1692.0999755859375,1706.3499755859375,1682.800048828125,1698.0,5919715,-0.000974184155904112,1648.0499877929688,,,0.02191099005757753,1729.449951171875,-0.021596447795803032
2024-02-09,1538.378173828125,1669.3499755859375,1692.9000244140625,1659.800048828125,1684.699951171875,4600004,-0.013444832059714584,1655.5224853515624,,,0.022170745312266038,1729.449951171875,-0.03475091924181661
2024-02-12,1548.2847900390625,1680.0999755859375,1692.949951171875,1670.3499755859375,1670.3499755859375,3555808,0.006439632286349584,1664.8174865722656,,,0.02156694008435408,1729.449951171875,-0.028535070096997003
2024-02-13,1552.3857421875,1684.550048828125,1689.0999755859375,1663.5,1683.0,2696481,0.0026486954983946376,1668.407489013672,,,0.012958124250250532,1729.449951171875,-0.02596195531031461
2024-02-14,1535.4752197265625,1666.199951171875,1669.449951171875,1635.5,1660.199951171875,3768579,-0.010893174512099257,1669.1124877929688,,,0.012163142970654931,1729.449951171875,-0.03657232171254323
2024-02-15,1544.8287353515625,1676.3499755859375,1687.75,1661.5999755859375,1677.0,4834391,0.006091720508648368,1671.3524841308595,,,0.011827207443812887,1729.449951171875,-0.03070338956612012
2024-02-16,1568.14404296875,1701.6500244140625,1709.0,1687.949951171875,1689.0,4880654,0.015092343005094655,1674.4249877929688,,,0.01219321895786478,1729.449951171875,-0.016074432647776405
2024-02-19,1566.3931884765625,1699.75,1711.5,1687.699951171875,1705.0,3690993,-0.001116577666854135,1677.282489013672,,,0.01221183720848942,1729.449951171875,-0.01717306196212866
2024-02-20,1553.0306396484375,1685.25,1694.25,1668.75,1685.0,3706389,-0.008530666274452092,1678.5849914550781,,,0.012254214846319892,1729.449951171875,-0.025557230576071382
2024-02-21,1525.6610107421875,1655.550048828125,1674.0,1645.300048828125,1674.0,4300508,-0.01762346902351286,1679.2549926757813,,,0.012707095480619006,1729.449951171875,-0.04273029253820004
2024-02-22,1549.436767578125,1681.3499755859375,1684.5999755859375,1644.4000244140625,1665.0,5841277,0.01558390021254552,1679.552490234375,,,0.0123634314413077,1729.449951171875,-0.027812296940622632
2024-02-23,1545.2896728515625,1676.8499755859375,1698.449951171875,1671.9000244140625,1697.0,5373072,-0.0026764207722023148,1679.939990234375,,,0.012347293631330799,1729.449951171875,-0.030414280303570372
2024-02-26,1529.8997802734375,1660.1500244140625,1674.949951171875,1645.0,1674.949951171875,2782438,-0.009959120622010098,1680.1174926757812,,,0.01244133921070334,1729.449951171875,-0.04007050143940556
2024-02-27,1533.0792236328125,1663.5999755859375,1671.0999755859375,1652.800048828125,1661.0,5159088,0.0020780960281541194,1680.7249938964844,,,0.012423215391253998,1729.449951171875,-0.03807567576113872
2024-02-28,1540.129150390625,1671.25,1687.800048828125,1662.050048828125,1670.0,3188916,0.004598475911474997,1681.2424926757812,,,0.012400585385486178,1729.449951171875,-0.03365228992746435
2024-02-29,1542.5712890625,1673.9000244140625,1682.25,1653.300048828125,1665.0,7814722,0.0015856540996634916,1682.0849914550781,,,0.012386539697551177,1729.449951171875,-0.03211999671928747
2024-03-01,1524.87744140625,1654.699951171875,1671.949951171875,1651.0,1669.0,6387291,-0.011470262836580258,1680.152490234375,,,0.011584264663055508,1729.449951171875,-0.04322183475118746
2024-03-04,1508.75048828125,1637.199951171875,1664.449951171875,1633.6500244140625,1657.8499755859375,4445156,-0.010575935526925151,1677.652490234375,,,0.011767075831222282,1729.449951171875,-0.05334065894042867
2024-03-05,1480.459228515625,1606.5,1637.3499755859375,1602.0,1634.0,4596579,-0.01875149773239404,1671.5049926757813,,,0.010596863579261097,1729.449951171875,-0.07109193942765683
2024-03-06,1490.642333984375,1617.550048828125,1620.1500244140625,1576.0,1602.800048828125,6420684,0.006878337272409052,1667.6949951171875,,,0.010043449139431912,1729.449951171875,-0.06470259649198096
2024-03-07,1489.6285400390625,1616.449951171875,1628.449951171875,1604.199951171875,1616.5999755859375,6348359,-0.0006801011548588365,1663.9124938964844,,,0.010045631836682395,1729.449951171875,-0.06533869333624324
2024-03-11,1475.02197265625,1600.5999755859375,1613.800048828125,1588.0,1608.1500244140625,6752895,-0.009805423034871419,1660.4749938964844,,,0.00986321592349373,1729.449951171875,-0.07450344284240708
2024-03-12,1486.4031982421875,1612.949951171875,1625.0,1597.6500244140625,1600.0,4614222,0.007715841418413527,1657.1174926757812,,,0.009924994643062946,1729.449951171875,-0.06736245817409149
2024-03-13,1484.9747314453125,1611.4000244140625,1624.5,1598.550048828125,1612.9000244140625,5688997,-0.0009609267520584996,1653.4599914550781,1634.7459936523437,,0.009868854308589543,1729.449951171875,-0.06825865453800609
2024-03-14,1523.5875244140625,1653.300048828125,1657.75,1608.0,1614.4000244140625,8803799,0.026002248839048114,1652.8149963378905,1636.7849951171875,,0.011470971386609095,1729.449951171875,-0.044031284219673915
2024-03-15,1505.8016357421875,1634.0,1645.800048828125,1618.3499755859375,1641.0999755859375,11809997,-0.011673651641034621,1650.6974975585938,1638.7769946289063,,0.01163451177985763,1729.449951171875,-0.05519092998742064
2024-03-18,1476.911376953125,1602.6500244140625,1632.6500244140625,1598.8499755859375,1630.0,4958904,-0.019186031570341155,1645.7474975585938,1641.0299951171876,,0.01163070071882384,1729.449951171875,-0.07331806663262669
2024-03-19,1438.9434814453125,1561.449951171875,1599.0,1558.0,1592.3499755859375,6870411,-0.02570746739123564,1638.8324951171876,1642.0049951171875,,0.012681440140950144,1729.449951171875,-0.09714071221671562
2024-03-20,1432.9534912109375,1554.949951171875,1574.949951171875,1552.3499755859375,1563.0,4759059,-0.004162797530027573,1632.3174926757813,1642.4529931640625,,0.012639713449947677,1729.449951171875,-0.10089913262986236
2024-03-21,1432.7232666015625,1554.699951171875,1576.949951171875,1543.4000244140625,1564.0,11062497,-0.00016077687890314607,1627.2749877929687,1643.0909912109375,,0.012241573232193534,1729.449951171875,-0.10104368726113723
2024-03-22,1390.470458984375,1508.8499755859375,1528.9000244140625,1498.199951171875,1521.0,14673890,-0.02949120539392669,1618.6499877929687,1642.6819897460937,,0.012765321457138011,1729.449951171875,-0.127554992520286
2024-03-26,1375.54150390625,1492.6500244140625,1507.449951171875,1487.9000244140625,1492.0,8351081,-0.010736621555488934,1609.439990234375,1642.1369897460938,,0.012804636808635052,1729.449951171875,-0.13692210439357144
2024-03-27,1367.431884765625,1483.8499755859375,1499.0,1481.550048828125,1496.0,6857402,-0.005895587501550725,1600.6249877929688,1641.929990234375,,0.012766066228803837,1729.449951171875,-0.14201045564777345
2024-03-28,1380.5177001953125,1498.050048828125,1511.800048828125,1487.1500244140625,1487.1500244140625,12499530,0.00956974995843507,1592.3474914550782,1639.6359912109374,,0.013106124449911974,1729.449951171875,-0.13379971024137094
2024-04-01,1378.1217041015625,1495.449951171875,1529.949951171875,1492.800048828125,1525.0,6580002,-0.0017356547321526472,1583.5574890136718,1636.5029907226562,,0.01293367017882738,1729.449951171875,-0.13530313487328247
2024-04-02,1366.5103759765625,1482.8499755859375,1493.1500244140625,1480.8499755859375,1484.8499755859375,7279400,-0.00842554147403185,1574.0049865722656,1633.5289892578126,,0.012839938714216547,1729.449951171875,-0.14258867417287294
2024-04-03,1364.4830322265625,1480.6500244140625,1495.0999755859375,1475.0,1479.0,8736248,-0.0014835965931117023,1565.302490234375,1630.3379907226563,,0.012808628357178812,1729.449951171875,-0.1438607266947654
2024-04-04,1370.058349609375,1486.699951171875,1495.6500244140625,1468.0,1490.550048828125,11186915,0.004085993758185191,1557.777490234375,1627.219990234375,,0.012919712692432622,1729.449951171875,-0.1403625469679031
2024-04-05,1363.054443359375,1479.0999755859375,1486.699951171875,1476.050048828125,1480.050048828125,5072482,-0.0051119767508883696,1551.407489013672,1623.6179907226563,,0.012493595516744609,1729.449951171875,-0.14475699364199607
2024-04-08,1360.8427734375,1476.699951171875,1490.949951171875,1474.0999755859375,1483.0,6610887,-0.001622624875719958,1544.3649841308593,1620.3089892578125,,0.012244415524754694,1729.449951171875,-0.14614473221889807
2024-04-09,1377.56884765625,1494.8499755859375,1513.800048828125,1487.300048828125,1490.0,9423230,0.012290935880142184,1538.2849853515625,1616.69798828125,,0.012787385996957173,1729.449951171875,-0.13565005187167897
2024-04-10,1388.581298828125,1506.800048828125,1509.8499755859375,1484.550048828125,1500.3499755859375,6744595,0.007994162248625258,1533.594989013672,1613.4519897460937,,0.012967377589942396,1729.449951171875,-0.12874029814675034
2024-04-12,1368.26123046875,1484.75,1506.800048828125,1479.5,1504.0,12275616,-0.014633692668960196,1527.184991455078,1610.014990234375,,0.012964239573573557,1729.449951171875,-0.14149004485852068
2024-04-15,1352.963623046875,1468.1500244140625,1491.949951171875,1461.050048828125,1480.0,8531224,-0.011180316946245106,1520.0224914550781,1606.3489916992187,,0.013037173258498609,1729.449951171875,-0.15108845825850914
2024-04-16,1303.476806640625,1414.449951171875,1455.1500244140625,1413.050048828125,1451.0,16173541,-0.03657669335503988,1508.0799865722656,1601.419990234375,,0.012823083431082878,1729.449951171875,-0.1821388354063418
2024-04-18,1307.900146484375,1419.25,1444.699951171875,1407.5,1421.0999755859375,22107945,0.0033935798323214694,1497.3424865722657,1596.6639892578125,,0.013017980434948723,1729.449951171875,-0.1793633582525378
2024-04-19,1300.52783203125,1411.25,1426.8499755859375,1378.75,1385.0,20603621,-0.005636779989431018,1487.7724853515624,1591.0219897460938,,0.012695648162645533,1729.449951171875,-0.18398910645333377
2024-04-22,1320.3409423828125,1432.75,1436.8499755859375,1413.050048828125,1419.9000244140625,5859087,0.015234720992028272,1481.3374877929687,1585.9329907226563,,0.012695888786874396,1729.449951171875,-0.17155740816369458
2024-04-23,1329.2340087890625,1442.4000244140625,1446.8499755859375,1433.0,1443.0,4856174,0.006735316289696369,1475.7099914550781,1580.1919921875,,0.012929928275066827,1729.449951171875,-0.1659775852798212
2024-04-24,1318.4979248046875,1430.75,1444.300048828125,1427.050048828125,1444.300048828125,4268213,-0.008076833206374201,1469.5124938964843,1574.9319921875,,0.012938032049914778,1729.449951171875,-0.17271384521389357
2024-04-25,1325.59375,1438.449951171875,1444.9000244140625,1420.0,1420.0,9089398,0.005381758638388856,1465.9924926757812,1569.8589916992187,,0.011613089796044904,1729.449951171875,-0.16826159080395386
2024-04-26,1318.0372314453125,1430.25,1445.4000244140625,1427.0,1439.699951171875,8062444,-0.005700546734486389,1462.872491455078,1565.0769921875,,0.011474797718936822,1729.449951171875,-0.17300295447644332
2024-04-29,1322.18408203125,1434.75,1439.800048828125,1428.25,1429.949951171875,5055957,0.0031463030938647663,1460.4174926757812,1560.1699926757813,,0.011494231546139601,1729.449951171875,-0.1704009711134956
2024-04-30,1309.0982666015625,1420.550048828125,1436.550048828125,1417.550048828125,1434.699951171875,6936588,-0.009897160600714439,1456.5424926757812,1554.8899926757813,,0.01131993264089226,1729.449951171875,-0.17861164593658202
2024-05-02,1303.476806640625,1414.449951171875,1424.0,1411.8499755859375,1413.0,10076354,-0.004294180033489359,1452.4924926757812,1549.8549926757812,,0.011324214565826477,1729.449951171875,-0.1821388354063418
2024-05-03,1305.1817626953125,1416.300048828125,1424.800048828125,1403.199951171875,1422.0999755859375,8842345,0.0013079979639556427,1449.1649963378907,1544.653994140625,,0.011275103291554081,1729.449951171875,-0.1810690746682549
2024-05-06,1314.0284423828125,1425.9000244140625,1445.699951171875,1417.0999755859375,1420.0,6445422,0.006778207480738763,1446.4274963378907,1539.138994140625,,0.01145390072119438,1729.449951171875,-0.17551819094396293
2024-05-07,1327.8975830078125,1440.949951171875,1443.3499755859375,1415.5999755859375,1424.949951171875,6080661,0.01055468581256025,1444.1399963378906,1533.9629931640625,,0.011717717413927728,1729.449951171875,-0.1668160444912051
2024-05-08,1315.318603515625,1427.300048828125,1439.75,1425.5999755859375,1435.25,6234983,-0.0094728497215667,1441.55,1528.803994140625,,0.011828600714332149,1729.449951171875,-0.1747086708921604
2024-05-09,1326.607421875,1439.550048828125,1449.949951171875,1424.8499755859375,1427.550048828125,6088406,0.008582638254694741,1439.6925048828125,1524.483994140625,,0.01205076767466129,1729.449951171875,-0.16762549395969156
2024-05-10,1313.10693359375,1424.9000244140625,1435.949951171875,1413.0,1435.050048828125,8777481,-0.010176807972733126,1436.1950073242188,1519.3549951171874,,0.011770575100446008,1729.449951171875,-0.1760964094690624
2024-05-13,1311.770751953125,1423.449951171875,1425.0,1411.199951171875,1425.0,3735954,-0.001017666655444005,1432.0275024414063,1514.2869946289063,,0.011524602513834477,1729.449951171875,-0.1769348686804463
2024-05-14,1312.922607421875,1424.699951171875,1433.75,1418.050048828125,1426.4000244140625,3463230,0.0008781481912805145,1429.025,1509.5779931640625,,0.011202146859472949,1729.449951171875,-0.17621209552407194
2024-05-15,1308.5452880859375,1419.949951171875,1431.800048828125,1418.550048828125,1426.0,4327544,-0.003334035349754072,1426.6149963378907,1504.7049926757813,,0.010999343610769322,1729.449951171875,-0.17895863351829455
2024-05-16,1339.3248291015625,1453.3499755859375,1455.75,1427.0,1433.949951171875,9249145,0.02352197300087777,1428.5599975585938,1500.3469921875,,0.00896490426469037,1729.449951171875,-0.15964612066330813
2024-05-17,1330.98486328125,1444.300048828125,1457.0,1439.25,1457.0,7542860,-0.006226942518895995,1429.8125,1495.7549926757813,,0.0091089914307435,1729.449951171875,-0.16487895596546895
2024-05-21,1321.631103515625,1434.1500244140625,1444.699951171875,1428.4000244140625,1430.0,6752663,-0.007027642505653908,1430.957501220703,1491.343994140625,,0.00916676525745951,1729.449951171875,-0.17074788811189207
2024-05-22,1340.6611328125,1454.800048828125,1459.949951171875,1428.0,1428.75,7173285,0.014398789570497783,1432.0600036621095,1487.69599609375,,0.009099358216597443,1729.449951171875,-0.1588076614519242
2024-05-23,1356.88037109375,1472.4000244140625,1478.1500244140625,1450.0,1454.699951171875,8641428,0.012097865682720199,1433.5600036621095,1485.0139965820313,,0.009358675199358634,1729.449951171875,-0.14863102952683627
2024-05-24,1350.1529541015625,1465.0999755859375,1475.5,1460.0,1468.25,5277938,-0.004957924957268323,1435.2775024414063,1481.9649951171875,,0.009223222344337128,1729.449951171875,-0.15285205299338903
2024-05-27,1355.91259765625,1471.3499755859375,1479.5999755859375,1460.25,1471.8499755859375,5821844,0.004265920486074881,1436.9225036621094,1479.0629956054688,,0.009200113937486541,1729.449951171875,-0.14923818721151716
2024-05-28,1351.9500732421875,1467.050048828125,1476.0,1460.300048828125,1475.5,6186922,-0.0029224364217630416,1438.7625061035155,1476.3919970703125,,0.009111444866902808,1729.449951171875,-0.15172448451945536
2024-05-29,1337.1131591796875,1450.949951171875,1465.5,1450.0,1465.4000244140625,7401634,-0.010974470618170584,1439.5725036621093,1473.1519970703125,,0.009500480362885198,1729.449951171875,-0.16103385924021013
2024-05-30,1315.456787109375,1427.449951171875,1449.8499755859375,1421.550048828125,1442.800048828125,9663150,-0.016196285737505978,1439.917498779297,1469.4729956054687,,0.00996022955182813,1729.449951171875,-0.17462199458004832
2024-05-31,1322.4598388671875,1406.9000244140625,1436.75,1400.0,1409.800048828125,37113815,-0.014396250278997047,1439.5400024414062,1464.5449951171875,,0.010449051233623061,1729.449951171875,-0.18650434292085338
2024-06-03,1321.5198974609375,1405.9000244140625,1440.0,1404.0,1440.0,10589244,-0.0007107825592770345,1439.020001220703,1459.9829956054687,,0.010443305124222707,1729.449951171875,-0.18708256144595287
2024-06-04,1310.005126953125,1393.6500244140625,1415.0,1358.3499755859375,1409.0,13736134,-0.008713279598316692,1437.4075012207031,1455.8029956054688,,0.010463853704542423,1729.449951171875,-0.19416573837842172
2024-06-05,1344.267333984375,1430.0999755859375,1438.0,1400.1500244140625,1400.1500244140625,9233424,0.026154307418176703,1436.8650024414062,1453.17599609375,,0.011865210741814904,1729.449951171875,-0.17308970137187144
2024-06-06,1383.887451171875,1472.25,1474.300048828125,1437.5,1444.949951171875,12660930,0.02947348096890412,1439.1125,1451.5219970703124,,0.013381539503116933,1729.449951171875,-0.1487177764222644
2024-06-07,1441.555419921875,1533.5999755859375,1539.699951171875,1477.25,1481.0,24075302,0.04167089528676349,1443.8149963378905,1451.0999975585937,,0.016062454501361,1729.449951171875,-0.11324408402407343
2024-06-10,1409.7369384765625,1499.75,1529.800048828125,1497.300048828125,1525.300048828125,6810606,-0.022072232736574326,1447.5574951171875,1450.917998046875,,0.016791080775030876,1729.449951171875,-0.1328167669820282
2024-06-11,1405.9771728515625,1495.75,1506.449951171875,1493.949951171875,1500.050048828125,4853054,-0.0026671111851975793,1451.1724975585937,1450.9799975585938,,0.016814313565670275,1729.449951171875,-0.1351296410824262
2024-06-12,1396.0601806640625,1485.199951171875,1508.75,1482.75,1507.0,9564320,-0.007053350378154799,1454.1974975585938,1451.0069970703125,,0.016950370953356095,1729.449951171875,-0.14122987475555232
2024-06-13,1404.2850341796875,1493.949951171875,1505.0,1489.3499755859375,1495.0,7307565,0.0058914626229928935,1457.8974975585938,1450.9249951171876,,0.01691686701246988,1729.449951171875,-0.13617046266093172
2024-06-14,1399.5382080078125,1488.9000244140625,1503.699951171875,1486.050048828125,1503.699951171875,4237727,-0.0033802516301508767,1459.675,1450.7939965820312,,0.016227756142348525,1729.449951171875,-0.13909042386269455
2024-06-18,1408.2799072265625,1498.199951171875,1507.0,1495.4000244140625,1497.0,5420939,0.006246172748551215,1462.3699951171875,1451.10099609375,,0.016161482322465674,1729.449951171875,-0.13371303392925887
2024-06-19,1420.640869140625,1511.3499755859375,1515.6500244140625,1496.699951171875,1505.0,5493456,0.00877721588748992,1466.2299926757812,1451.7149951171875,,0.01608529782244712,1729.449951171875,-0.12610944620753725
2024-06-20,1424.44775390625,1515.4000244140625,1517.5,1499.0999755859375,1516.300048828125,7927010,0.0026797557769866476,1469.259991455078,1452.2889965820314,,0.01585022523889918,1729.449951171875,-0.12376763294755787
2024-06-21,1440.709228515625,1532.699951171875,1557.75,1523.699951171875,1545.0,17301941,0.01141607923921062,1472.2749877929687,1453.36099609375,,0.015828446436370092,1729.449951171875,-0.11376449481332619
2024-06-24,1435.492431640625,1527.1500244140625,1529.0999755859375,1515.4000244140625,1524.550048828125,5564989,-0.00362101320194419,1475.377490234375,1454.3699975585937,,0.01579975009351435,1729.449951171875,-0.11697356527763877
2024-06-25,1449.404052734375,1541.949951171875,1543.9000244140625,1520.3499755859375,1526.0,4551525,0.009691206837056487,1478.907489013672,1455.3119970703126,,0.01588355675945439,1729.449951171875,-0.10841597345615583
2024-06-26,1448.229248046875,1540.699951171875,1548.8499755859375,1535.0,1541.0,4851004,-0.0008106618499841289,1482.5899841308594,1455.9899951171874,,0.015852849811124888,1729.449951171875,-0.1091387466125302
2024-06-27,1478.919677734375,1573.3499755859375,1578.4000244140625,1532.050048828125,1538.449951171875,14757754,0.021191682643481924,1488.7099853515624,1457.7619946289062,,0.01603697977418669,1729.449951171875,-0.0902598976513684
2024-06-28,1472.7156982421875,1566.75,1588.5,1564.25,1572.550048828125,8197544,-0.004194855364890837,1495.6749877929688,1459.733994140625,,0.015448195102318771,1729.449951171875,-0.09407612580036187
2024-07-01,1495.3223876953125,1590.800048828125,1599.9000244140625,1559.5,1559.5,6801771,0.015350278492500369,1504.8699890136718,1463.26099609375,,0.014928124658698354,1729.449951171875,-0.08016994203839252
2024-07-02,1523.7568359375,1621.050048828125,1633.800048828125,1586.5,1596.199951171875,10493173,0.019015589056766702,1515.627490234375,1467.2969970703125,,0.015093657126951281,1729.449951171875,-0.06267883165413271
2024-07-03,1529.7255859375,1627.4000244140625,1636.0,1606.0,1625.0,7269965,0.003917198972683167,1527.314990234375,1471.6199975585937,,0.01464815191464089,1729.449951171875,-0.05900715813641411
2024-07-04,1551.5802001953125,1650.6500244140625,1660.0,1628.0,1628.199951171875,8008311,0.014286591895788625,1538.3424926757812,1475.977998046875,,0.014099161465259597,1729.449951171875,-0.04556357742785079
2024-07-05,1548.5721435546875,1647.449951171875,1665.8499755859375,1633.3499755859375,1651.449951171875,7065022,-0.0019386745796241556,1547.102490234375,1480.0789965820313,,0.013220183349592804,1729.449951171875,-0.04741391905815882
2024-07-08,1561.9200439453125,1661.6500244140625,1666.0,1640.0,1643.0999755859375,5880533,0.008619426181709855,1553.5049926757813,1484.6969970703126,,0.010213505600472175,1729.449951171875,-0.039203173651756316
2024-07-09,1557.6900634765625,1657.1500244140625,1666.75,1651.0,1659.9000244140625,5191182,-0.002708151496333744,1561.3749938964843,1489.0709985351561,,0.008353645003041081,1729.449951171875,-0.04180515701470406
2024-07-10,1549.32421875,1648.25,1674.0,1637.550048828125,1657.0,9852770,-0.005370681159184376,1568.9999938964843,1493.4309985351563,,0.008505344615669106,1729.449951171875,-0.046951316004752795
2024-07-11,1553.5072021484375,1652.699951171875,1665.0,1642.050048828125,1656.0,8857679,0.002699803532155265,1577.3749938964843,1497.7899975585938,,0.008051394241822349,1729.449951171875,-0.044378271801386454
2024-07-12,1609.012939453125,1711.75,1719.75,1666.6500244140625,1680.0,17078316,0.035729443076618184,1588.2649963378906,1503.6139965820312,,0.010531941195586052,1729.449951171875,-0.01023443966093469
2024-07-15,1604.59521484375,1707.050048828125,1728.0,1702.6500244140625,1726.199951171875,6942230,-0.002745699530816381,1599.1724975585937,1509.4659985351564,,0.010500314182530371,1729.449951171875,-0.012952038495575907
2024-07-16,1622.454833984375,1726.050048828125,1737.9000244140625,1700.0,1718.5999755859375,6886281,0.011130312209090443,1610.5650024414062,1515.6609985351563,,0.010540742984173698,1729.449951171875,-0.0019658865186854505
2024-07-18,1652.5343017578125,1758.050048828125,1765.4000244140625,1719.0,1719.0,11248896,0.018539439236843647,1622.9000061035156,1522.3039990234374,,0.010841519409499487,1758.050048828125,0.0
2024-07-19,1685.3394775390625,1792.949951171875,1844.0,1786.449951171875,1844.0,29819116,0.01985148395918168,1636.7775024414063,1529.3439990234374,,0.011104463023737316,1792.949951171875,0.0
2024-07-22,1702.1650390625,1810.8499755859373,1823.0,1792.949951171875,1800.1500244140625,8462126,0.00998356055748384,1650.6850036621095,1537.0149975585937,,0.01108928999815712,1810.8499755859373,0.0
2024-07-23,1726.6517333984375,1836.9000244140625,1839.949951171875,1783.25,1810.0,7113056,0.014385536725479486,1666.1725036621094,1544.9619970703125,,0.010786138993550456,1836.9000244140625,0.0
2024-07-24,1723.878662109375,1833.949951171875,1842.3499755859373,1819.5999755859373,1837.5,6002845,-0.0016060064254876938,1680.7725036621093,1553.1429956054687,,0.011058660095421616,1836.9000244140625,-0.0016060064254877014
2024-07-25,1715.3250732421875,1824.8499755859373,1830.9000244140625,1812.0,1820.0,5815599,-0.004961954158085313,1694.9800048828124,1561.17099609375,,0.011284526532573355,1836.9000244140625,-0.006559991653312201
2024-07-26,1766.1309814453125,1878.9000244140625,1883.0,1825.3499755859373,1825.3499755859373,11369047,0.029618899937662313,1710.2575073242188,1570.2549975585937,,0.011920479592757584,1878.9000244140625,0.0
2024-07-29,1758.799072265625,1871.0999755859373,1903.0,1864.0,1893.5999755859373,4635931,-0.004151391094136425,1725.4750061035156,1579.277998046875,,0.011917954959091008,1878.9000244140625,-0.004151391094136413
2024-07-30,1764.4859619140625,1877.1500244140625,1879.949951171875,1860.0,1871.0999755859373,2721265,0.003233418260417009,1739.7925048828124,1587.7539990234375,,0.011885133855848773,1878.9000244140625,-0.0009313960174894031
2024-07-31,1756.1199951171875,1868.25,1885.1500244140625,1865.050048828125,1877.0,5004209,-0.004741243000457862,1752.1525024414063,1596.232998046875,,0.011952830394027615,1878.9000244140625,-0.005668223043098701
2024-08-01,1741.409423828125,1852.5999755859373,1867.9000244140625,1845.0999755859373,1856.0999755859373,7475014,-0.00837683629817354,1763.4125,1604.6019970703126,,0.012436270525261485,1878.9000244140625,-0.013997577564738673
2024-08-02,1711.8939208984375,1821.199951171875,1859.5,1816.1500244140625,1843.0,7400938,-0.016949165944003197,1771.9399963378905,1611.9299951171874,,0.013344856683096264,1878.9000244140625,-0.03070949624378303
2024-08-05,1646.7532958984375,1751.9000244140625,1797.5,1718.550048828125,1784.949951171875,10736703,-0.03805179475939502,1777.1625,1617.5199951171876,,0.016423018115832227,1878.9000244140625,-0.06759273955494526
2024-08-06,1646.0013427734375,1751.0999755859375,1796.949951171875,1744.8499755859375,1760.199951171875,7690163,-0.0004566749340577658,1781.6349975585938,1623.2399951171874,,0.016390937490374135,1878.9000244140625,-0.06801854657912393
2024-08-07,1684.11767578125,1791.6500244140625,1797.9000244140625,1762.0999755859375,1796.0,5094329,0.02315690102991197,1788.3599975585937,1629.64599609375,,0.01694830946139235,1878.9000244140625,-0.04643674430054309
2024-08-08,1638.5284423828125,1743.1500244140625,1779.949951171875,1727.0999755859375,1779.949951171875,6227910,-0.02707001888712135,1793.104998779297,1635.1679956054688,,0.018229014777122993,1878.9000244140625,-0.07224971964239227
2024-08-09,1664.471923828125,1770.75,1780.75,1756.0,1771.25,4258524,0.015833390815122028,1799.007501220703,1641.5639965820312,,0.018454283328353,1878.9000244140625,-0.05756028687465116
2024-08-12,1689.5224609375,1797.4000244140625,1803.5,1768.0999755859375,1773.050048828125,4315329,0.01505013379306086,1803.2900024414062,1648.962998046875,,0.0170892405917657,1878.9000244140625,-0.04337644310022077
2024-08-13,1689.5693359375,1797.449951171875,1810.0,1789.050048828125,1810.0,4176918,2.7777209933521618e-05,1807.8099975585938,1656.7739965820313,,0.017054937305198095,1878.9000244140625,-0.0433498707668535
2024-08-14,1713.821044921875,1823.25,1825.0,1797.449951171875,1802.0,7450718,0.014353695251043908,1812.6699951171875,1665.12099609375,,0.017153520574926095,1878.9000244140625,-0.029618406349969064
2024-08-16,1747.3782958984375,1858.949951171875,1861.8499755859373,1829.5,1850.0,7335657,0.01958039279960233,1817.714990234375,1674.4269946289062,,0.01720502649790681,1878.9000244140625,-0.010617953580797338
2024-08-19,1752.877197265625,1864.800048828125,1867.550048828125,1849.199951171875,1860.0,2585989,0.003146990403137151,1821.3074951171875,1683.12099609375,,0.016739785862683553,1878.9000244140625,-0.00750437777568
2024-08-20,1759.8331298828125,1872.199951171875,1885.699951171875,1868.199951171875,1880.0,3870333,0.00396820149613375,1824.3749938964843,1691.1199951171875,,0.016644458508470714,1878.9000244140625,-0.003565955162663286
2024-08-21,1760.3028564453125,1872.699951171875,1879.0,1867.0999755859373,1875.0999755859373,1966902,0.00026706549142208047,1826.164990234375,1697.9019946289063,,0.01637985895998238,1878.9000244140625,-0.0032998420148091707
2024-08-22,1767.39990234375,1880.25,1893.6500244140625,1869.699951171875,1884.0,4300287,0.004031638289625938,1828.4799926757812,1705.5119946289062,,0.016379465605869666,1880.25,0.0
2024-08-23,1750.3392333984375,1862.0999755859373,1882.5999755859373,1857.0,1878.199951171875,5015935,-0.009652984663774844,1830.3424926757812,1712.838994140625,,0.016508075485001092,1880.25,-0.009652984663774886
2024-08-26,1763.5460205078125,1876.1500244140625,1888.75,1864.0,1870.0,3728589,0.007545270937294513,1830.2049926757813,1720.6579956054688,,0.015189110836875602,1880.25,-0.0021805481111221913
2024-08-27,1786.05859375,1900.0999755859373,1902.75,1873.9000244140625,1876.1500244140625,3830679,0.012765477632501465,1831.6549926757812,1728.78099609375,,0.015412959533219157,1900.0999755859373,0.0
2024-08-28,1822.7177734375,1939.0999755859373,1951.0,1897.4000244140625,1906.9000244140625,6514531,0.020525235777645534,1834.752490234375,1737.7849951171875,,0.016024597696725266,1939.0999755859373,0.0
2024-08-29,1817.31298828125,1933.3499755859373,1950.5,1920.9000244140625,1933.0,7228284,-0.002965293214581388,1838.0074890136718,1746.4879956054688,,0.015991634682636858,1939.0999755859373,-0.002965293214581432
2024-08-30,1827.041748046875,1943.699951171875,1950.0,1928.0,1938.0,13466759,0.005353389565591282,1842.5624877929688,1755.1349951171876,,0.01582394314448331,1943.699951171875,0.0
2024-09-02,1846.59326171875,1964.5,1975.75,1942.800048828125,1943.3499755859373,5573739,0.010701265293331153,1849.727490234375,1764.1169946289062,,0.015229885516007912,1964.5,0.0
2024-09-03,1824.7386474609373,1941.25,1967.0,1936.449951171875,1967.0,4694322,-0.011835072537541347,1859.1949890136718,1772.2879956054687,,0.01226896791938046,1964.5,-0.011835072537541359
2024-09-04,1807.0670166015625,1922.449951171875,1927.199951171875,1900.050048828125,1921.0999755859373,4778310,-0.009684506801352244,1867.7624877929688,1780.193994140625,,0.01266079397653449,1964.5,-0.021404962498409265
2024-09-05,1817.125,1933.1500244140625,1940.0,1909.5999755859373,1926.25,4081810,0.005565852695236684,1874.8374877929687,1788.0179956054687,,0.011903497500382394,1964.5,-0.01595824667138585
2024-09-06,1787.703369140625,1901.8499755859373,1936.5,1896.8499755859373,1922.0,5848106,-0.01619121559777148,1882.7724853515624,1795.24099609375,,0.010591219309590217,1964.5,-0.03189107885673847
2024-09-09,1780.935791015625,1894.6500244140625,1920.8499755859373,1889.0,1890.0,4772612,-0.0037857618972582108,1888.9674865722657,1801.6669970703124,,0.010384963824767241,1964.5,-0.03555610872279842
2024-09-10,1797.5263671875,1912.300048828125,1935.0,1896.0,1904.9000244140625,6909600,0.009315717513328492,1894.7124877929687,1808.577998046875,,0.010123365534650965,1964.5,-0.026571621874204632
2024-09-11,1795.50537109375,1910.1500244140625,1926.0,1905.0,1914.699951171875,5312946,-0.0011243133186029652,1900.3474914550782,1814.9649975585937,,0.010145330780596375,1964.5,-0.027666060364437518
2024-09-12,1833.386474609375,1950.449951171875,1956.4000244140625,1910.800048828125,1925.0,8555092,0.02109778092962844,1906.7074890136719,1821.5529956054688,,0.01063932018877383,1964.5,-0.007151971915563757
2024-09-13,1827.417724609375,1944.0999755859373,1958.5999755859373,1935.6500244140625,1950.449951171875,3843127,-0.0032556465148579905,1910.964990234375,1827.8869946289062,,0.010022483628129679,1964.5,-0.010384334137980518
2024-09-16,1833.198486328125,1950.25,1952.0,1933.050048828125,1945.75,1570181,0.0031634301174296997,1915.2374877929688,1833.878994140625,,0.010022558333672445,1964.5,-0.007253754135912446
2024-09-17,1835.360595703125,1952.550048828125,1958.449951171875,1942.1500244140625,1947.75,2793127,0.0011793610194206217,1919.2549926757813,1839.98099609375,,0.010017383982411494,1964.5,-0.006082947911364215
2024-09-18,1778.585693359375,1892.1500244140625,1938.75,1881.300048828125,1938.75,6385468,-0.030933918672309213,1920.2274963378907,1844.59099609375,,0.01245832820913133,1964.5,-0.036828697167695344
2024-09-19,1780.5126953125,1894.199951171875,1924.9000244140625,1878.800048828125,1910.5999755859373,7976570,0.001083384896209516,1920.9249938964845,1849.3319946289062,,0.012432888195782489,1964.5,-0.035785211925744465
2024-09-20,1791.36962890625,1905.75,1915.0,1867.4000244140625,1905.0,15242974,0.006097586910494446,1923.1074951171875,1854.4819946289062,,0.012257301049378371,1964.5,-0.029905828455077627
2024-09-23,1782.6275634765625,1896.449951171875,1918.9000244140625,1878.449951171875,1909.0,3636672,-0.004879994137806598,1924.122491455078,1859.3569946289062,,0.012235280239492939,1964.5,-0.03463988232533723
2024-09-24,1784.6484375,1898.5999755859373,1910.9000244140625,1871.4000244140625,1888.0,7277616,0.0011337100737796035,1924.0474914550782,1863.093994140625,,0.011898882922763594,1964.5,-0.033545443835104466
2024-09-25,1781.5467529296875,1895.300048828125,1901.5999755859373,1876.800048828125,1886.3499755859373,4268341,-0.0017380842727514612,1921.8574951171875,1866.858994140625,,0.010877999763592928,1964.5,-0.03522522329950369
2024-09-26,1786.199462890625,1900.25,1917.949951171875,1893.0,1897.800048828125,8952803,0.0026116979076402647,1920.2024963378906,1870.3429931640626,,0.010898727419489648,1964.5,-0.03270552303385085
2024-09-27,1792.3094482421875,1906.75,1974.5999755859373,1903.300048828125,1932.0999755859373,14908931,0.003420602552295815,1918.354998779297,1873.3169921875,,0.010849693671299225,1964.5,-0.02939679307711886
2024-09-30,1763.0289306640625,1875.5999755859373,1901.25,1870.5,1880.0,6986955,-0.01633671137488535,1913.9099975585937,1874.9699926757812,,0.011010985280026812,1964.5,-0.045253257528156135
2024-10-01,1790.0533447265625,1904.3499755859373,1908.949951171875,1875.0,1875.0,4029072,0.015328428435822827,1912.0649963378905,1876.8399926757813,,0.011434228218260657,1964.5,-0.030618490411841552
2024-10-03,1779.7607421875,1893.4000244140625,1911.8499755859373,1881.0,1889.5,7503887,-0.005749967869485562,1910.6125,1877.9699926757812,,0.011308227102389183,1964.5,-0.03619240294524688
2024-10-04,1803.025146484375,1918.1500244140625,1954.0999755859373,1886.0,1889.550048828125,10001483,0.013071722658110296,1909.8625,1879.653994140625,,0.011646605737472488,1964.5,-0.023593777340767372
2024-10-07,1818.2059326171875,1934.300048828125,1942.0,1916.050048828125,1923.199951171875,6112575,0.008419583561507737,1911.4850036621094,1881.8429956054688,,0.011172457280316694,1964.5,-0.015372843559111733
2024-10-08,1831.6005859375,1948.550048828125,1957.949951171875,1906.3499755859373,1937.9000244140625,5637391,0.007367005966128826,1914.1800048828125,1883.23599609375,,0.011204243887357765,1964.5,-0.008119089423199288
2024-10-09,1835.5484619140625,1952.75,1977.0,1945.0999755859373,1952.550048828125,4857163,0.0021554238108489887,1916.2025024414063,1884.8689965820313,,0.011053519264726416,1964.5,-0.005981165691015525
2024-10-10,1803.82421875,1919.0,1964.0,1914.0999755859373,1957.9000244140625,4782119,-0.017283318397132263,1916.645001220703,1885.70599609375,,0.011791049518996902,1964.5,-0.02316110969712395
2024-10-11,1818.9578857421875,1935.0999755859373,1947.0,1910.0999755859373,1918.0,4709431,0.008389773624772001,1915.8775024414062,1887.0429956054688,,0.010921512570751834,1964.5,-0.014965652539609431
2024-10-14,1841.3294677734373,1958.9000244140625,1969.5,1931.0999755859373,1932.1500244140625,3751378,0.012299131377395023,1916.6175048828125,1889.1689965820312,,0.011251642783155337,1964.5,-0.0028505856889475692
2024-10-15,1841.70556640625,1959.300048828125,1991.449951171875,1951.75,1960.0,5353705,0.0002042086931834941,1917.0700073242188,1891.9309985351563,,0.011233385805835152,1964.5,-0.00264695911014253
2024-10-16,1804.8582763671875,1920.0999755859373,1959.550048828125,1916.3499755859373,1955.0,3111512,-0.020007182292285264,1915.4475036621093,1895.2949975585936,,0.012110055189395855,1964.5,-0.022601183208990953
2024-10-17,1849.9771728515625,1968.0999755859373,1978.0,1930.1500244140625,1935.199951171875,8162822,0.02499869830233825,1919.2450012207032,1899.6349975585938,,0.011201173171459461,1968.0999755859373,0.0
2024-10-18,1766.7889404296875,1879.5999755859373,1936.8499755859373,1869.25,1893.800048828125,10526196,-0.04496722783285034,1918.5150024414058,1901.3939965820311,,0.015365038706669954,1968.0999755859373,-0.04496722783285032
2024-10-21,1741.5504150390625,1852.75,1898.800048828125,1838.0,1891.0999755859373,4654601,-0.014284941442163634,1915.865002441406,1903.58599609375,,0.015594485554479785,1968.0999755859373,-0.05860981505860524
2024-10-22,1740.46923828125,1851.5999755859373,1877.800048828125,1846.949951171875,1858.199951171875,4125240,-0.0006207121382068026,1913.622503662109,1905.2029956054687,,0.015571979955502,1968.0999755859373,-0.05919414737318715
2024-10-23,1760.961181640625,1873.4000244140625,1886.0,1844.0,1845.25,4311910,0.011773627735778502,1912.3625061035152,1906.7229956054687,1664.976245727539,0.01583115994212629,1968.0999755859373,-0.04811744949271744
2024-10-24,1751.5142822265625,1863.3499755859373,1884.0,1860.0,1861.4000244140625,2906475,-0.005364603767029741,1910.7650024414058,1908.04099609375,1666.5362457275392,0.01586624508801653,1968.0999755859373,-0.05322392220893866
2024-10-25,1750.292236328125,1862.050048828125,1876.3499755859373,1846.4000244140625,1863.449951171875,4689120,-0.0006976288806956887,1908.8550048828122,1908.8169970703125,1668.1744958496095,0.015846819046636935,1968.0999755859373,-0.05388442054435745
2024-10-28,1753.394287109375,1865.3499755859373,1881.9000244140625,1857.0,1859.699951171875,7018940,0.0017722008921774446,1906.785003662109,1908.9449975585937,1670.051245727539,0.015827471289376015,1968.0999755859373,-0.05220771367034317
2024-10-29,1748.5933837890625,1839.300048828125,1851.5999755859373,1829.0,1846.0,4621252,-0.013965168519987525,1904.9700073242184,1908.4349975585938,1671.6842462158204,0.01571482186182965,1968.0999755859373,-0.06544379267088112
2024-10-30,1713.2276611328125,1802.0999755859373,1839.0,1796.3499755859375,1832.0,5919715,-0.020225124914169945,1899.8575073242184,1907.032998046875,1673.0319958496093,0.015798127532812855,1968.0999755859373,-0.08434530870342546
2024-10-31,1670.5897216796875,1757.25,1787.9000244140625,1746.5,1787.9000244140625,7395236,-0.024887617886657276,1893.0500061035152,1904.7239990234375,1674.2042456054687,0.016557986758478405,1968.0999755859373,-0.10713377277653977
2024-11-01,1674.011962890625,1760.8499755859375,1766.0,1752.050048828125,1764.5,371966,0.0020486416764475823,1885.185003662109,1902.3359985351562,1675.3619952392578,0.01615259464561958,1968.0999755859373,-0.10530460981195729
2024-11-04,1676.674072265625,1763.6500244140625,1767.0,1718.0,1724.5,7336722,0.0015901688769330846,1876.6525024414059,1900.3669995117189,1676.5807452392578,0.01594386243044888,1968.0999755859373,-0.10388189304814482
2024-11-05,1667.68994140625,1754.199951171875,1768.449951171875,1745.0,1760.0,3160880,-0.005358247447833087,1866.9349975585933,1897.927998046875,1677.8807452392577,0.015698002279464277,1968.0999755859373,-0.10868351560767667
2024-11-06,1733.762451171875,1823.699951171875,1827.199951171875,1762.6500244140625,1764.0,10421494,0.03961920073796099,1860.4824951171872,1896.3999975585937,1678.935494995117,0.018582274815277924,1968.0999755859373,-0.07337026889148347
2024-11-07,1714.1309814453125,1803.050048828125,1825.699951171875,1787.0,1812.949951171875,4550965,-0.011323081042186156,1854.6849975585933,1893.6789990234374,1679.6902453613282,0.0183921636736703,1968.0999755859373,-0.08386257243292433
2024-11-08,1739.704345703125,1829.949951171875,1840.5999755859373,1813.1500244140625,1818.0,4210960,0.014919110182900042,1849.4274963378903,1891.6109985351563,1680.6822448730468,0.01866004579234877,1968.0999755859373,-0.07019461720837257
2024-11-11,1768.367431640625,1860.0999755859373,1868.0,1822.550048828125,1829.0,3804234,0.01647587377717885,1844.487493896484,1889.9389990234374,1681.7817449951172,0.01885816938411654,1968.0999755859373,-0.05487526108415633
2024-11-12,1776.638427734375,1868.800048828125,1881.0,1861.0,1871.0999755859373,5012450,0.0046772073309915285,1839.962493896484,1888.025,1682.9127453613282,0.018917298092922197,1968.0999755859373,-0.05045471672659768
2024-11-13,1776.258056640625,1868.4000244140625,1873.199951171875,1856.300048828125,1861.0999755859373,4257495,-0.00021405415432929065,1837.3774963378903,1886.5680004882813,1683.958745727539,0.018448129580580407,1968.0999755859373,-0.050657970839206166
2024-11-14,1772.5980224609375,1864.550048828125,1876.0,1856.0,1865.5999755859373,4311431,-0.0020605735044051388,1832.2,1885.4100024414063,1685.0707458496095,0.01738723619618258,1968.0999755859373,-0.05261415987111309
2024-11-18,1722.11669921875,1811.449951171875,1849.199951171875,1795.0,1849.199951171875,4839244,-0.028478773036756833,1828.792498779297,1882.9760009765625,1685.7509954833984,0.015565893090004874,1968.0999755859373,-0.07959454619038084
2024-11-19,1734.7607421875,1824.75,1859.699951171875,1820.550048828125,1825.5,4669769,0.007342211591063297,1827.3924987792968,1881.4340014648437,1686.5292456054688,0.015398128782008698,1968.0999755859373,-0.07283673459894206
2024-11-21,1743.6021728515625,1834.050048828125,1867.0,1820.5999755859373,1842.0,5436504,0.005096615332579768,1826.5150024414063,1880.222001953125,1687.4164959716798,0.015451657063326981,1968.0999755859373,-0.06811134008469427
2024-11-22,1808.4388427734373,1902.25,1914.050048828125,1834.0,1854.0999755859373,6301486,0.03718543625101822,1827.957501220703,1880.0210009765624,1688.6704962158203,0.01742143232935313,1968.0999755859373,-0.03345865372836693
2024-11-25,1796.507568359375,1889.699951171875,1919.300048828125,1882.0,1916.0,12764638,-0.006597476056314888,1829.275,1879.6119995117188,1689.8144958496093,0.017446956281180148,1968.0999755859373,-0.03983538711783238
2024-11-26,1829.2587890625,1924.1500244140625,1938.5999755859373,1897.300048828125,1904.949951171875,6850495,0.018230446172591508,1832.3799987792968,1879.0860009765624,1691.1499957275391,0.017867132431787513,1968.0999755859373,-0.02233115782585695
2024-11-27,1829.591552734375,1924.5,1941.4000244140625,1911.75,1930.0999755859373,4447143,0.00018188581009637161,1835.3375,1878.6940014648437,1692.3057458496094,0.017870765215831554,1968.0999755859373,-0.022153333736492125
2024-11-28,1765.087646484375,1856.6500244140625,1914.9000244140625,1851.6500244140625,1914.9000244140625,8468790,-0.03525589794021178,1836.2049987792968,1876.822001953125,1693.1529962158204,0.01942074767028204,1968.0999755859373,-0.05662819600345465
2024-11-29,1766.2283935546875,1857.8499755859373,1877.0,1845.0,1851.0999755859373,5244346,0.0006462990634186205,1838.992498779297,1874.9280004882812,1693.7949963378906,0.01879062305553156,1968.0999755859373,-0.05601849569007625
2024-12-02,1787.095947265625,1879.800048828125,1882.800048828125,1835.199951171875,1859.0,2868263,0.011814771661132095,1845.1200012207032,1874.6810009765625,1694.7252465820313,0.017825637306603262,1968.0999755859373,-0.044865569764322495
2024-12-03,1798.789306640625,1892.0999755859373,1899.75,1871.1500244140625,1887.0,4715792,0.0065432101491220696,1851.6825012207032,1874.6390014648437,1695.7252465820313,0.01783434827706196,1968.0999755859373,-0.03861592446662852
2024-12-04,1796.0799560546875,1889.25,1913.949951171875,1875.0,1884.0,4705573,-0.0015062499987902322,1857.9625,1874.3090014648437,1696.8247467041015,0.017867509656428755,1968.0999755859373,-0.04006400922923759
2024-12-05,1839.4310302734373,1934.8499755859373,1949.9000244140625,1888.949951171875,1900.0,9050038,0.024136549205207025,1866.9950012207032,1875.077001953125,1698.0984967041015,0.01830141747224031,1968.0999755859373,-0.01689446695414998
2024-12-06,1827.594970703125,1922.4000244140625,1937.949951171875,1912.4000244140625,1932.800048828125,3573331,-0.00643458217896431,1871.9300048828125,1875.5530029296874,1699.2877465820313,0.01653816477883246,1968.0999755859373,-0.023220340297128002
2024-12-09,1828.783447265625,1923.6500244140625,1930.199951171875,1897.199951171875,1924.199951171875,4274645,0.0006502288723082561,1877.9600036621093,1876.1200024414063,1700.5749969482422,0.016214747525604912,1968.0999755859373,-0.02258520996050582
2024-12-10,1852.45556640625,1948.550048828125,1965.5999755859373,1932.0,1939.0,6174921,0.012944155172740945,1883.8900085449218,1877.0860034179686,1701.935997314453,0.016146566777455837,1968.0999755859373,-0.009933401250102614
2024-12-11,1876.79296875,1974.1500244140625,1978.0,1952.0,1955.0,5025612,0.013137961532645015,1889.592510986328,1878.43400390625,1703.298497314453,0.016019622264420396,1974.1500244140625,0.0
2024-12-12,1889.0091552734373,1987.0,1998.800048828125,1970.550048828125,1975.199951171875,6462130,0.006509118064495389,1895.502508544922,1880.6620043945313,1704.7347473144532,0.01603433347227027,1987.0,0.0
2024-12-13,1901.0830078125,1999.699951171875,2006.449951171875,1953.800048828125,1969.75,5362693,0.006391520468985945,1902.0675048828125,1882.56900390625,1706.3069970703125,0.01602847881618863,1999.699951171875,0.0
2024-12-16,1882.4019775390625,1980.050048828125,1999.5999755859373,1977.5999755859373,1995.449951171875,3119221,-0.009826425375584313,1907.8425048828126,1884.3020043945312,1707.9294970703124,0.016263227915963276,1999.699951171875,-0.009826425375584301
2024-12-17,1879.1221923828125,1976.5999755859373,1982.0,1958.0,1968.0,5811050,-0.0017424171900248808,1916.1000061035156,1885.4710034179689,1709.4057470703126,0.014534797731094146,1999.699951171875,-0.011551720833118265
2024-12-18,1881.5465087890625,1979.1500244140625,1984.949951171875,1961.5999755859373,1966.800048828125,3064095,0.0012901188200051816,1923.8200073242188,1886.3680029296875,1710.917247314453,0.014534905125649807,1999.699951171875,-0.010276505105563322
2024-12-19,1850.2213134765625,1946.199951171875,1959.75,1920.0,1934.0,5323592,-0.016648598052561803,1929.4275024414062,1886.3210009765626,1712.3474969482422,0.015257281741536548,1999.699951171875,-0.02675401375523745
2024-12-20,1827.3575439453125,1922.1500244140625,1979.949951171875,1911.25,1975.1500244140625,11056720,-0.012357377125269742,1930.4225036621094,1885.7090014648438,1713.6402471923827,0.013328962476461644,1999.699951171875,-0.03878078144291911
2024-12-23,1829.4014892578125,1924.300048828125,1940.0,1909.0,1930.050048828125,2781793,0.001118551823090952,1932.1525085449218,1885.8150024414062,1714.9054974365235,0.013220735718574165,1999.699951171875,-0.03770560793361211
2024-12-24,1814.903564453125,1909.050048828125,1942.0,1840.0,1927.050048828125,2360544,-0.007924959524522768,1931.397509765625,1885.29400390625,1716.0812475585938,0.012709441835225096,1999.699951171875,-0.04533175204141344
2024-12-26,1813.3348388671875,1907.4000244140625,1919.75,1902.300048828125,1909.050048828125,3623321,-0.000864317001576409,1930.5425109863281,1884.26400390625,1717.3447479248048,0.01270943513587064,1999.699951171875,-0.04615688803898925
2024-12-27,1822.2237548828125,1916.75,1924.1500244140625,1903.9000244140625,1909.4000244140625,3937500,0.0049019479219152284,1933.547509765625,1883.4130029296875,1718.7424981689453,0.009730886893326627,1999.699951171875,-0.041481198778478855
2024-12-30,1812.0037841796875,1906.0,1916.0,1886.5,1915.699951171875,7789055,-0.005608451806443204,1935.955010986328,1883.1310034179687,1720.2399981689452,0.00986406752123569,1999.699951171875,-0.046857005280699464
2024-12-31,1787.2861328125,1880.0,1897.0,1845.050048828125,1892.300048828125,3613063,-0.01364113326337879,1935.9650085449218,1881.36900390625,1721.5522479248048,0.010079446076551443,1999.699951171875,-0.0598589558907214
2025-01-01,1789.662841796875,1882.5,1892.949951171875,1874.0,1874.0,1838368,0.0013297872340425343,1935.485009765625,1881.4270043945312,1722.8824981689454,0.009969591698538182,1999.699951171875,-0.05860876833206544
2025-01-02,1861.296875,1957.8499755859373,1962.6500244140625,1885.300048828125,1887.0,7083645,0.04002654745600909,1938.9150085449219,1883.52900390625,1724.6687481689453,0.01341500148430355,1999.699951171875,-0.020928127523037934
2025-01-03,1843.138916015625,1938.75,1952.949951171875,1922.0,1952.949951171875,6218003,-0.009755586906101454,1939.110009765625,1885.2720043945312,1726.2977484130859,0.012568055447165001,1999.699951171875,-0.030479548262306443
2025-01-06,1842.283203125,1937.8499755859373,1973.0,1928.0,1952.0,7164403,-0.0004642292271116455,1939.8825073242188,1886.5610034179688,1727.9299981689453,0.012473353606120086,1999.699951171875,-0.030929627992285578
2025-01-07,1835.6282958984373,1930.8499755859373,1958.550048828125,1923.6500244140625,1945.0,4294832,-0.0036122507357069233,1940.2425048828125,1887.9110034179687,1729.3177478027344,0.012506542763914635,1999.699951171875,-0.03443015315652225
2025-01-08,1837.81494140625,1933.1500244140625,1938.5999755859373,1888.75,1930.0,5482050,0.0011912105327744893,1939.4725036621094,1889.3330029296876,1730.8134979248048,0.0121502351250456,1999.699951171875,-0.033279956184832905
2025-01-09,1822.74658203125,1917.300048828125,1951.8499755859373,1910.550048828125,1934.050048828125,6833503,-0.008199040625800125,1936.6300048828125,1890.3720043945314,1732.386748046875,0.01183842393518878,1999.699951171875,-0.041206133097848784
2025-01-10,1869.9478759765625,1966.949951171875,1977.800048828125,1932.25,1937.0,8036913,0.025895739362285397,1935.6275024414062,1892.9250024414061,1734.414248046875,0.013231357274366987,1999.699951171875,-0.016377457018393018
2025-01-13,1865.432373046875,1962.199951171875,1982.800048828125,1949.0,1956.0,5804152,-0.002414906387002924,1933.7525024414062,1896.127001953125,1736.450498046875,0.013138783830451722,1999.699951171875,-0.018752813379839334
2025-01-14,1844.374755859375,1940.050048828125,1971.800048828125,1931.0999755859373,1968.8499755859373,5792162,-0.011288300323583966,1931.7525024414062,1899.7830029296874,1738.3772485351562,0.01319520549857482,1999.699951171875,-0.02982942631407959
2025-01-15,1853.501220703125,1949.6500244140625,1958.050048828125,1937.0999755859373,1947.0,2985439,0.004948313365284784,1930.4050048828126,1903.55900390625,1740.5812487792969,0.01325841132729463,1999.699951171875,-0.0250287182977036
2025-01-16,1833.3466796875,1928.449951171875,1966.949951171875,1916.8499755859373,1965.949951171875,7533579,-0.010873784000571485,1927.8700012207032,1906.8550024414062,1742.760248413086,0.013444643674521667,1999.699951171875,-0.035630345421694735
2025-01-17,1725.9193115234375,1815.449951171875,1858.0,1812.0,1851.0,16409953,-0.058596283471776145,1921.332501220703,1908.0800024414064,1744.4182482910155,0.01835482717159031,1999.699951171875,-0.09213882307294392
2025-01-20,1723.87548828125,1813.300048828125,1827.949951171875,1793.1500244140625,1822.949951171875,4333011,-0.0011842256198593137,1915.8900024414063,1907.8720043945314,1745.9944982910156,0.018234586892789298,1999.699951171875,-0.09321393553793654
2025-01-21,1711.896728515625,1800.699951171875,1831.6500244140625,1793.050048828125,1819.050048828125,7169109,-0.0069487108128591935,1909.7099975585938,1907.8250024414062,1747.5207482910157,0.01823371669603499,1999.699951171875,-0.09951492966901407
2025-01-22,1764.8974609375,1856.449951171875,1865.800048828125,1805.1500244140625,1807.4000244140625,8373913,0.03096018299090786,1907.0799926757813,1908.3550024414062,1749.3887481689453,0.019711502144560515,1999.699951171875,-0.07163574711098626
2025-01-23,1773.45361328125,1865.449951171875,1879.550048828125,1852.699951171875,1858.0,5907471,0.004847962636600478,1904.982489013672,1908.462001953125,1751.3127478027343,0.019758102260397377,1999.699951171875,-0.06713507189982482
2025-01-24,1782.96044921875,1875.449951171875,1894.9000244140625,1864.25,1865.5,4887027,0.005360636983971601,1902.9174865722657,1908.595,1753.2564978027344,0.019765485875259815,1999.699951171875,-0.06213432166520099
2025-01-27,1732.1463623046875,1822.0,1863.0,1812.0,1848.75,7652371,-0.028499801414842763,1898.7174865722657,1907.6669995117188,1754.9709979248046,0.020693416595297852,1999.699951171875,-0.08886330725153957
2025-01-28,1739.5142822265625,1829.75,1863.5,1824.9000244140625,1830.0,6999495,0.004253567508232692,1896.2049865722656,1906.9709985351562,1756.7362481689454,0.020552058328685074,1999.699951171875,-0.08498772581970611
2025-01-29,1788.4744873046875,1881.25,1888.6500244140625,1840.5,1845.0,5145155,0.028145921573985433,1896.1424865722656,1908.3669995117189,1758.6682482910155,0.021571867021837773,1999.699951171875,-0.05923386211139342
2025-01-30,1768.224853515625,1859.949951171875,1887.199951171875,1844.0,1873.1500244140625,7336056,-0.011322285091362128,1891.2474853515625,1909.0709985351561,1760.4339978027344,0.019541150129373287,1999.699951171875,-0.06988548452886792
2025-01-31,1787.095947265625,1879.800048828125,1897.449951171875,1871.0,1871.0,5820470,0.010672382686288673,1888.2999877929688,1909.9859985351563,1762.409248046875,0.019668682807652313,1999.699951171875,-0.05995894647768812
2025-02-01,1760.049072265625,1851.3499755859373,1890.5999755859373,1846.0,1880.300048828125,1701402,-0.015134627355672059,1883.9749877929687,1908.967998046875,1764.3252478027343,0.01990578768294057,1999.699951171875,-0.07418611752178164
2025-02-03,1771.40966796875,1863.300048828125,1876.550048828125,1832.4000244140625,1836.0,4823228,0.006454788883666129,1880.5974914550782,1908.44,1766.5694982910156,0.019992359691309077,1999.699951171875,-0.06821018436481743
2025-02-04,1805.158935546875,1898.800048828125,1911.199951171875,1875.0,1889.0,7334787,0.019052218681755884,1878.8799926757813,1907.9330004882813,1768.9672485351562,0.020515061187322794,1999.699951171875,-0.05045752103190286
2025-02-05,1803.4952392578125,1897.050048828125,1919.699951171875,1894.300048828125,1906.0,4996744,-0.0009216346929631358,1877.8674926757812,1907.3840014648438,1771.396248779297,0.02043933003152929,1999.699951171875,-0.051332652322962025
2025-02-06,1821.1781005859373,1915.6500244140625,1924.0,1900.0,1917.0,4765255,0.009804683644180745,1875.3024963378907,1908.5640014648438,1773.810748901367,0.019654309622948226,1999.699951171875,-0.042031269095424595
2025-02-07,1809.769775390625,1903.6500244140625,1923.699951171875,1889.449951171875,1919.300048828125,4126260,-0.006264192230869714,1872.375,1909.4800024414062,1776.1169989013672,0.01968633195113211,1999.699951171875,-0.04803216937697318
2025-02-10,1787.5712890625,1880.300048828125,1905.0,1878.5999755859373,1905.0,3828734,-0.012265897242916046,1869.3875,1909.4900024414062,1778.3647491455079,0.019713562654612698,1999.699951171875,-0.05970890896595693
2025-02-11,1783.150634765625,1875.6500244140625,1903.0,1870.0,1883.0999755859373,4411601,-0.0024730225460348754,1865.6875,1909.1610034179687,1780.5507495117188,0.019658031766951824,1999.699951171875,-0.06203427003391988
2025-02-12,1771.26708984375,1863.1500244140625,1894.5999755859373,1847.0,1885.0,5633947,-0.0066643562697177305,1862.4225036621094,1908.63900390625,1782.715249633789,0.019577536766409494,1999.699951171875,-0.06828520782719966
2025-02-13,1752.348388671875,1843.25,1873.5,1835.6500244140625,1868.5,5237744,-0.010680849181922913,1863.8125061035157,1906.8070043945313,1784.757749633789,0.014500979531869344,1999.699951171875,-0.07823671300296395
2025-02-14,1764.849853515625,1856.4000244140625,1859.300048828125,1828.3499755859373,1854.0,5292961,0.00713415131645867,1865.9675048828126,1905.4870043945311,1786.9369995117188,0.014558452280813781,1999.699951171875,-0.07166071423557074
2025-02-17,1751.4453125,1842.300048828125,1852.75,1822.1500244140625,1838.550048828125,4428956,-0.007595332579457326,1868.047509765625,1903.8600048828125,1789.07625,0.014578382187769507,1999.699951171875,-0.07871175985752746
2025-02-18,1760.619384765625,1851.949951171875,1861.6500244140625,1837.5999755859373,1842.300048828125,4365260,0.0052379645486566595,1867.822509765625,1901.9280029296874,1791.2544995117187,0.012851037308976621,1999.699951171875,-0.07388608471656698
2025-02-19,1721.498779296875,1810.800048828125,1849.199951171875,1805.9000244140625,1847.4000244140625,4611411,-0.022219770203677047,1865.0900146484375,1898.6610034179687,1793.178999633789,0.013705732036700146,1999.699951171875,-0.0944641230965925
2025-02-20,1735.14111328125,1825.1500244140625,1831.0,1805.550048828125,1805.550048828125,2218020,0.007924660480997936,1862.575018310547,1895.42400390625,1795.1,0.01378402961931403,1999.699951171875,-0.08728805871877018
2025-02-21,1725.4915771484375,1815.0,1829.8499755859373,1806.199951171875,1821.800048828125,3379879,-0.005561200053853632,1862.2250183105468,1891.7300048828124,1797.0384997558594,0.012270085240129014,1999.699951171875,-0.09236383241577624
2025-02-24,1677.1016845703125,1764.0999755859375,1808.0,1750.25,1800.050048828125,7594720,-0.02804409058626034,1858.9425170898437,1887.4110034179687,1798.6612493896484,0.01370543672590257,1999.699951171875,-0.11781766331887437
2025-02-25,1680.524169921875,1767.699951171875,1778.449951171875,1745.1500244140625,1745.1500244140625,5092963,0.002040686829408278,1853.2650146484375,1883.2330029296875,1800.3752490234374,0.01182370414446608,1999.699951171875,-0.11601740544327267
2025-02-27,1677.2918701171875,1764.300048828125,1775.8499755859375,1751.0999755859375,1755.199951171875,5757079,-0.0019233481007316922,1848.48251953125,1878.9360034179688,1802.0794995117187,0.011662936015417217,1999.699951171875,-0.11771761168759327
2025-02-28,1604.469482421875,1687.699951171875,1755.0999755859375,1682.449951171875,1755.050048828125,12182167,-0.04341670664642838,1838.8775146484375,1873.7660034179687,1803.3944995117188,0.014384062537977896,1999.699951171875,-0.15602340732026326
2025-03-03,1624.3388671875,1708.5999755859375,1728.5999755859375,1692.300048828125,1692.300048828125,7504969,0.012383732309496409,1831.7400146484374,1869.4950024414063,1804.8377496337891,0.014703961329515815,1999.699951171875,-0.14557182712103658
2025-03-04,1605.0399169921875,1688.300048828125,1699.0,1670.0,1695.0,6759673,-0.011881029525855458,1822.9900146484374,1864.7750024414063,1806.0125,0.014595588236450307,1999.699951171875,-0.15572331347073431
2025-03-05,1627.0958251953125,1711.5,1732.949951171875,1692.449951171875,1692.449951171875,8180782,0.01374160427702309,1813.6250122070312,1860.8240014648438,1807.3484997558594,0.01418091438936088,1999.699951171875,-0.1441215973441328
2025-03-06,1631.231201171875,1715.8499755859375,1722.300048828125,1691.0999755859375,1715.0,10610547,0.0025416158842754832,1804.565008544922,1856.9930004882813,1808.7569995117187,0.01425534224263843,1999.699951171875,-0.14194628320093433
2025-03-07,1602.853271484375,1686.0,1705.0,1675.5,1703.0999755859375,8019331,-0.01739661159813477,1793.0825073242188,1852.3780004882813,1809.912999267578,0.014074110998690855,1999.699951171875,-0.15687351044242356
2025-03-10,1617.5413818359375,1701.449951171875,1719.0,1676.199951171875,1686.0,7558981,0.009163672106687448,1782.9725036621094,1848.2869995117187,1811.0582489013673,0.01449101513801814,1999.699951171875,-0.1491473757476555
2025-03-11,1579.6566162109375,1661.5999755859375,1680.0,1637.050048828125,1680.0,12671234,-0.02342118588824249,1772.0375,1843.9189990234374,1812.0407489013671,0.014971941411002197,1999.699951171875,-0.16907535322376854
2025-03-12,1512.395751953125,1590.8499755859375,1636.9000244140625,1563.800048828125,1636.9000244140625,14870008,-0.042579442127790745,1757.7974975585937,1838.0859985351562,1812.6382489013672,0.017013557854422053,1999.699951171875,-0.2044556611337321
2025-03-13,1501.938232421875,1579.8499755859375,1606.050048828125,1570.300048828125,1599.25,7822888,-0.006914542646265898,1743.6324951171875,1830.5259985351563,1813.2022485351563,0.017012569024950505,1999.699951171875,-0.2099564863918183
2025-03-17,1511.63525390625,1590.050048828125,1594.0,1545.1500244140625,1545.1500244140625,7526032,0.006456355603261965,1730.9724975585937,1823.5519995117188,1813.8977490234374,0.017303407054552425,1999.699951171875,-0.20485568452591338
2025-03-18,1511.63525390625,1590.050048828125,1590.050048828125,1590.050048828125,1590.050048828125,0,0.0,1717.6549987792969,1816.5960009765624,1814.7107495117189,0.0170638780311286,1999.699951171875,-0.20485568452591338
2025-03-19,1508.3079833984375,1586.550048828125,1603.0,1572.800048828125,1603.0,7387068,-0.0022011885742713178,1704.867498779297,1809.7100024414062,1815.6089996337892,0.017106085953731563,1999.699951171875,-0.2066059471080317
2025-03-20,1535.8778076171875,1615.550048828125,1631.9000244140625,1592.0,1592.0,7186750,0.018278654380566417,1693.0475036621094,1803.3580029296875,1816.6572497558593,0.017841995305183548,1999.699951171875,-0.19210377142762264
2025-03-21,1514.0118408203125,1592.550048828125,1603.9000244140625,1563.6500244140625,1577.949951171875,10074677,-0.0142366372472853,1682.1350036621093,1796.8630029296876,1817.6517498779297,0.01756248153050944,1999.699951171875,-0.2036054969672574
2025-03-24,1514.2021484375,1592.75,1607.0999755859375,1572.699951171875,1597.949951171875,8857726,0.0001255540898210672,1670.5150024414063,1789.37900390625,1818.465,0.01731598695912162,1999.699951171875,-0.2035055063802907
2025-03-25,1548.1414794921875,1628.449951171875,1636.1500244140625,1605.0,1605.0,9890140,0.0224140330697693,1661.1875,1782.70400390625,1819.2459997558594,0.018497496871455493,1999.699951171875,-0.1856528524604094
2025-03-26,1520.571533203125,1599.449951171875,1637.75,1595.0,1626.0,6651302,-0.017808345893056687,1652.9549987792968,1775.892001953125,1819.575249633789,0.01796745473773521,1999.699951171875,-0.20015502814081848
2025-03-27,1524.469482421875,1603.550048828125,1619.949951171875,1586.0,1595.550048828125,9426573,0.002563442296675822,1644.7475036621095,1768.9700024414062,1820.0942498779298,0.017978202201995464,1999.699951171875,-0.1981046717091712
2025-03-28,1493.19189453125,1570.6500244140625,1598.449951171875,1560.0,1590.0,6799047,-0.020516992555427827,1635.0650024414062,1761.81400390625,1820.46875,0.01830455132503269,1999.699951171875,-0.21455715218994648
2025-04-01,1451.21923828125,1526.5,1547.4000244140625,1517.8499755859375,1539.25,12680733,-0.0281093965732645,1627.0050048828125,1756.0350048828125,1820.6752502441407,0.016908432953103254,1999.699951171875,-0.23663547668467352
2025-04-02,1473.703125,1550.1500244140625,1555.6500244140625,1535.199951171875,1535.199951171875,6193478,0.01549297373996894,1619.0825073242188,1750.7720043945312,1820.9562506103516,0.017088749795827418,1999.699951171875,-0.2248086901709253
2025-04-03,1422.69873046875,1496.5,1534.6500244140625,1485.050048828125,1534.6500244140625,10459504,-0.03460956911853841,1609.4925048828125,1744.6880053710938,1820.9942504882813,0.018303026015829237,1999.699951171875,-0.251637727388545
2025-04-04,1380.060546875,1451.6500244140625,1472.0,1448.0,1460.5,9590254,-0.029969913522176705,1596.5000061035157,1736.5920068359376,1820.7615008544922,0.01844957413301254,1999.699951171875,-0.27406607998196997
2025-04-07,1327.8680419921875,1396.75,1405.9000244140625,1307.0,1352.0,21715252,-0.03781904969568828,1580.5450073242187,1727.2180078125,1820.1885009765624,0.01941379526264694,1999.699951171875,-0.3015202109789176
2025-04-08,1358.3375244140625,1428.800048828125,1456.5,1415.0,1431.0,12805001,0.022946159891265472,1567.685009765625,1718.285009765625,1819.7555010986327,0.02066622743568265,1999.699951171875,-0.2854927820592225
2025-04-09,1334.4752197265625,1403.699951171875,1409.449951171875,1381.9000244140625,1405.050048828125,8546854,-0.01756725699781203,1552.797509765625,1709.9190087890624,1819.1105010986328,0.02035731762450501,1999.699951171875,-0.2980447139835798
2025-04-11,1339.941650390625,1409.449951171875,1438.800048828125,1397.050048828125,1411.25,12567440,0.0040963170193171194,1540.190008544922,1701.5130078125,1818.522000732422,0.020287723209284445,1999.699951171875,-0.2951692825986711
2025-04-15,1355.675537109375,1426.0,1447.699951171875,1409.0,1445.5999755859375,10178530,0.011742203981322419,1531.947509765625,1692.4080078125,1817.9422509765625,0.019010376286033286,1999.699951171875,-0.28689301654264293
2025-04-16,1343.41162109375,1413.0999755859375,1427.5,1396.800048828125,1425.0,12022740,-0.009046300430618825,1523.610009765625,1683.4710083007812,1817.304251098633,0.01902598204676235,1999.699951171875,-0.29334399655417054
2025-04-17,1349.49609375,1419.5,1429.800048828125,1378.300048828125,1398.0,14264227,0.004529066962448036,1515.0825073242188,1674.2650073242187,1816.5350012207032,0.018967623208278953,1999.699951171875,-0.2901435041951484
2025-04-21,1379.442626953125,1451.0,1471.800048828125,1410.0,1410.0,15648970,0.022190912293061027,1508.1300048828125,1666.2580078125,1815.956251220703,0.019929988786792835,1999.699951171875,-0.27439114095608336
2025-04-22,1352.6334228515625,1422.800048828125,1440.0,1419.300048828125,1440.0,9399738,-0.01943483885036179,1499.9425048828125,1657.4480078125,1815.1162512207031,0.02020174402616964,1999.699951171875,-0.2884932321999968
2025-04-23,1402.1639404296875,1474.9000244140625,1487.800048828125,1439.5999755859375,1446.0,11136642,0.03661791804747905,1492.9100036621094,1648.9700073242188,1814.3855010986329,0.021686921406438516,1999.699951171875,-0.26243933568646954
2025-04-24,1398.836669921875,1471.4000244140625,1482.9000244140625,1461.5,1469.9000244140625,7114292,-0.0023730422008708674,1486.8525024414062,1640.4570068359376,1813.6055010986329,0.02156329973640134,1999.699951171875,-0.2641895982685879
2025-04-25,1407.20263671875,1480.199951171875,1501.699951171875,1463.5,1475.5,8329979,0.005980648777899056,1481.225,1631.7480053710938,1812.753250732422,0.021657892582069068,1999.699951171875,-0.2597889746887076
2025-04-28,1409.0087890625,1482.0999755859375,1489.5999755859375,1465.300048828125,1480.199951171875,5886253,0.001283626859032383,1473.9075012207031,1623.3170043945313,1811.9265008544921,0.02083017828610094,1999.699951171875,-0.25883881993526614
2025-04-29,1423.6494140625,1497.5,1509.800048828125,1474.0999755859375,1482.0,8056743,0.010390678542433918,1468.8100036621095,1615.6610034179687,1811.105750732422,0.020835646930330794,1999.699951171875,-0.2511376523650826
2025-04-30,1426.1212158203125,1500.0999755859375,1508.800048828125,1482.5999755859375,1496.800048828125,7704183,0.001736210741861477,1463.6375,1608.1500024414063,1810.3205004882811,0.02082467119817926,1999.699951171875,-0.24983746951294328
2025-05-02,1432.5859375,1506.9000244140625,1523.199951171875,1496.199951171875,1499.699951171875,7402310,0.004533063754946776,1460.45,1601.0250024414063,1809.6137506103516,0.02047374410350413,1999.699951171875,-0.24643693493567334
2025-05-05,1434.2020263671875,1508.5999755859375,1523.0,1502.800048828125,1515.0,4282493,0.0011281114502177392,1459.554998779297,1594.332001953125,1808.8932507324218,0.01952329304487071,1999.699951171875,-0.24558683181351304
2025-05-06,1436.958984375,1511.5,1515.5999755859375,1499.0999755859375,1506.0,4270530,0.0019223282917899542,1457.6224975585938,1587.4340014648437,1807.8920007324218,0.01917428726160082,1999.699951171875,-0.24413660203660925
2025-05-07,1433.916748046875,1508.300048828125,1518.800048828125,1496.5999755859375,1500.0,5691799,-0.0021170699119252845,1458.2125,1580.7540014648437,1806.898250732422,0.0174866365411404,1999.699951171875,-0.24573681769396313
2025-05-08,1436.864013671875,1511.4000244140625,1516.5,1501.199951171875,1508.0,8424409,0.00205527778663539,1461.2,1573.9430029296875,1805.8250006103515,0.015944185689572482,1999.699951171875,-0.24418659733009263
2025-05-09,1433.2513427734375,1507.5999755859375,1511.4000244140625,1494.0999755859375,1500.699951171875,4478653,-0.0025142574875888224,1466.742498779297,1567.8790014648437,1804.5727502441407,0.012963018050618558,1999.699951171875,-0.24608690683697543
2025-05-12,1546.6678466796875,1626.9000244140625,1632.0,1532.0,1537.0,11372857,0.07913242953042521,1476.6474975585938,1563.9140014648438,1803.7425006103515,0.020940408931773104,1999.699951171875,-0.18642793212018746
2025-05-13,1491.2430419921875,1568.5999755859375,1612.199951171875,1564.5999755859375,1609.0,12846210,-0.03583505313986468,1484.8924987792968,1558.9860009765625,1802.5312506103517,0.02240263339008193,1999.699951171875,-0.2155823304057701
2025-05-14,1513.8692626953125,1592.4000244140625,1595.0,1569.5,1574.0,4870057,0.015172796888024198,1494.0400024414062,1555.552001953125,1801.3087506103516,0.022494998092244537,1999.699951171875,-0.20368052042963966
2025-05-15,1533.4534912109375,1613.0,1618.5999755859375,1571.0,1589.800048828125,11151167,0.012936432598660286,1503.3900024414063,1552.4580029296876,1800.2040008544923,0.0225116302748135,1999.699951171875,-0.19337898715517746
2025-05-16,1511.49267578125,1589.9000244140625,1612.5999755859375,1581.5,1612.5999755859375,4576751,-0.014321125595745499,1512.2300048828124,1548.9700024414062,1799.0292510986328,0.022732117929864057,1999.699951171875,-0.2049307079882956
2025-05-19,1482.8770751953125,1559.800048828125,1585.0,1555.699951171875,1576.5,8855798,-0.01893199265597245,1519.2450073242187,1546.4120043945313,1797.433751220703,0.023415273364340083,1999.699951171875,-0.21998295398565043
2025-05-20,1483.637451171875,1560.5999755859375,1583.5,1558.0,1570.0,7143998,0.000512839295276013,1524.7250061035156,1543.4520043945313,1795.8812512207032,0.02307580964196702,1999.699951171875,-0.21958293059346917
2025-05-21,1491.1480712890625,1568.5,1571.0,1552.0999755859375,1567.9000244140625,4157309,0.005062171304402563,1532.0100036621093,1541.0560034179687,1794.3380010986327,0.02241299416293565,1999.699951171875,-0.21563232569925347
2025-05-22,1471.18359375,1547.5,1560.800048828125,1540.0,1555.5,6158990,-0.013388587822760645,1535.6400024414063,1537.7760034179687,1792.7342510986327,0.021484119271014183,1999.699951171875,-0.2261339011919635
2025-05-23,1487.6304931640625,1564.800048828125,1587.199951171875,1550.0,1550.0,5038421,0.011179353039176165,1540.3100036621095,1534.7550048828125,1791.2952514648437,0.02153207606381077,1999.699951171875,-0.21748257886833852
2025-05-26,1502.55615234375,1580.5,1583.800048828125,1562.699951171875,1566.5999755859375,3170102,0.010033199566700235,1545.3250061035155,1532.6450048828126,1790.0917517089845,0.021577690612873863,1999.699951171875,-0.20963142541770488
2025-05-27,1492.6690673828125,1570.0999755859375,1582.9000244140625,1556.4000244140625,1579.9000244140625,7775714,-0.006580211587511875,1549.7250061035156,1530.0180053710938,1789.1827514648437,0.021691522742068096,1999.699951171875,-0.21483221787057652
2025-05-28,1494.2852783203125,1571.800048828125,1587.699951171875,1570.0,1581.0,3623370,0.0010827802487882732,1553.440008544922,1528.2220068359375,1788.2862518310546,0.021626742179978904,1999.699951171875,-0.21398205370410184
2025-05-29,1507.4046630859375,1585.5999755859375,1608.9000244140625,1576.5999755859375,1589.0,8609500,0.008779696099450618,1557.7150085449218,1528.1170068359374,1787.256001586914,0.02166855954967689,1999.699951171875,-0.2070810550069096
2025-05-30,1506.5369873046875,1562.699951171875,1572.0,1555.0999755859375,1571.0,13148092,-0.014442497960811429,1560.5050048828125,1527.7740063476563,1786.353751220703,0.02201027316425413,1999.699951171875,-0.21853278525306102
2025-06-02,1497.9569091796875,1553.800048828125,1560.0,1539.0,1560.0,4374509,-0.005695208691262832,1562.7650085449218,1527.0490063476564,1785.2690014648438,0.02207798362185992,1999.699951171875,-0.22298340412642473
2025-06-03,1487.5450439453125,1543.0,1567.300048828125,1535.5999755859375,1559.0,6853403,-0.006950732712532992,1564.3400085449218,1526.1080053710937,1783.9970013427735,0.02216231683395471,1999.699951171875,-0.22838423879754421
2025-06-04,1495.4503173828125,1551.199951171875,1557.300048828125,1541.4000244140625,1543.0,4548307,0.005314291102965107,1566.4850036621094,1525.4010034179687,1782.7657513427735,0.022165040036985863,1999.699951171875,-0.22428364802287842
2025-06-05,1498.43896484375,1554.300048828125,1567.699951171875,1541.5999755859375,1547.9000244140625,6948539,0.0019985158289284044,1568.6300048828125,1524.1760034179688,1781.4210015869141,0.022164986361480513,1999.699951171875,-0.22273336661469353
2025-06-06,1507.5975341796875,1563.800048828125,1568.9000244140625,1543.0999755859375,1554.699951171875,3960020,0.00611207598376029,1571.440008544922,1523.6010034179687,1779.9452520751954,0.022164085251811412,1999.699951171875,-0.2179826538918009
2025-06-09,1516.3704833984375,1572.9000244140625,1588.0,1571.0,1578.0,2903202,0.005819142666453336,1568.740008544922,1523.20400390625,1778.485751953125,0.012852821381311733,1999.699951171875,-0.2134319833871561
2025-06-10,1538.6402587890625,1596.0,1607.5,1577.5,1584.0,8591925,0.014686232581465397,1570.110009765625,1522.5550048828125,1777.1047521972657,0.010525672401072668,1999.699951171875,-0.20188026255403796
2025-06-11,1572.4786376953125,1631.0999755859375,1634.5999755859375,1590.0999755859375,1590.0999755859375,10597410,0.02199246590597581,1572.0450073242187,1523.1880053710938,1775.896752319336,0.0111061889375164,1999.699951171875,-0.18432764143937122
2025-06-12,1550.7874755859375,1608.5999755859375,1628.0,1598.0999755859375,1617.0,10483574,-0.013794372102738484,1571.8250061035155,1523.28900390625,1774.5385021972656,0.011234735524617078,1999.699951171875,-0.19557932946727483
2025-06-13,1544.4246826171875,1602.0,1609.0,1570.199951171875,1576.0,6968315,-0.004102931546752897,1572.4300048828125,1523.9160034179688,1773.238002319336,0.010775827213093562,1999.699951171875,-0.19887981241326366
2025-06-16,1565.441162109375,1623.800048828125,1634.800048828125,1597.0999755859375,1600.0,5591842,0.01360802049196308,1575.6300048828125,1525.8620043945311,1771.9762524414064,0.010135401335245669,1999.699951171875,-0.18797815248405797
2025-06-17,1580.962646484375,1639.9000244140625,1647.4000244140625,1615.5999755859375,1620.699951171875,7622083,0.009914998831017874,1579.5950073242188,1527.6570043945312,1770.6752526855469,0.010276860675782122,1999.699951171875,-0.1799269568151765
2025-06-18,1574.214111328125,1632.9000244140625,1644.699951171875,1621.0,1621.0,5629707,-0.0042685528969981235,1582.815008544922,1530.3850048828126,1769.1442529296876,0.010367320242785482,1999.699951171875,-0.18342748197941317
2025-06-19,1560.2352294921875,1618.4000244140625,1630.0,1611.5,1623.9000244140625,5147760,-0.008879906781312674,1586.360009765625,1533.7200048828124,1767.569503173828,0.010058009367472968,1999.699951171875,-0.19067856981961773
2025-06-20,1564.573486328125,1622.9000244140625,1630.699951171875,1608.9000244140625,1619.0,9202821,0.0027805239323506203,1589.2650085449218,1538.2430053710937,1765.965503540039,0.00984031941093085,1999.699951171875,-0.18842823221403698
2025-06-23,1527.071533203125,1584.0,1601.0,1575.4000244140625,1601.0,7943676,-0.023969452109723788,1589.440008544922,1541.3470043945313,1764.063003540039,0.01119929950499095,1999.699951171875,-0.20788116283558655
2025-06-24,1524.7576904296875,1581.5999755859375,1609.0,1576.5999755859375,1601.0,8083992,-0.0015151669280697444,1590.0150085449218,1544.9050048828126,1762.2647534179687,0.011095402332570559,1999.699951171875,-0.20908135510075915
2025-06-25,1556.8609619140625,1614.9000244140625,1619.9000244140625,1585.0999755859375,1590.0,7813533,0.021054659422202082,1592.1700073242187,1549.0140063476563,1760.7270037841797,0.012018226404260672,1999.699951171875,-0.19242883240173606
2025-06-26,1557.9215087890625,1616.0,1624.0,1606.5999755859375,1608.800048828125,6519233,0.0006811415996705872,1593.690008544922,1552.8140063476562,1759.1412536621094,0.011893060472944866,1999.699951171875,-0.19187876208479032
2025-06-27,1550.208984375,1608.0,1629.5999755859375,1602.4000244140625,1619.0,8912268,-0.004950495049504955,1595.955010986328,1556.7120068359375,1757.6720037841797,0.011423797398786942,1999.699951171875,-0.19587936227248937
2025-06-30,1544.2318115234375,1601.800048828125,1615.0,1594.0999755859375,1615.0,6294505,-0.003855691027285446,1598.3550109863281,1560.3580078125,1756.20775390625,0.011370167119795691,1999.699951171875,-0.19897980300023038
2025-07-01,1549.0521240234375,1606.800048828125,1617.699951171875,1600.5,1609.0,4178937,0.003121488230480418,1601.5450134277344,1563.4740087890625,1754.68025390625,0.011193955847401287,1999.699951171875,-0.19647942788291847
2025-07-02,1552.619140625,1610.5,1649.0,1603.4000244140625,1618.0,8653641,0.0023026830093597628,1604.5100158691407,1567.2280078125,1753.1820037841796,0.011168489577571028,1999.699951171875,-0.1946291747138334
2025-07-03,1560.5244140625,1618.699951171875,1632.4000244140625,1615.0,1618.5,5259695,0.005091556145218945,1607.7300109863281,1570.1040063476562,1751.5232537841796,0.011190782282448334,1999.699951171875,-0.19052858393916763
2025-07-04,1581.7337646484375,1640.699951171875,1643.4000244140625,1612.300048828125,1625.0,4411273,0.013591153804676903,1611.5750061035155,1573.4900048828124,1750.0062536621094,0.011454072847981766,1999.699951171875,-0.17952693342299522
2025-07-07,1568.526123046875,1627.0,1644.0,1623.0,1640.0,3294523,-0.008350064959829928,1614.2800048828126,1576.426005859375,1748.3900036621094,0.011671845500753867,1999.699951171875,-0.18637793682670412
2025-07-08,1579.8056640625,1638.699951171875,1646.199951171875,1621.5,1628.0,4590681,0.007191119343500363,1616.4150024414062,1579.5580053710937,1746.820753173828,0.011350775653989169,1999.699951171875,-0.18052708346992
2025-07-09,1574.9852294921875,1633.699951171875,1638.0,1623.5999755859375,1637.800048828125,4580828,-0.0030511992121707854,1616.5450012207032,1582.2820043945312,1745.528502807617,0.0102891682964528,1999.699951171875,-0.1830274585872319
2025-07-10,1557.7286376953125,1615.800048828125,1638.9000244140625,1607.0999755859375,1638.9000244140625,5330179,-0.010956664552086326,1616.9050048828126,1584.596005859375,1744.1365032958984,0.010104965434129707,1999.699951171875,-0.19197875267175704
2025-07-11,1537.579833984375,1594.9000244140625,1607.0999755859375,1563.0,1579.0999755859375,11391755,-0.012934783873301936,1616.5500061035157,1586.356005859375,1742.5822534179688,0.010491783201145528,1999.699951171875,-0.2024303328709837
2025-07-14,1513.8638916015625,1570.300048828125,1591.800048828125,1559.800048828125,1591.800048828125,9173426,-0.015424148980733188,1613.8750061035157,1587.5900073242187,1740.95150390625,0.010493607658391984,1999.699951171875,-0.21473216623929542
2025-07-15,1528.614013671875,1585.5999755859375,1603.5999755859375,1564.0,1565.0999755859375,7614807,0.009743314196054786,1611.1600036621094,1589.0720068359376,1739.38650390625,0.010483739312892124,1999.699951171875,-0.2070810550069096
2025-07-16,1550.112548828125,1607.9000244140625,1612.0,1578.5,1579.0,6223491,0.014064107701492912,1609.9100036621094,1591.0640063476562,1737.9495037841798,0.011028200617300954,1999.699951171875,-0.19592935756597274
2025-07-17,1526.5894775390625,1583.5,1610.0,1580.0999755859375,1598.0,7374814,-0.015175088030087047,1608.1650024414062,1592.506005859375,1736.3657537841798,0.011358445638406937,1999.699951171875,-0.20813120034731772
2025-07-18,1529.0960693359375,1586.0999755859375,1599.300048828125,1580.0,1592.0999755859375,5161833,0.0016419170103805225,1606.325,1594.076005859375,1734.7625036621093,0.011341192096927912,1999.699951171875,-0.2068310174951784
2025-07-21,1527.36083984375,1584.300048828125,1589.0,1566.800048828125,1580.0,3682661,-0.001134812928263007,1606.3400024414063,1593.2240063476563,1733.3060040283203,0.009984362879874389,1999.699951171875,-0.20773111591082208
2025-07-22,1514.4423828125,1570.9000244140625,1585.800048828125,1565.0,1565.0,8473741,-0.008458009216104179,1605.8050048828125,1593.2700073242188,1731.638754272461,0.010161026176559082,1999.699951171875,-0.21443213343408088
2025-07-23,1517.9129638671875,1574.5,1591.9000244140625,1550.0,1576.300048828125,8035026,0.0022916643516384116,1603.7850036621094,1592.9120068359375,1730.0442541503905,0.008870815379086424,1999.699951171875,-0.21263187555847918
2025-07-24,1496.70361328125,1552.5,1582.0,1548.199951171875,1580.0,14169664,-0.013972689742775435,1600.6100036621094,1591.7020068359375,1728.2160040283204,0.009299591548148753,1999.699951171875,-0.2236335260746516
2025-07-25,1461.2261962890625,1515.699951171875,1549.5,1511.300048828125,1543.4000244140625,10851259,-0.023703735154991912,1595.9950012207032,1590.2180053710938,1726.123003540039,0.01048653823352664,1999.699951171875,-0.242036311355793
2025-07-28,1461.515380859375,1516.0,1519.300048828125,1482.5,1513.9000244140625,6439855,0.0001979605712152388,1591.7049987792968,1589.3420043945312,1723.9602532958984,0.010506227834844614,1999.699951171875,-0.24188626443102854
2025-07-29,1459.2979736328125,1513.699951171875,1517.199951171875,1496.0999755859375,1512.9000244140625,7070448,-0.0015171826043041126,1587.0499938964845,1588.40400390625,1721.7650030517577,0.010421900669168394,1999.699951171875,-0.24303646140271776
2025-07-30,1464.40771484375,1519.0,1521.699951171875,1506.0,1519.9000244140625,5719051,0.003501386667827955,1582.4749938964844,1587.41400390625,1719.7650030517577,0.010456953690594266,1999.699951171875,-0.24038603936064137
2025-07-31,1454.76708984375,1509.0,1527.0999755859375,1497.0,1509.699951171875,6851407,-0.006583278472679366,1576.9899963378907,1586.64400390625,1717.634503173828,0.01031411526013372,1999.699951171875,-0.24538678959526522
2025-08-01,1416.782958984375,1469.5999755859375,1498.699951171875,1465.5,1493.9000244140625,8702978,-0.026110022805873045,1568.4349975585938,1584.7400024414062,1715.1880029296874,0.0106754762443983,1999.699951171875,-0.2650897577285459
2025-08-04,1427.291259765625,1480.5,1482.800048828125,1451.0,1461.5,8610216,0.007417000949334174,1561.1099975585937,1582.7400024414062,1712.794002685547,0.011025472360387404,1999.699951171875,-0.2596389277639431
2025-08-05,1407.8173828125,1460.300048828125,1478.699951171875,1455.0,1478.699951171875,10213323,-0.013644006195119851,1552.1900024414062,1580.54400390625,1710.4950030517577,0.010830489722921829,1999.699951171875,-0.2697404188201575
2025-08-06,1385.0654296875,1436.699951171875,1456.0999755859375,1430.300048828125,1452.0,10566934,-0.016161129129036778,1542.3400024414063,1577.842001953125,1707.8380029296875,0.011056714000560389,1999.699951171875,-0.28154223820932117
2025-08-07,1385.25830078125,1436.9000244140625,1442.0,1414.199951171875,1430.0,9892020,0.00013925889120014467,1533.395001220703,1574.8680029296875,1705.624503173828,0.011091509193811858,1999.699951171875,-0.2814421865780401
2025-08-08,1371.9542236328125,1423.0999755859375,1433.199951171875,1417.0999755859375,1425.0,10048009,-0.00960404244808355,1524.804998779297,1572.0760034179686,1703.4762530517578,0.011003257074811632,1999.699951171875,-0.2883432463195467
2025-08-11,1376.8709716796875,1428.199951171875,1433.4000244140625,1414.0,1419.9000244140625,6625368,0.003583708575244371,1517.6999938964843,1569.5640014648438,1701.3592529296875,0.010932947861292354,1999.699951171875,-0.28579287590875146
2025-08-12,1372.918212890625,1424.0999755859375,1441.0,1421.0,1428.199951171875,9899184,-0.002870729397920324,1509.6249938964843,1567.1860009765626,1699.1127526855469,0.010408726404863544,1999.699951171875,-0.28784317129608433
2025-08-13,1375.328369140625,1426.5999755859375,1434.0,1422.4000244140625,1425.0,10318063,0.00175549472850145,1500.559991455078,1564.6940014648437,1696.929002685547,0.009530024801646749,1999.699951171875,-0.28659298373742836
2025-08-14,1395.6700439453125,1447.699951171875,1470.0,1426.199951171875,1426.199951171875,12902347,0.014790393906512822,1493.7699890136719,1562.5619995117188,1694.8572521972656,0.010321139061190731,1999.699951171875,-0.276041412951235
2025-08-18,1384.1978759765625,1435.800048828125,1464.699951171875,1429.5999755859375,1464.699951171875,7254561,-0.008219867890523425,1486.2549926757813,1560.0019995117189,1692.7095025634765,0.010251524788153953,1999.699951171875,-0.28199225689498586
2025-08-19,1388.246826171875,1440.0,1449.4000244140625,1432.699951171875,1432.699951171875,3986094,0.002925164388525303,1479.039990234375,1557.3439990234374,1690.7130023193358,0.010369836603461878,1999.699951171875,-0.27989196621416956
2025-08-20,1442.427001953125,1496.199951171875,1499.0,1440.699951171875,1440.699951171875,10413061,0.03902774386935759,1475.3049865722655,1555.347998046875,1689.1835021972656,0.014196992111402261,1999.699951171875,-0.25178777431330945
2025-08-21,1442.619873046875,1496.4000244140625,1508.0,1484.300048828125,1508.0,6565539,0.00013372092548924464,1471.3999877929687,1552.6539990234376,1687.879252319336,0.014168126866149277,1999.699951171875,-0.2516877226820283
2025-08-22,1434.0396728515625,1487.5,1504.300048828125,1486.0999755859375,1498.0999755859375,5543397,-0.005947623809714586,1468.1499877929687,1550.2319995117186,1686.5125024414062,0.01393623285033094,1999.699951171875,-0.25613840259970644
2025-08-25,1477.0367431640625,1532.0999755859375,1539.0,1506.699951171875,1506.699951171875,10694531,0.02998317686449581,1468.969989013672,1548.8339990234374,1685.3547521972657,0.014694587921624001,1999.699951171875,-0.23383506876214705
2025-08-26,1474.6265869140625,1529.5999755859375,1538.4000244140625,1518.5999755859375,1523.0,15994798,-0.0016317473009840322,1469.6499877929687,1546.9499975585939,1684.231752319336,0.014703177045455778,1999.699951171875,-0.23508525632080302
2025-08-28,1446.1868896484375,1500.0999755859375,1529.5999755859375,1498.0,1529.5999755859375,5443364,-0.01928608817393551,1468.969989013672,1544.1539965820311,1682.6137524414062,0.01535687305005083,1999.699951171875,-0.24983746951294328
2025-08-29,1416.782958984375,1469.5999755859375,1501.9000244140625,1467.699951171875,1501.9000244140625,8169075,-0.0203319781990442,1466.4999877929688,1540.8879956054689,1680.9465020751952,0.015956116436667757,1999.699951171875,-0.2650897577285459
2025-09-01,1445.511962890625,1499.4000244140625,1503.4000244140625,1476.199951171875,1476.699951171875,4546057,0.020277660127371533,1466.0199890136719,1538.5079956054688,1679.2937524414062,0.016624984228200884,1999.699951171875,-0.2501874976116412
2025-09-02,1444.837158203125,1498.699951171875,1512.800048828125,1486.300048828125,1499.4000244140625,5218763,-0.0004669022480915386,1467.4749877929687,1536.023994140625,1677.486752319336,0.015469317041225754,1999.699951171875,-0.2505375867546535
2025-09-03,1425.941650390625,1479.0999755859375,1501.9000244140625,1473.0,1500.0,4623483,-0.013077985070068077,1467.4049865722657,1533.9259936523438,1675.538251953125,0.015705406552557286,1999.699951171875,-0.2603390450056533
2025-09-04,1410.420166015625,1463.0,1484.0,1460.0999755859375,1484.0,5787724,-0.010884981307338282,1467.5399841308595,1531.553994140625,1673.5112518310548,0.015590314563095248,1999.699951171875,-0.26839024067453476
2025-09-05,1392.6815185546875,1444.5999755859375,1472.699951171875,1433.0,1470.0,5466487,-0.012576913475093932,1467.9349853515625,1528.1479931640624,1671.4115014648437,0.015411842914020967,1999.699951171875,-0.2775916333151055
2025-09-08,1381.4019775390625,1432.9000244140625,1458.0,1428.300048828125,1451.0,3811567,-0.008099094122668404,1467.7349853515625,1524.4859936523437,1669.5187518310547,0.015528434811309917,1999.699951171875,-0.2834424866718896
2025-09-09,1450.2359619140625,1504.300048828125,1507.199951171875,1472.5,1481.0,13072640,0.049829034264452066,1471.794989013672,1522.4119946289063,1667.9165020751952,0.018916283392021043,1999.699951171875,-0.24773711778781266
2025-09-10,1477.518798828125,1532.5999755859375,1534.9000244140625,1509.300048828125,1510.0999755859375,7281071,0.01881268752191989,1477.014990234375,1521.0279931640625,1666.4092517089844,0.019246941902831532,1999.699951171875,-0.23358503125041585
2025-09-11,1455.4417724609375,1509.699951171875,1527.5,1506.5,1523.9000244140625,8003662,-0.014941944916387895,1481.294989013672,1519.0859912109374,1664.4465014648438,0.019649136845765,1999.699951171875,-0.2450367614965673
2025-09-12,1470.7703857421875,1525.5999755859375,1542.9000244140625,1521.0999755859375,1537.0,12856963,0.010531910265825006,1486.2449890136718,1517.3879907226562,1662.626001586914,0.019715337241104372,1999.699951171875,-0.23708555641465254
2025-09-15,1454.1885986328125,1508.4000244140625,1527.5,1501.199951171875,1525.5999755859375,6167414,-0.011274220927585565,1489.2799926757812,1515.1819921875,1660.5472515869142,0.019793989451344918,1999.699951171875,-0.24568682240047976
2025-09-16,1456.9844970703125,1511.300048828125,1514.0,1503.5,1508.4000244140625,8923112,0.001922583112652143,1493.0549926757812,1512.593994140625,1658.4812518310546,0.019641263372312822,1999.699951171875,-0.24423659262357597
2025-09-17,1467.685546875,1522.4000244140625,1526.699951171875,1514.0,1516.9000244140625,4795698,0.007344653759883357,1497.1749938964845,1510.5019946289062,1656.8100018310547,0.019668224942764278,1999.699951171875,-0.23868577207200642
2025-09-18,1485.2313232421875,1540.5999755859375,1555.0,1538.5,1550.0,9331945,0.011954775932744521,1499.3949951171876,1508.5399951171876,1655.2237518310546,0.01790869820537432,1999.699951171875,-0.2295844310627168
2025-09-19,1484.845703125,1540.199951171875,1551.300048828125,1520.0999755859375,1544.5999755859375,12988129,-0.000259654952876609,1501.5849914550781,1506.6699951171875,1653.5257513427734,0.017910624914016668,1999.699951171875,-0.22978447328096463
2025-09-22,1445.6083984375,1499.5,1514.699951171875,1482.0,1482.699951171875,15655204,-0.02642510872754411,1502.184991455078,1504.343994140625,1651.5627514648438,0.018921224192901594,1999.699951171875,-0.25013750231815784
2025-09-23,1443.6802978515625,1497.5,1513.0,1493.0,1493.0,9832164,-0.0013337779259753324,1500.4549926757813,1502.3959936523438,1649.6040014648438,0.017609347334852827,1999.699951171875,-0.2511376523650826
2025-09-24,1440.884521484375,1494.5999755859375,1496.699951171875,1482.699951171875,1487.199951171875,4937004,-0.0019365772381051416,1498.7049926757813,1500.8819921875,1647.4027514648437,0.01761005859566056,1999.699951171875,-0.2525878821419864
2025-09-25,1431.4368896484375,1484.800048828125,1502.699951171875,1476.5,1489.0,9491867,-0.006556889413818268,1497.9399963378905,1498.8659936523438,1645.214751586914,0.017138519211681795,1999.699951171875,-0.2574885807453291
2025-09-26,1396.8270263671875,1448.9000244140625,1478.699951171875,1441.199951171875,1475.0,8597058,-0.024178356164789028,1496.9049987792969,1495.6859936523438,1642.841001586914,0.017393933951863606,1999.699951171875,-0.2754412862964915
2025-09-29,1389.982177734375,1441.800048828125,1465.0,1436.5,1460.0,10513117,-0.004900252237078129,1494.025,1492.8519946289061,1640.3072515869142,0.016703313484563765,1999.699951171875,-0.27899180675421154
2025-09-30,1389.982177734375,1441.800048828125,1452.199951171875,1438.0999755859375,1443.0,7556305,0.0,1491.1800048828125,1489.96599609375,1637.6455017089843,0.016705638877653504,1999.699951171875,-0.27899180675421154
2025-10-01,1393.8385009765625,1445.800048828125,1449.5,1427.4000244140625,1446.0,6250692,0.002774309796459651,1489.5150085449218,1487.19599609375,1634.939501953125,0.01651751076340997,1999.699951171875,-0.276991506660362
2025-10-03,1394.609619140625,1446.5999755859375,1448.300048828125,1433.199951171875,1439.0,6877533,0.0005532762005788783,1488.6950073242188,1484.7099951171874,1632.1740020751954,0.016354814947278216,1999.699951171875,-0.2765914832681807
2025-10-06,1422.9530029296875,1476.0,1478.800048828125,1442.300048828125,1446.5999755859375,4630590,0.02032353443263002,1490.2650085449218,1482.7399951171874,1629.6537518310547,0.01672011731127606,1999.699951171875,-0.26188926536952384
2025-10-07,1406.0819091796875,1458.5,1482.9000244140625,1454.0,1477.699951171875,5570320,-0.01185636856368566,1491.5450073242187,1480.8599951171875,1627.063251953125,0.016850779810000632,1999.699951171875,-0.2706405782801155
2025-10-08,1441.2701416015625,1495.0,1498.0,1455.0,1457.0,4657192,0.025025711347274493,1491.0800048828125,1480.44599609375,1624.6425018310547,0.013684755813428037,1999.699951171875,-0.25238783992373853
2025-10-09,1455.0562744140625,1509.300048828125,1514.0,1487.0,1502.0,7028753,0.009565250052257612,1489.9150085449219,1480.3119970703126,1622.458002319336,0.013153731180853851,1999.699951171875,-0.24523674267050075
2025-10-10,1460.4549560546875,1514.9000244140625,1521.699951171875,1498.800048828125,1510.0,3738353,0.0037103129959383807,1490.1750122070312,1480.3359985351562,1620.4217523193358,0.012744439277565384,1999.699951171875,-0.24243633474797427
2025-10-13,1439.5347900390625,1493.199951171875,1504.699951171875,1483.4000244140625,1497.0,5859355,-0.014324425963740173,1488.5550109863282,1479.8199975585937,1618.2662518310547,0.012899941353730284,1999.699951171875,-0.2532879993836966
2025-10-14,1436.353515625,1489.9000244140625,1514.4000244140625,1486.5,1499.0,5600789,-0.0022099697734537793,1487.6300109863282,1479.437998046875,1616.1705017089844,0.012677042875000178,1999.699951171875,-0.25493821033453384
2025-10-15,1421.4105224609375,1474.4000244140625,1488.5999755859375,1467.5,1483.9000244140625,6986098,-0.010403382606893885,1485.785009765625,1479.5339990234374,1614.0055017089844,0.012849447743715636,1999.699951171875,-0.26268937319820074
2025-10-16,1418.61474609375,1471.5,1474.5,1460.5,1473.9000244140625,8005748,-0.0019669183166318716,1483.240008544922,1479.3539990234376,1611.7792517089845,0.012692946645169501,1999.699951171875,-0.2641396029751045
2025-10-17,1389.3072509765625,1441.0999755859375,1458.4000244140625,1434.0,1454.9000244140625,16959378,-0.020659207892669063,1478.2650085449218,1478.9699975585938,1609.454751586914,0.012949283918825003,1999.699951171875,-0.27934189589722386
2025-10-20,1408.395751953125,1460.9000244140625,1467.0,1450.0,1453.699951171875,6994246,0.013739538660441974,1474.3000122070312,1479.4539990234375,1607.3592517089844,0.01348679745005055,1999.699951171875,-0.2694403860149429
2025-10-21,1419.482421875,1472.4000244140625,1486.0,1470.0,1478.0,1698704,0.007871859680892657,1472.9450134277345,1480.1639990234376,1605.3087518310547,0.01243078527748784,1999.699951171875,-0.2636895232451255
2025-10-23,1473.566162109375,1528.5,1546.0,1506.0,1510.0,20358624,0.03810104228180955,1474.4950134277344,1482.2719995117188,1603.162001953125,0.015173073788069388,1999.699951171875,-0.23563532663774875
2025-10-24,1470.57763671875,1525.4000244140625,1543.0,1518.0,1539.5,8652257,-0.0020281161831452454,1476.0350158691406,1484.2160009765626,1601.0952520751953,0.015174062429766747,1999.699951171875,-0.23718554700161926
2025-10-27,1472.633056640625,1504.5,1515.300048828125,1498.0999755859375,1510.0,7273211,-0.01370134002855461,1477.0200134277343,1485.8240014648438,1598.9285021972655,0.015446181353859268,1999.699951171875,-0.24763712720084594
2025-10-28,1468.4241943359375,1500.199951171875,1506.5,1490.5,1499.699951171875,8211019,-0.0028581248442173246,1479.585009765625,1487.2960009765625,1596.7752520751953,0.014328924074115432,1999.699951171875,-0.24978747421945993
2025-10-29,1478.408203125,1510.4000244140625,1520.199951171875,1496.9000244140625,1500.199951171875,4884976,0.006799142497118327,1483.0150085449218,1488.5500024414061,1594.6615020751954,0.014278088040862398,1999.699951171875,-0.24468667235355498
2025-10-30,1462.1597900390625,1493.800048828125,1508.199951171875,1489.0999755859375,1507.0,5608867,-0.010990449760074128,1485.615008544922,1489.7100024414062,1592.5440020751953,0.014584451183169585,1999.699951171875,-0.25298790553416767
2025-10-31,1450.9034423828125,1482.300048828125,1497.0999755859375,1480.699951171875,1490.0,4819814,-0.007698486828288442,1487.440008544922,1490.5560034179687,1590.1207525634766,0.014737601532253869,1999.699951171875,-0.25873876830398507
2025-11-03,1454.0355224609375,1485.5,1491.4000244140625,1474.199951171875,1482.300048828125,5470600,0.002158774247093209,1489.385009765625,1490.3420043945312,1587.737252807617,0.014737407986144969,1999.699951171875,-0.2571385526466312
2025-11-04,1436.808349609375,1467.9000244140625,1481.9000244140625,1462.9000244140625,1479.699951171875,8691330,-0.011847846237588389,1488.9800109863281,1489.7720043945312,1585.376502685547,0.014316374748847938,1999.699951171875,-0.26593986085070626
2025-11-06,1435.6336669921875,1466.699951171875,1483.0,1461.9000244140625,1478.5999755859375,7944752,-0.0008175442620259599,1489.3900085449218,1489.3560034179689,1582.961752319336,0.014052831577838642,1999.699951171875,-0.2665399875054497
2025-11-07,1445.5198974609375,1476.800048828125,1480.9000244140625,1449.0999755859375,1470.0,8765759,0.006886273943201626,1488.4800109863281,1488.2500048828124,1580.7035028076173,0.012917520921569918,1999.699951171875,-0.26148918093302814
2025-11-10,1481.4425048828125,1513.5,1520.0,1490.0,1490.0999755859375,9787975,0.024850995367312834,1488.690008544922,1487.9280053710938,1579.1937530517578,0.013956879592569494,1999.699951171875,-0.24313645198968448
2025-11-11,1497.88671875,1530.300048828125,1533.4000244140625,1511.0999755859375,1525.0,13692989,0.011100131369755628,1489.460009765625,1488.5320068359374,1577.7787530517578,0.014150326416764954,1999.699951171875,-0.23473516717779072
2025-11-12,1518.8333740234375,1551.699951171875,1559.199951171875,1538.0999755859375,1540.0,14635417,0.01398412184599862,1492.385009765625,1490.1740063476564,1576.533753051758,0.013993842711032383,1999.699951171875,-0.22403361051114723
2025-11-13,1509.14306640625,1541.800048828125,1557.5,1530.300048828125,1557.0999755859375,19655689,-0.006380036511745346,1494.9800109863281,1491.0220068359374,1574.960503540039,0.01409084475809102,1999.699951171875,-0.22898430440797332
2025-11-14,1470.9691162109375,1502.800048828125,1530.0,1488.800048828125,1520.0,9739549,-0.025295108811056677,1496.4000122070313,1491.1040087890624,1573.1472540283203,0.015125491783364805,1999.699951171875,-0.24848723032300624
2025-11-17,1475.66748046875,1507.5999755859375,1510.199951171875,1492.5,1496.0,7910354,0.003193988955187743,1498.205010986328,1491.6740087890626,1571.3080041503906,0.015115109771221165,1999.699951171875,-0.24608690683697543
2025-11-18,1454.91650390625,1486.4000244140625,1506.0,1483.199951171875,1506.0,7525119,-0.0140620532735386,1500.4700134277343,1492.1420092773437,1569.6300042724608,0.014675801506280731,1999.699951171875,-0.25668847291665214
2025-11-19,1508.4578857421875,1541.0999755859375,1543.0,1490.5,1490.5,10981126,0.03680028947351355,1504.4800109863281,1494.0720092773438,1568.1867541503907,0.01647164109501946,1999.699951171875,-0.22933439355098562
2025-11-20,1503.955322265625,1536.5,1555.0,1534.0,1555.0,7387584,-0.0029848651345208976,1507.685009765625,1496.1440087890626,1566.4630041503906,0.016474709524053395,1999.699951171875,-0.2316347264500497
2025-11-21,1512.2752685546875,1545.0,1551.5,1526.300048828125,1531.0,9186302,0.0055320533680442985,1508.510009765625,1496.9580078125,1564.8882543945313,0.014197904273373436,1999.699951171875,-0.22738408875061944
2025-11-24,1515.2117919921875,1548.0,1585.0,1541.0,1563.5999755859375,19270381,0.001941747572815622,1509.6400085449218,1497.2660083007813,1563.2292541503907,0.014186501636176182,1999.699951171875,-0.2258838636802323
2025-11-25,1498.1802978515625,1530.5999755859375,1550.5999755859375,1525.9000244140625,1549.0,8107952,-0.011240325848877575,1510.9450073242188,1497.6840087890625,1561.6255041503907,0.014063964717742466,1999.699951171875,-0.23458518129734063
2025-11-26,1524.902099609375,1557.9000244140625,1560.300048828125,1532.0999755859375,1532.0999755859375,7575038,0.01783617487493694,1513.830010986328,1498.330009765625,1560.0985040283203,0.01452255043728004,1999.699951171875,-0.22093310873909183
2025-11-27,1533.2220458984375,1566.4000244140625,1574.300048828125,1552.199951171875,1564.0,7552252,0.005456062562934294,1516.6300109863282,1499.490009765625,1558.43650390625,0.014502224988160367,1999.699951171875,-0.2166824710396616
2025-11-28,1527.055419921875,1560.0999755859375,1568.4000244140625,1557.0,1565.0,4453221,-0.004021992294389598,1519.9450073242188,1500.4660083007811,1556.751753540039,0.014257332369367434,1999.699951171875,-0.21983296810520037
2025-12-01,1530.872802734375,1564.0,1574.0,1556.0,1562.5,5341800,0.00249985544201925,1524.0300048828126,1501.2980078125,1554.9935034179687,0.014063107000070506,1999.699951171875,-0.2178826633048342
2025-12-02,1527.9364013671875,1561.0,1579.9000244140625,1556.0999755859375,1567.0,6335969,-0.0019181585677748858,1527.8050048828125,1501.7060083007811,1553.2802532958985,0.014102072453016808,1999.699951171875,-0.21938288837522132
2025-12-03,1545.261474609375,1578.699951171875,1586.0,1554.0999755859375,1555.0999755859375,12895312,0.011338854049887992,1533.3450012207031,1502.4760083007814,1551.7722528076172,0.01380384019575004,1999.699951171875,-0.2105315848776629
2025-12-04,1563.7611083984375,1597.5999755859375,1599.0,1568.0,1568.0,12609619,0.01197189142878785,1539.8900024414063,1504.4380078125,1550.3820025634766,0.013877880399262231,1999.699951171875,-0.20108015472536103
2025-12-05,1581.9671630859375,1616.199951171875,1631.800048828125,1600.0,1610.0,10344725,0.011642448591748122,1546.8599975585937,1506.8120068359376,1549.1472521972655,0.013963672378005896,1999.699951171875,-0.19177877149782357
2025-12-08,1576.681640625,1610.800048828125,1630.0,1600.199951171875,1617.0999755859375,7550413,-0.0033411103247680263,1551.725,1509.1360083007812,1547.9850024414063,0.013216041277060405,1999.699951171875,-0.19447912778906895
2025-12-09,1565.1314697265625,1599.0,1606.9000244140625,1582.4000244140625,1601.199951171875,6957599,-0.007325582611392156,1555.1599975585937,1511.4200073242187,1546.698002319336,0.01327861577653589,1999.699951171875,-0.2003800374836508
2025-12-10,1551.2322998046875,1584.800048828125,1608.0,1582.800048828125,1608.0,5116140,-0.008880519807301424,1556.8150024414062,1514.1380078125,1545.410502319336,0.013202086852030968,1999.699951171875,-0.20748107839909088
2025-12-11,1564.1527099609375,1598.0,1607.4000244140625,1580.5,1598.0,5159319,0.008329095636787631,1559.625,1517.2620068359374,1544.1407525634766,0.013170890127280196,1999.699951171875,-0.20088011250711318
2025-12-12,1564.348388671875,1598.199951171875,1601.800048828125,1582.5999755859375,1601.4000244140625,4633912,0.00012512588978408345,1564.3949951171876,1520.3900048828125,1543.0777520751953,0.011536171261840271,1999.699951171875,-0.20078012192014646
2025-12-15,1572.766357421875,1606.800048828125,1610.800048828125,1585.0,1585.0,4190558,0.005381114953697752,1569.354998779297,1523.6100048828125,1541.9860021972656,0.011547024838494584,1999.699951171875,-0.19647942788291847
2025-12-16,1559.1607666015625,1592.9000244140625,1603.0,1585.5999755859375,1600.0,5499258,-0.008650749310220696,1574.679998779297,1526.536005859375,1540.875502319336,0.011177409211824757,1999.699951171875,-0.20343048291790847
2025-12-17,1568.0679931640625,1602.0,1606.9000244140625,1586.0,1587.199951171875,4817628,0.005712835360954127,1577.725,1529.056005859375,1540.0650024414062,0.008022824665493474,1999.699951171875,-0.19887981241326366
2025-12-18,1592.3427734375,1626.800048828125,1630.0,1606.699951171875,1610.5,6577293,0.015480679667993158,1582.2400024414062,1532.4220068359375,1539.3605029296875,0.008472494976276182,1999.699951171875,-0.18647792741367084
2025-12-19,1603.9906005859375,1638.699951171875,1654.9000244140625,1629.800048828125,1650.0,13149023,0.007314913933228695,1586.925,1535.296005859375,1538.7325024414063,0.008511009427640617,1999.699951171875,-0.18052708346992
2025-12-22,1653.8125,1689.5999755859375,1693.199951171875,1664.0,1664.0,23098923,0.031061222878332684,1594.0049987792968,1538.9020043945313,1538.7420025634765,0.010566171923288856,1999.699951171875,-0.15507325256682186
2025-12-23,1632.9637451171875,1668.300048828125,1679.0,1656.4000244140625,1679.0,6593060,-0.01260649092423538,1600.8900024414063,1541.9700048828124,1538.5405029296876,0.0106767057291039,1999.699951171875,-0.16572481393998195
2025-12-24,1628.16748046875,1663.4000244140625,1667.5999755859375,1652.5,1661.0,4271167,-0.0029371361689429776,1606.1650024414062,1545.3740063476562,1538.4160028076171,0.010301610736023576,1999.699951171875,-0.16817519376381052
2025-12-26,1621.0220947265625,1656.0999755859375,1668.800048828125,1651.699951171875,1663.4000244140625,2006491,-0.004388630949248906,1610.65,1548.6980053710938,1538.139002685547,0.010429168537721103,1999.699951171875,-0.17182576585281165
2025-12-29,1609.863525390625,1644.699951171875,1673.0999755859375,1637.0999755859375,1658.0,4062817,-0.006883657135511423,1614.8799987792968,1552.10400390625,1537.7832525634765,0.010547220026863108,1999.699951171875,-0.1775266333291457
2025-12-30,1587.2528076171875,1621.5999755859375,1647.9000244140625,1616.800048828125,1647.0,9395937,-0.014045100183458059,1617.7599975585938,1555.1060034179689,1537.4612524414063,0.011192531040543385,1999.699951171875,-0.18907835416226385
2025-12-31,1581.1842041015625,1615.4000244140625,1628.5999755859375,1609.199951171875,1621.0,6538656,-0.003823354258274958,1620.479998779297,1558.5920043945312,1537.0310028076171,0.011234489444730735,1999.699951171875,-0.19217879489000486
