Date,Adj Close,Close,High,Low,Open,Volume,Daily_Return,MA20,MA50,MA200,Rolling_Volatility_20D,Running_Max,Drawdown
2024-01-01,1279.69287109375,1295.125,1303.425048828125,1286.574951171875,1290.2750244140625,4030540,,,,,,1295.125,0.0
2024-01-02,1290.2900390625,1305.8499755859375,1307.5,1286.5,1292.5,7448800,0.008281035101582956,,,,,1305.8499755859375,0.0
2024-01-03,1276.25927734375,1291.6500244140625,1317.0,1288.5999755859375,1305.0,9037536,-0.01087410608979289,,,,,1305.8499755859375,-0.010874106089792937
2024-01-04,1282.854736328125,1298.324951171875,1304.925048828125,1289.550048828125,1294.0,9612778,0.005167751814846744,,,,,1305.8499755859375,-0.005762548956426642
2024-01-05,1288.3138427734375,1303.8499755859375,1309.925048828125,1299.0,1301.449951171875,8086406,0.004255501990526822,,,,,1305.8499755859375,-0.0015315695044544424
2024-01-08,1278.26025390625,1293.675048828125,1315.9749755859375,1284.4749755859375,1305.0,7734652,-0.007803755760504516,,,,,1305.8499755859375,-0.009323373270616012
2024-01-09,1274.8759765625,1290.25,1303.4000244140625,1288.5999755859375,1300.0,5403074,-0.002647534117031669,,,,,1305.8499755859375,-0.011946223438827848
2024-01-10,1309.261474609375,1325.050048828125,1329.5,1287.5250244140625,1288.5,11102740,0.026971554991765068,,,,,1325.050048828125,0.0
2024-01-11,1343.696044921875,1359.9000244140625,1362.5,1328.5,1329.5,23725852,0.0263008749116751,,,,,1359.9000244140625,0.0
2024-01-12,1354.39208984375,1370.7249755859375,1373.324951171875,1345.75,1359.9000244140625,15012164,0.007960108079664963,,,,,1370.7249755859375,0.0
2024-01-15,1377.5130615234375,1394.125,1396.449951171875,1366.0,1375.0,8610594,0.017071276026074944,,,,,1394.125,0.0
2024-01-16,1358.24560546875,1374.625,1396.300048828125,1370.5,1389.9749755859375,9069024,-0.01398726799964134,,,,,1394.125,-0.013987267999641352
2024-01-17,1345.35107421875,1361.574951171875,1386.2750244140625,1355.0250244140625,1359.5,12197382,-0.009493533747840344,,,,,1394.125,-0.02334801314668699
2024-01-18,1351.6500244140625,1367.949951171875,1371.0,1351.25,1351.4000244140625,10279438,0.0046820779087579645,,,,,1394.125,-0.018775252454496547
2024-01-19,1351.156005859375,1367.449951171875,1376.0,1359.0,1376.0,10422704,-0.00036551044836963253,,,,,1394.125,-0.01913390035192325
2024-01-23,1312.7442626953125,1328.574951171875,1371.75,1322.550048828125,1371.75,20055420,-0.0284288283945493,,,,,1394.125,-0.04701877437684928
2024-01-24,1327.8619384765625,1343.875,1349.5,1323.925048828125,1335.2249755859375,21919128,0.011516135250502435,,,,,1394.125,-0.03604411369138348
2024-01-25,1336.952392578125,1353.074951171875,1364.1500244140625,1335.199951171875,1342.949951171875,11808872,0.006845838468514609,,,,,1394.125,-0.029445027402940912
2024-01-29,1430.795654296875,1448.050048828125,1452.5,1360.175048828125,1364.5,23893438,0.0701920448486566,,,,,1448.050048828125,0.0
2024-01-30,1390.8524169921875,1407.625,1459.9749755859375,1404.425048828125,1459.949951171875,14093978,-0.027916886478364544,1344.0662414550782,,,,1448.050048828125,-0.027916886478364544
2024-01-31,1409.6259765625,1426.625,1434.25,1402.5,1404.0,15130226,0.013497913151585106,1350.6412414550782,,,0.02145398533678262,1448.050048828125,-0.014795793035927053
2024-02-01,1409.650634765625,1426.6500244140625,1443.3499755859375,1418.050048828125,1435.0,13349362,1.7540989441844346e-05,1356.6812438964844,,,0.021468279796441538,1448.050048828125,-0.014778511579334614
2024-02-02,1440.3306884765625,1457.699951171875,1474.9000244140625,1433.175048828125,1433.175048828125,19652588,0.021764221236084236,1364.983740234375,,,0.0214667626083522,1457.699951171875,0.0
2024-02-05,1421.8782958984375,1439.0250244140625,1470.5,1431.5250244140625,1460.75,8814432,-0.012811228224847926,1372.0187438964845,,,0.021888101665216902,1457.699951171875,-0.012811228224847879
2024-02-06,1410.7869873046875,1427.800048828125,1441.8499755859375,1419.824951171875,1441.8499755859375,9047984,-0.007800403325514127,1378.2162475585938,,,0.022085845616228877,1457.699951171875,-0.02051169880311298
2024-02-07,1424.966064453125,1442.1500244140625,1449.5,1429.25,1435.925048828125,9296568,0.010050409787921932,1385.6399963378906,,,0.021910653310117566,1457.699951171875,-0.010667439993608831
2024-02-08,1432.845947265625,1450.125,1459.4749755859375,1427.5250244140625,1450.0,14694634,0.005529920917331621,1393.6337463378907,,,0.02182337854936384,1457.699951171875,-0.0051965091758323385
2024-02-09,1443.344482421875,1460.75,1471.9749755859375,1450.949951171875,1454.0,12556798,0.007326954572881572,1400.4187438964843,,,0.02126862296436985,1460.75,0.0
2024-02-12,1435.0443115234375,1452.3499755859375,1461.0,1442.3499755859375,1460.75,6674430,-0.005750487362014334,1405.041241455078,,,0.020789000984580176,1460.75,-0.005750487362014376
2024-02-13,1447.642578125,1465.0999755859375,1479.0,1454.0,1455.5,7715594,0.008778875762955218,1409.759991455078,,,0.02079906031090335,1465.0999755859375,0.0
2024-02-14,1463.7236328125,1481.375,1483.6500244140625,1457.5,1457.5,7117888,0.011108473609491076,1414.122491455078,,,0.020636933723425555,1481.375,0.0
2024-02-15,1453.076904296875,1470.5999755859375,1484.7249755859375,1466.5250244140625,1483.3499755859375,10006782,-0.007273664274111913,1418.921240234375,,,0.020395190030902417,1481.375,-0.0072736642741118894
2024-02-16,1443.17138671875,1460.574951171875,1477.0,1458.550048828125,1476.4749755859375,9767498,-0.006816962179037267,1423.871240234375,,,0.020313552540411773,1481.375,-0.014041042158889546
2024-02-19,1456.4364013671875,1474.0,1479.5,1453.5250244140625,1462.050048828125,6729828,0.00919161924374623,1429.1737426757813,,,0.02034993662260793,1481.375,-0.004978482828453295
2024-02-20,1453.496826171875,1471.0250244140625,1475.5,1461.800048828125,1475.0250244140625,7117496,-0.0020183009402561236,1434.3524963378907,,,0.020371654753387165,1481.375,-0.006986735692135685
2024-02-21,1450.2115478515625,1467.699951171875,1488.5250244140625,1457.550048828125,1474.0,12720292,-0.0022603784347665634,1441.3087463378906,,,0.018982330100528095,1481.375,-0.009231321460214327
2024-02-22,1464.0941162109375,1481.75,1484.949951171875,1458.0,1468.1500244140625,18493728,0.009572834568064792,1448.2024963378906,,,0.018953025846092927,1481.75,0.0
2024-02-23,1475.82763671875,1493.625,1497.550048828125,1483.3499755859375,1489.5,14438584,0.008014172431246802,1455.229998779297,,,0.01896061422035898,1493.625,0.0
2024-02-26,1469.6026611328125,1487.324951171875,1494.5250244140625,1482.5,1493.550048828125,7513106,-0.0042179588773119114,1457.1937438964844,,,0.011254360988346982,1493.625,-0.004217958877311909
2024-02-27,1467.94775390625,1485.6500244140625,1499.949951171875,1478.050048828125,1483.0250244140625,10826044,-0.0011261337050070264,1461.0949951171874,,,0.008937214340488355,1493.625,-0.005339342596660809
2024-02-28,1438.2803955078125,1455.625,1491.2750244140625,1450.175048828125,1483.0,8647950,-0.02021002518806836,1462.5449951171875,,,0.009925209244825903,1493.625,-0.025441459536362874
2024-02-29,1443.393798828125,1460.800048828125,1478.9749755859375,1454.5250244140625,1465.0,23628976,0.003555207438814989,1464.2524963378905,,,0.009937291675681935,1493.625,-0.02197670176374592
2024-03-01,1474.345458984375,1492.125,1500.0,1462.5,1463.5,12132926,0.021443695320933376,1465.9737487792968,,,0.009902630910647319,1493.625,-0.0010042681395932714
2024-03-04,1489.4384765625,1507.4000244140625,1512.449951171875,1487.2249755859375,1490.4749755859375,10024420,0.010237094354737408,1469.3924987792968,,,0.009518161492541042,1507.4000244140625,0.0
2024-03-05,1482.32421875,1500.199951171875,1507.4000244140625,1486.050048828125,1505.7750244140625,7107668,-0.004776484758905464,1473.0124938964843,,,0.009371036494610675,1507.4000244140625,-0.004776484758905468
2024-03-06,1485.0909423828125,1503.0,1509.0,1478.5,1493.449951171875,7805676,0.0018664504194509934,1476.0549926757812,,,0.00920196690553401,1507.4000244140625,-0.0029189494114363053
2024-03-07,1461.302734375,1478.925048828125,1503.0999755859375,1475.550048828125,1502.9749755859375,8315726,-0.01601793158474718,1477.4949951171875,,,0.010006587756259675,1507.4000244140625,-0.018890125464211753
2024-03-11,1449.12451171875,1466.5999755859375,1489.0,1463.5,1489.0,11277130,-0.008333805186377496,1477.7874938964844,,,0.010100319890255557,1507.4000244140625,-0.02706650402502433
2024-03-12,1457.844482421875,1475.425048828125,1488.0,1465.0250244140625,1466.5999755859375,9432678,0.00601736900933858,1478.9412475585937,,,0.010075204109261228,1507.4000244140625,-0.021212004158197097
2024-03-13,1415.10986328125,1432.175048828125,1483.0999755859375,1427.7750244140625,1479.7750244140625,13522134,-0.029313586640237532,1477.2950012207032,1417.5099975585938,,0.011925416076021239,1507.4000244140625,-0.04990379087673028
2024-03-14,1414.4180908203125,1431.4749755859375,1448.5250244140625,1425.5,1439.699951171875,18571102,-0.0004888182088916837,1474.8,1420.2369970703126,,0.011579113364743076,1507.4000244140625,-0.050368215203948685
2024-03-15,1401.3260498046875,1418.2249755859375,1433.2249755859375,1412.9000244140625,1425.949951171875,19223818,-0.009256186958194301,1472.18125,1422.4844970703125,,0.01163814558681541,1507.4000244140625,-0.059158184545464634
2024-03-18,1422.32275390625,1439.4749755859375,1441.7249755859375,1416.5250244140625,1420.0,9169392,0.014983518387990946,1471.1262512207031,1425.44099609375,,0.012148036067662439,1507.4000244140625,-0.045061063903410754
2024-03-19,1408.267333984375,1425.25,1437.5999755859375,1417.25,1428.75,8275764,-0.009882058269298666,1468.6887512207031,1427.9794970703124,,0.012082700660397608,1507.4000244140625,-0.054497826113539316
2024-03-20,1426.5469970703125,1443.75,1445.0,1424.0250244140625,1427.949951171875,8488806,0.012980178915979579,1467.325,1430.7774975585937,,0.01251381831896172,1507.4000244140625,-0.042225038731045356
2024-03-21,1433.685791015625,1450.9749755859375,1457.9000244140625,1444.675048828125,1452.5250244140625,13006936,0.0050043120941558605,1466.488751220703,1433.92349609375,,0.012576329002818172,1507.4000244140625,-0.037432033908887476
2024-03-22,1437.6876220703125,1455.0250244140625,1460.0,1447.3499755859375,1449.9749755859375,19527608,0.002791260287924313,1465.1525024414063,1437.2189965820312,,0.012380423938865402,1507.4000244140625,-0.03474525617070926
2024-03-26,1424.3978271484375,1441.574951171875,1452.4000244140625,1439.0,1445.0,11415906,-0.009243877607949647,1462.55,1439.5494946289064,,0.012332415751619618,1507.4000244140625,-0.04366795288315999
2024-03-27,1475.061767578125,1492.8499755859375,1500.0,1447.0,1448.0,16326644,0.03556875372479262,1462.8262512207032,1442.2084936523438,,0.014855626672987085,1507.4000244140625,-0.009652413820134249
2024-03-28,1468.1451416015625,1485.8499755859375,1505.949951171875,1478.6500244140625,1492.875,21854364,-0.004689017727486311,1462.836248779297,1444.5109936523438,,0.014894812463718791,1507.4000244140625,-0.014296171208104938
2024-04-01,1467.0831298828125,1484.7750244140625,1493.9749755859375,1482.5,1492.4749755859375,5013880,-0.0007234587539372006,1464.29375,1446.323994140625,,0.014112308923152395,1507.4000244140625,-0.015009287271833835
2024-04-02,1469.232177734375,1486.949951171875,1494.0,1475.0,1484.0,8910166,0.0014648190615078605,1465.6012451171875,1448.5704931640626,,0.014100796130035734,1507.4000244140625,-0.013566454100421416
2024-04-03,1454.0650634765625,1471.5999755859375,1484.449951171875,1468.9000244140625,1482.074951171875,7008292,-0.010323128612257704,1464.5749938964843,1450.7709936523438,,0.013448655352470269,1507.4000244140625,-0.023749534462188127
2024-04-04,1445.4935302734375,1462.925048828125,1479.75,1450.0,1479.75,14490272,-0.005894894605688261,1462.3512451171875,1452.6704956054687,,0.013246299171372095,1507.4000244140625,-0.029504428065287615
2024-04-05,1442.7021484375,1460.0999755859375,1470.800048828125,1456.0,1460.875,7442298,-0.0019311127692088759,1460.3462463378905,1454.52349609375,,0.013223537370702185,1507.4000244140625,-0.0313785644567114
2024-04-08,1468.268798828125,1485.9749755859375,1490.9749755859375,1461.0,1462.9749755859375,8357118,0.01772138924227873,1459.4949951171875,1457.6714965820313,,0.01388046165136726,1507.4000244140625,-0.014213246969034032
2024-04-09,1446.2098388671875,1463.6500244140625,1489.800048828125,1462.5,1489.0,7071414,-0.015023773306190424,1458.7312438964843,1460.0669970703125,,0.013823546561616547,1507.4000244140625,-0.029023483674816806
2024-04-10,1461.9449462890625,1479.574951171875,1487.0,1466.3499755859375,1466.3499755859375,9138330,0.01088028319077683,1459.3799926757813,1462.5969970703125,,0.013912618445580775,1507.4000244140625,-0.01845898420560482
2024-04-12,1449.6680908203125,1467.1500244140625,1486.4749755859375,1463.074951171875,1475.875,15551012,-0.008397632541677913,1458.966241455078,1462.9789965820312,,0.013986686111631372,1507.4000244140625,-0.02670160498083146
2024-04-15,1447.3707275390625,1464.824951171875,1482.125,1446.324951171875,1461.0,12902062,-0.0015847549354170987,1460.5987365722656,1464.1229956054688,,0.012209063145342754,1507.4000244140625,-0.028244044415971628
2024-04-16,1448.2847900390625,1465.75,1471.175048828125,1450.925048828125,1453.3499755859375,9366184,0.0006315081043539728,1462.3124877929688,1464.9054956054688,,0.01220348635726422,1507.4000244140625,-0.027630372654566044
2024-04-18,1446.876708984375,1464.324951171875,1486.0,1459.3499755859375,1463.5,19005692,-0.0009722318458980084,1464.6174865722655,1465.658994140625,,0.01196626969383693,1507.4000244140625,-0.02857574137225525
2024-04-19,1452.607666015625,1470.125,1474.0,1443.0250244140625,1456.7750244140625,15741778,0.003960902819748702,1466.1499877929687,1465.9074951171874,,0.01156792334193439,1507.4000244140625,-0.024728024287084364
2024-04-22,1462.2166748046875,1479.8499755859375,1482.824951171875,1467.800048828125,1472.449951171875,10350362,0.006615067144588149,1468.8799865722656,1466.723994140625,,0.011328041685693567,1507.4000244140625,-0.018276534683508386
2024-04-23,1441.936279296875,1459.324951171875,1493.5,1455.550048828125,1479.0,14605554,-0.013869665677384457,1469.6587341308593,1467.3544921875,,0.011540029165073355,1507.4000244140625,-0.03189271093509145
2024-04-24,1432.895263671875,1450.175048828125,1468.550048828125,1449.5,1463.5,10462776,-0.006269955390266202,1469.6187377929687,1467.5149926757813,,0.011588785095589858,1507.4000244140625,-0.03796270045051994
2024-04-25,1442.57861328125,1459.9749755859375,1467.9749755859375,1441.5,1442.5,15943926,0.0067577543591939015,1469.8662353515624,1467.7119921875,,0.011672068559452105,1507.4000244140625,-0.03146148869578231
2024-04-26,1435.2421875,1452.550048828125,1465.0,1450.0,1463.949951171875,9413848,-0.005085653440623283,1470.414990234375,1467.5479931640625,,0.011530535593465471,1507.4000244140625,-0.036387139908172744
2024-04-29,1447.568359375,1465.0250244140625,1467.9000244140625,1450.0,1450.0,7247974,0.008588327538870066,1469.0237426757812,1467.801494140625,,0.008341953165685909,1507.4000244140625,-0.02811131704503685
2024-04-30,1449.5198974609375,1467.0,1483.074951171875,1462.875,1468.0,11474262,0.0013480831747070265,1468.0812438964845,1467.8394946289063,,0.008307061164752449,1507.4000244140625,-0.02680113026385699
2024-05-02,1449.0753173828125,1466.550048828125,1477.324951171875,1464.125,1472.0,14512646,-0.0003067151819189373,1467.1699951171875,1467.5429956054688,,0.008307272131273103,1507.4000244140625,-0.027099625132231363
2024-05-03,1416.9129638671875,1434.0,1474.949951171875,1416.1500244140625,1471.0,17226958,-0.022194979880935328,1464.5224975585938,1466.81099609375,,0.009586243402944715,1507.4000244140625,-0.04869312937857596
2024-05-06,1402.610595703125,1419.5250244140625,1440.0,1418.0,1435.5,7394208,-0.010094125234266005,1461.91875,1465.9899975585938,,0.009575617338420791,1507.4000244140625,-0.05829574006684633
2024-05-07,1384.775634765625,1401.4749755859375,1420.75,1392.0,1415.9749755859375,14517472,-0.012715555215784602,1458.8462463378905,1464.5394970703126,,0.009848351039791165,1507.4000244140625,-0.07027003258096592
2024-05-08,1401.6473388671875,1418.550048828125,1432.949951171875,1397.5,1397.5,9439002,0.012183644759727885,1456.76875,1463.4899975585938,,0.010353647542885714,1507.4000244140625,-0.058942532935458945
2024-05-09,1377.5130615234375,1394.125,1423.75,1390.0,1413.0,11009612,-0.01721832010671931,1452.176251220703,1462.0184985351561,,0.009896611772054885,1507.4000244140625,-0.0751459616421947
2024-05-10,1390.6546630859375,1407.425048828125,1410.0,1388.074951171875,1396.75,10505096,0.009540069095758996,1449.3650024414062,1460.5319995117188,,0.009868150302136095,1507.4000244140625,-0.0663227902127695
2024-05-13,1385.9859619140625,1402.699951171875,1406.9749755859375,1384.0,1399.9000244140625,8456620,-0.003357264147163197,1445.5212524414062,1458.7134985351563,,0.009399299067496833,1507.4000244140625,-0.06945739123421149
2024-05-14,1403.154052734375,1420.074951171875,1427.074951171875,1400.0250244140625,1400.9749755859375,7188300,0.012386825839328042,1443.167498779297,1457.3684985351563,,0.009864609745417235,1507.4000244140625,-0.05793092200335568
2024-05-15,1399.399169921875,1416.2750244140625,1429.9749755859375,1413.0250244140625,1420.5,5046534,-0.002675863520215427,1440.7400024414062,1455.9809985351562,,0.009867637503255432,1507.4000244140625,-0.060451770282689866
2024-05-16,1408.3660888671875,1425.3499755859375,1427.5,1398.0250244140625,1418.550048828125,14711774,0.006407619293879341,1438.7200012207031,1455.375498046875,,0.010020876711416417,1507.4000244140625,-0.05443150291842304
2024-05-17,1418.5927734375,1435.699951171875,1437.199951171875,1413.25,1423.050048828125,10916476,0.007261357395177859,1437.288751220703,1454.87349609375,,0.010204595389840698,1507.4000244140625,-0.04756539211949253
2024-05-21,1419.0128173828125,1436.125,1441.824951171875,1425.5999755859375,1425.5999755859375,11176128,0.000296056866045058,1435.5887512207032,1453.75349609375,,0.010144746024489901,1507.4000244140625,-0.047283417314370565
2024-05-22,1443.2454833984375,1460.6500244140625,1468.7750244140625,1436.2750244140625,1436.2750244140625,10281604,0.017077221282313593,1434.6287536621094,1452.81849609375,,0.010812370536656258,1507.4000244140625,-0.031013665412518533
2024-05-23,1468.343017578125,1486.050048828125,1492.2249755859375,1455.0,1458.550048828125,14608260,0.017389534788972982,1435.9650085449218,1452.535498046875,,0.011049501614267763,1507.4000244140625,-0.014163443837170159
2024-05-24,1462.6119384765625,1480.25,1488.5,1476.0999755859375,1483.625,7094776,-0.0039029969634595263,1437.4687561035157,1452.080498046875,,0.010980381183135463,1507.4000244140625,-0.018011160922341046
2024-05-27,1448.77880859375,1466.25,1484.9000244140625,1461.550048828125,1480.2249755859375,6629010,-0.009457861847660842,1437.7825073242188,1451.8269970703125,,0.011136962737303297,1507.4000244140625,-0.027298675698282423
2024-05-28,1438.8485107421875,1456.199951171875,1478.5,1452.75,1468.0,7820162,-0.00685425325021316,1437.9650024414063,1451.6189965820313,,0.011188656566362663,1507.4000244140625,-0.03396581691186409
2024-05-29,1423.607421875,1440.7750244140625,1458.0,1438.449951171875,1446.5,7383556,-0.010592588432240535,1436.7525024414062,1450.92599609375,,0.01125232454280868,1507.4000244140625,-0.04419861942479245
2024-05-30,1407.8720703125,1424.8499755859375,1440.4000244140625,1420.0999755859375,1435.5,13206858,-0.011053112774911833,1434.645001220703,1450.7794946289061,,0.011468833387422859,1507.4000244140625,-0.05476319987470666
2024-05-31,1413.3560791015625,1430.4000244140625,1442.25,1422.25,1431.300048828125,31069832,0.00389518119326393,1432.8375,1450.7579956054688,,0.011528134116949897,1507.4000244140625,-0.05108133126767758
2024-06-03,1492.32861328125,1510.324951171875,1514.5,1459.0,1483.0,21527942,0.05587592658952323,1436.6537475585938,1452.5999951171875,,0.016278296292693503,1510.324951171875,0.0
2024-06-04,1380.625732421875,1397.2750244140625,1498.050048828125,1359.300048828125,1498.050048828125,36709098,-0.07485139318535128,1435.5412475585938,1451.75599609375,,0.023706610946867615,1510.324951171875,-0.07485139318535129
2024-06-05,1403.821044921875,1420.75,1431.1500244140625,1384.0999755859375,1422.0,17464890,0.01680054046323609,1436.5049987792968,1451.66599609375,,0.023825763567769588,1510.324951171875,-0.05930839658205539
2024-06-06,1414.541748046875,1431.5999755859375,1443.699951171875,1421.3499755859375,1435.0,17855722,0.007636794359273225,1437.1574951171874,1451.4229956054687,,0.023734525466987694,1510.324951171875,-0.0521245282512575
2024-06-07,1452.4346923828125,1469.949951171875,1472.0,1426.5,1428.5,18558696,0.02678819240007413,1440.9487426757812,1451.8024951171874,,0.02402111958901069,1510.324951171875,-0.026732657742741167
2024-06-10,1453.867431640625,1471.4000244140625,1493.3499755859375,1468.074951171875,1469.949951171875,9251760,0.000986477968880184,1444.1474914550781,1452.1299951171875,,0.023973345011096096,1510.324951171875,-0.02577255095177385
2024-06-11,1439.31787109375,1456.675048828125,1473.675048828125,1454.675048828125,1469.0,11774902,-0.010007459114866668,1446.8462463378905,1452.4319970703125,,0.024104661471314005,1510.324951171875,-0.03552209231670479
2024-06-12,1445.888671875,1463.324951171875,1476.0,1455.175048828125,1457.5,10081742,0.0045651240811048766,1449.0087463378907,1451.8414965820311,,0.02399337449714734,1510.324951171875,-0.031119130994646065
2024-06-13,1447.790771484375,1465.25,1472.25,1460.0999755859375,1472.0,9181160,0.0013155306526984045,1451.4574951171876,1451.4294970703124,,0.023970957223229672,1510.324951171875,-0.029844538512656452
2024-06-14,1459.944091796875,1477.550048828125,1479.675048828125,1457.2249755859375,1470.0,8157998,0.00839450525720875,1454.0674987792968,1451.2849975585937,,0.023994383644471026,1510.324951171875,-0.021700563390891246
2024-06-18,1463.377685546875,1481.0250244140625,1487.4000244140625,1471.3499755859375,1487.3499755859375,7196766,0.0023518496640391184,1456.3337524414062,1451.1664990234376,,0.023963659420107898,1510.324951171875,-0.019399750189572396
2024-06-19,1441.2694091796875,1458.6500244140625,1487.5,1456.0,1487.5,8725874,-0.015107779835693336,1457.4600036621093,1450.9075,,0.024261335966228495,1510.324951171875,-0.03421444287053422
2024-06-20,1456.139892578125,1473.699951171875,1482.8499755859375,1450.0999755859375,1459.0,16113776,0.010317709187204205,1458.1125,1451.122998046875,,0.02407284854086209,1510.324951171875,-0.02424974835487047
2024-06-21,1436.872314453125,1454.199951171875,1474.699951171875,1440.574951171875,1473.625,31170360,-0.013232001524118742,1456.5199951171876,1451.0049975585937,,0.023930508039151935,1510.324951171875,-0.03716087717179809
2024-06-24,1424.2989501953125,1441.4749755859375,1449.5,1437.5,1445.5250244140625,8878386,-0.008750499252653032,1454.5812438964845,1450.1149975585938,,0.023987999432895965,1510.324951171875,-0.04558620019653133
2024-06-25,1436.822998046875,1454.1500244140625,1455.925048828125,1441.0,1443.0,7045386,0.008793110558837691,1453.9762451171875,1449.9249975585938,,0.023998420881406364,1510.324951171875,-0.03719393413597905
2024-06-26,1495.9844970703125,1514.0250244140625,1518.9749755859375,1445.125,1446.050048828125,22014882,0.04117525633170227,1456.867498779297,1450.6139990234376,,0.025637906038424994,1514.0250244140625,0.0
2024-06-27,1512.3126220703125,1530.550048828125,1537.5,1506.0,1513.75,28383030,0.01091463096553369,1461.35625,1451.8819995117187,,0.02552100256966412,1530.550048828125,0.0
2024-06-28,1546.747314453125,1565.4000244140625,1581.0,1531.0250244140625,1531.0250244140625,28957336,0.022769575952528154,1468.3837524414062,1453.8935009765626,,0.025637379012946677,1565.4000244140625,0.0
2024-07-01,1541.5599365234375,1560.1500244140625,1579.4000244140625,1555.675048828125,1562.5250244140625,7724306,-0.003353775340565135,1474.8712524414063,1455.7815014648438,,0.025705440778338695,1565.4000244140625,-0.0033537753405651714
2024-07-02,1546.525146484375,1565.175048828125,1573.5,1557.0,1569.5,7749246,0.0032208597477345613,1477.6137573242188,1457.7985034179687,,0.022706312823412306,1565.4000244140625,-0.00014371763282788343
2024-07-03,1533.927001953125,1552.425048828125,1575.0,1542.7750244140625,1566.324951171875,9049620,-0.008146053701498901,1485.3712585449218,1459.4445043945314,,0.014077661873504711,1565.4000244140625,-0.00828860060277187
2024-07-04,1535.5079345703125,1554.0250244140625,1567.5,1550.800048828125,1557.0,6837176,0.00103062984402702,1492.035009765625,1460.9280053710938,,0.013843524952255541,1565.4000244140625,-0.007266513237891205
2024-07-05,1569.6956787109375,1588.625,1598.5,1548.0,1553.824951171875,12269710,0.022264748020375924,1499.8862609863281,1463.5140063476563,,0.0143890240753185,1588.625,0.0
2024-07-08,1581.824462890625,1600.9000244140625,1608.800048828125,1582.5250244140625,1589.0,9500806,0.007726823142064632,1506.4337646484375,1466.528505859375,,0.013495360830821958,1600.9000244140625,0.0
2024-07-09,1571.325927734375,1590.2750244140625,1600.5,1580.5,1597.5999755859375,6960002,-0.006636891647177512,1512.3775146484375,1469.1345068359376,,0.013701782461614607,1600.9000244140625,-0.006636891647177533
2024-07-10,1565.3480224609375,1584.2249755859375,1597.5,1563.1500244140625,1595.0,7134578,-0.0038044041032173626,1518.7550109863282,1471.7680053710938,,0.01343612255041933,1600.9000244140625,-0.010416046332579795
2024-07-11,1561.815673828125,1580.6500244140625,1604.25,1570.5,1587.5,11940946,-0.002256593114593919,1524.6212646484375,1474.0805053710938,,0.013515137508410472,1600.9000244140625,-0.012649134668738357
2024-07-12,1577.6990966796875,1596.7249755859375,1605.1500244140625,1574.5,1584.5,12924784,0.010169835778691017,1531.1950134277345,1476.6750048828126,,0.013569232213081038,1600.9000244140625,-0.0026079385123709328
2024-07-15,1578.193115234375,1597.2249755859375,1605.8499755859375,1585.5,1604.449951171875,5329688,0.0003131409651913053,1537.178759765625,1479.2885034179687,,0.013564097455162908,1600.9000244140625,-0.0022956141995625783
2024-07-16,1557.4681396484375,1576.25,1600.0,1569.125,1593.5,9386838,-0.013132135989949001,1541.940008544922,1482.1335034179688,,0.01409394177290088,1600.9000244140625,-0.015397603871662462
2024-07-18,1567.7689208984375,1586.675048828125,1593.9000244140625,1557.824951171875,1576.0,12298374,0.0066138295499602595,1548.341259765625,1485.47650390625,,0.013429019623310988,1600.9000244140625,-0.008885611449187099
2024-07-19,1536.61962890625,1555.1500244140625,1589.9749755859375,1552.800048828125,1586.0,13140390,-0.019868607902636448,1552.4137634277345,1488.5500048828126,,0.014379763256549055,1600.9000244140625,-0.028577674621964436
2024-07-22,1482.7935791015625,1500.675048828125,1537.5,1499.2750244140625,1537.25,19674376,-0.035028759110531604,1554.7375183105469,1490.1925048828125,,0.016349148263120235,1600.9000244140625,-0.06260539325222407
2024-07-23,1470.1708984375,1487.9000244140625,1505.75,1463.0,1501.0,18052044,-0.00851285188225026,1557.058770751953,1492.0680053710937,,0.016341237093143564,1600.9000244140625,-0.07058529469468812
2024-07-24,1477.8779296875,1495.699951171875,1509.5,1476.4000244140625,1485.0,11913362,0.005242238476932615,1559.1362670898438,1493.8335034179688,,0.016279433229213703,1600.9000244140625,-0.06571308116550954
2024-07-25,1474.6171875,1492.4000244140625,1500.4749755859375,1477.074951171875,1481.0,12519876,-0.0022062759012775324,1558.0550170898437,1495.6275048828124,,0.013345479867941512,1600.9000244140625,-0.06777437587941293
2024-07-26,1491.044189453125,1509.0250244140625,1512.425048828125,1490.3499755859375,1492.4000244140625,9859940,0.011139774677052294,1556.9787658691407,1497.4065063476562,,0.013355825034135845,1600.9000244140625,-0.05738959247853514
2024-07-29,1501.9871826171875,1520.0999755859375,1527.5,1511.7750244140625,1511.949951171875,7538550,0.007339143481848609,1554.7137634277344,1499.4830053710937,,0.01234049660426719,1600.9000244140625,-0.05047163945025126
2024-07-30,1495.1199951171875,1513.1500244140625,1525.0,1510.0,1517.0250244140625,8228208,-0.004572035578907285,1552.3637634277343,1501.2390063476562,,0.012353677497406857,1600.9000244140625,-0.054812916897866215
2024-07-31,1487.4869384765625,1505.425048828125,1510.449951171875,1501.1500244140625,1504.0,10057346,-0.005105227810394353,1549.3762634277343,1502.6335083007812,,0.012328070095615543,1600.9000244140625,-0.059638312280544704
2024-08-01,1497.244384765625,1515.300048828125,1518.0,1504.300048828125,1512.0,10764222,0.00655960919986498,1547.5200134277343,1504.2170092773438,,0.012372603870785993,1600.9000244140625,-0.053469907102579706
2024-08-02,1481.459716796875,1499.324951171875,1509.324951171875,1493.2750244140625,1505.0,10268248,-0.010542530945342854,1544.785009765625,1504.9905078125,,0.012535491090266297,1600.9000244140625,-0.06344872989764898
2024-08-05,1430.079345703125,1447.324951171875,1483.9000244140625,1433.25,1480.0,17046704,-0.03468227481931563,1537.7200073242188,1504.216005859375,,0.0132492562572569,1600.9000244140625,-0.09593045842971784
2024-08-06,1438.700439453125,1456.050048828125,1477.5,1451.324951171875,1455.1500244140625,10236186,0.006028430346056934,1530.4775085449219,1503.7320068359375,,0.0131715605469656,1600.9000244140625,-0.09048033817036971
2024-08-07,1447.3707275390625,1464.824951171875,1472.5,1461.5,1469.0,8174568,0.006026511486203701,1524.2050048828125,1503.703505859375,,0.013373696695009124,1600.9000244140625,-0.08499910748142543
2024-08-08,1431.8577880859375,1449.125,1465.0,1445.925048828125,1457.5250244140625,12387192,-0.010717970880626315,1517.4500061035155,1503.5620068359376,,0.013457084794309316,1600.9000244140625,-0.09480606040318659
2024-08-09,1456.7330322265625,1474.300048828125,1476.5,1456.0,1460.0,6249776,0.017372586097213816,1512.1325073242188,1504.2325073242187,,0.014307471373520834,1600.9000244140625,-0.07908050075286477
2024-08-12,1443.2208251953125,1460.625,1473.0,1457.75,1470.0,8184584,-0.009275621227167963,1505.3275085449218,1504.9480078125,,0.013995668227239674,1600.9000244140625,-0.08762260120859444
2024-08-13,1446.18505859375,1463.625,1470.074951171875,1458.0,1460.75,6265064,0.0020539152759948553,1498.647509765625,1505.6125073242188,,0.014031564337487274,1600.9000244140625,-0.0857486553317443
2024-08-14,1444.43115234375,1461.8499755859375,1472.0,1453.699951171875,1463.550048828125,6267466,-0.001212759015500886,1492.927508544922,1504.6430078125,,0.013887441912281879,1600.9000244140625,-0.08685742189242456
2024-08-16,1460.5863037109375,1478.199951171875,1480.4000244140625,1458.050048828125,1468.6500244140625,9416902,0.011184441535722067,1487.5037536621094,1506.2615063476562,,0.01410149153426193,1600.9000244140625,-0.07664443211380195
2024-08-19,1475.65625,1488.4000244140625,1498.300048828125,1480.5,1482.5,13797742,0.006900333905505152,1484.1662536621093,1507.6145068359374,,0.013725361768921009,1600.9000244140625,-0.07027297038187975
2024-08-20,1483.1416015625,1495.949951171875,1503.925048828125,1490.0250244140625,1497.2249755859375,8411808,0.005072511847602712,1483.929998779297,1508.9015063476563,,0.011392747222538583,1600.9000244140625,-0.06555691900910536
2024-08-21,1485.8433837890625,1498.675048828125,1507.875,1490.0,1493.25,7769996,0.0018216502859038641,1484.46875,1509.4760083007814,,0.011223988967651406,1600.9000244140625,-0.06385469050345749
2024-08-22,1485.2979736328125,1498.125,1506.5,1490.6500244140625,1503.0,10445782,-0.0003670234108155146,1484.5900024414063,1510.0105078125,,0.01116712210556358,1600.9000244140625,-0.06419827774796785
2024-08-23,1487.1322021484375,1499.9749755859375,1511.324951171875,1498.425048828125,1503.75,9249654,0.0012348606330829792,1484.96875,1510.8765063476562,,0.011155558986312174,1600.9000244140625,-0.06304269304078752
2024-08-26,1499.6490478515625,1512.5999755859375,1523.0,1503.0,1506.9749755859375,8816114,0.008416807083777123,1485.1474975585938,1511.8620068359376,,0.01103240415009164,1600.9000244140625,-0.05515650414237658
2024-08-27,1487.6031494140625,1500.449951171875,1513.4749755859375,1499.449951171875,1510.5,6251156,-0.008032543045199958,1484.1649963378907,1512.566005859375,,0.011042605550156466,1600.9000244140625,-0.06274600019383017
2024-08-28,1485.4715576171875,1498.300048828125,1507.4749755859375,1493.0,1505.0,9610286,-0.001432838424281213,1483.4224975585937,1512.981005859375,,0.011005300290291502,1600.9000244140625,-0.06408893373806375
2024-08-29,1507.90283203125,1520.925048828125,1537.0,1494.0,1503.0999755859375,38335358,0.015100446681354462,1484.1974975585938,1513.7790063476561,,0.011471557209919743,1600.9000244140625,-0.049956258583485715
2024-08-30,1496.6995849609375,1509.625,1539.7249755859375,1503.324951171875,1534.0,41620730,-0.0074297210351237375,1483.9137451171875,1514.798505859375,,0.01151388810291366,1600.9000244140625,-0.0570148185533757
2024-09-02,1503.267822265625,1516.25,1526.800048828125,1506.625,1510.875,11240852,0.004388507079572834,1484.7599975585938,1515.6495068359375,,0.011284582122586996,1600.9000244140625,-0.052876521408665
2024-09-03,1496.203857421875,1509.125,1523.0,1507.5,1521.25,10923800,-0.004699093157460865,1487.85,1516.7480078125,,0.007801605768351072,1600.9000244140625,-0.05732714286618405
2024-09-04,1501.5823974609375,1514.550048828125,1517.5,1499.5,1500.699951171875,11983304,0.0035948306655346762,1490.775,1518.2095092773438,,0.00775631258058768,1600.9000244140625,-0.05393839357179223
2024-09-05,1480.192138671875,1492.9749755859375,1525.7750244140625,1487.050048828125,1519.050048828125,16264168,-0.014245203226450731,1492.1825012207032,1518.9860083007814,,0.008492082022828834,1600.9000244140625,-0.06741523342010448
2024-09-06,1452.2830810546875,1464.824951171875,1497.0,1461.625,1492.5,19394228,-0.01885498744077385,1492.9674987792969,1518.0020068359374,,0.009243978370731274,1600.9000244140625,-0.08499910748142543
2024-09-09,1449.9283447265625,1462.449951171875,1469.925048828125,1455.5999755859375,1466.5,9010298,-0.0016213541407115173,1492.3749938964843,1516.6400048828125,,0.008361475592776819,1600.9000244140625,-0.08648264796726511
2024-09-10,1449.0113525390625,1461.5250244140625,1472.050048828125,1457.574951171875,1460.5,10768260,-0.0006324501956948003,1492.4199951171875,1514.5625048828124,,0.008096123932836291,1600.9000244140625,-0.08706040219532882
2024-09-11,1439.0721435546875,1451.5,1468.75,1447.550048828125,1463.050048828125,9760202,-0.006859290293768083,1491.8137451171874,1512.3895043945313,,0.008224999756837558,1600.9000244140625,-0.09332251991734691
2024-09-12,1467.1298828125,1479.800048828125,1486.0,1445.875,1457.0,22349376,0.01949710563425766,1492.711248779297,1510.6820043945313,,0.009342809324783773,1600.9000244140625,-0.07564493331197288
2024-09-13,1460.016357421875,1472.625,1483.1500244140625,1469.5,1476.4000244140625,8711328,-0.004848661029445811,1492.4325012207032,1509.0860034179686,,0.009075533156096986,1600.9000244140625,-0.08012681770119393
2024-09-16,1458.752197265625,1471.3499755859375,1480.9000244140625,1464.75,1477.550048828125,5481774,-0.0008658174444019506,1491.5799987792968,1507.4325024414063,,0.00892286622046915,1600.9000244140625,-0.08092325994906582
2024-09-17,1459.6942138671875,1472.300048828125,1477.4749755859375,1466.625,1474.0,5935328,0.0006457153348640166,1490.3975036621093,1505.1060034179689,,0.008830794804959312,1600.9000244140625,-0.08032979800409819
2024-09-18,1450.919921875,1463.449951171875,1482.0,1460.550048828125,1470.0,8574714,-0.006011069321972928,1488.636248779297,1502.357001953125,,0.008883828022372312,1600.9000244140625,-0.08585799934164841
2024-09-19,1457.0916748046875,1469.675048828125,1476.5,1455.550048828125,1466.25,16955902,0.004253714075609594,1487.2137512207032,1499.9450024414064,,0.008965005599391906,1600.9000244140625,-0.08196950064634205
2024-09-20,1473.2025146484375,1485.925048828125,1495.0,1471.375,1474.0,30897320,0.011056865946630356,1486.5112548828124,1497.97900390625,,0.009350019728968493,1600.9000244140625,-0.07181896048007053
2024-09-23,1480.5887451171875,1493.375,1501.5,1488.949951171875,1491.0,8832314,0.005013678972402014,1485.5500061035157,1496.2335034179687,,0.009210492372321398,1600.9000244140625,-0.06716535871964723
2024-09-24,1476.6229248046875,1489.375,1500.5,1487.875,1488.5,17137444,-0.0026784966937306587,1484.9962585449218,1494.08650390625,,0.009059641091880254,1600.9000244140625,-0.06966395322211405
2024-09-25,1481.15869140625,1493.949951171875,1496.5,1480.199951171875,1483.9000244140625,7069002,0.0030717255035668245,1484.7787536621095,1492.0210034179688,,0.009086770118380424,1600.9000244140625,-0.06680621626033878
2024-09-26,1485.12451171875,1497.949951171875,1504.0,1488.050048828125,1490.6500244140625,18818998,0.0026774658661505857,1483.6299987792968,1490.4550024414064,,0.00839049950274601,1600.9000244140625,-0.06430762175787196
2024-09-27,1513.10791015625,1526.175048828125,1533.4749755859375,1492.0,1499.0,20597478,0.01884248377869291,1484.457501220703,1489.2450024414063,,0.009293894752194578,1600.9000244140625,-0.04667685329899799
2024-09-30,1463.9324951171875,1476.574951171875,1524.9749755859375,1474.4000244140625,1519.4000244140625,27008814,-0.032499612475210826,1482.4737487792968,1487.6735009765625,,0.011817329053978613,1600.9000244140625,-0.0776594861304291
2024-10-01,1452.2830810546875,1464.824951171875,1487.949951171875,1462.824951171875,1480.6500244140625,16431642,-0.007957604854853195,1480.2587463378907,1486.9564990234376,,0.011889508739752117,1600.9000244140625,-0.08499910748142543
2024-10-03,1394.928466796875,1406.9749755859375,1449.4000244140625,1402.074951171875,1436.574951171875,37757294,-0.03949275682371256,1474.8799926757813,1485.337998046875,,0.014540898585491567,1600.9000244140625,-0.12113501522314146
2024-10-04,1374.653564453125,1386.5250244140625,1417.3499755859375,1381.7750244140625,1403.925048828125,37072876,-0.0145346943099387,1469.5574951171875,1483.1544995117188,,0.01455221836323765,1600.9000244140625,-0.133909049116582
2024-10-07,1358.9888916015625,1370.7249755859375,1396.5,1361.375,1393.5,22181340,-0.011395429977761884,1464.8524963378907,1480.7209985351562,,0.014232459768338961,1600.9000244140625,-0.14377852790174717
2024-10-08,1385.3858642578125,1397.3499755859375,1401.0,1365.0999755859375,1372.9749755859375,17020808,0.019424027776701713,1461.5974975585937,1478.4874975585938,,0.01510771285142478,1600.9000244140625,-0.1271472582447023
2024-10-09,1362.8306884765625,1374.5999755859375,1400.9749755859375,1372.5,1397.5250244140625,14310610,-0.01628081754569788,1457.2512451171874,1475.5774975585937,,0.015426040162843081,1600.9000244140625,-0.14135801447748242
2024-10-10,1359.31103515625,1371.050048828125,1386.0,1369.425048828125,1380.0250244140625,22358646,-0.0025825162380781475,1453.2287475585938,1472.735498046875,,0.015398572230534764,1600.9000244140625,-0.14357547134778997
2024-10-11,1360.35205078125,1372.0999755859375,1383.2750244140625,1368.824951171875,1370.0,7980122,0.000765782954976757,1447.8437438964843,1470.0689965820313,,0.014519889225099659,1600.9000244140625,-0.1429196360415242
2024-10-14,1360.7734375,1372.5250244140625,1380.074951171875,1368.25,1379.449951171875,12221432,0.00030977977967205916,1442.8387451171875,1467.21349609375,,0.014543642767284273,1600.9000244140625,-0.14265412987521592
2024-10-15,1332.5174560546875,1344.0250244140625,1371.699951171875,1340.699951171875,1358.5250244140625,33762794,-0.02076464872628958,1436.4724975585937,1464.1074975585936,,0.015032721110751397,1600.9000244140625,-0.16045661570529213
2024-10-16,1342.4813232421875,1354.074951171875,1364.0,1337.625,1340.0,20034438,0.007477484849803151,1430.5612426757812,1462.2424975585936,,0.015229898426180829,1600.9000244140625,-0.15417894276847596
2024-10-17,1344.811279296875,1356.425048828125,1368.449951171875,1352.050048828125,1365.699951171875,15543660,0.0017355742783780048,1425.2099975585938,1460.2499975585938,,0.015276243785421193,1600.9000244140625,-0.15271095749743435
2024-10-18,1347.66162109375,1359.300048828125,1368.425048828125,1341.324951171875,1352.175048828125,12082452,0.002119542102590799,1419.6912475585937,1458.1394995117187,,0.015225292252900735,1600.9000244140625,-0.1509150926987863
2024-10-21,1357.476806640625,1369.199951171875,1374.0,1357.7249755859375,1367.125,14067408,0.007283088345567901,1413.8549926757812,1456.5409985351562,,0.015054101453645453,1600.9000244140625,-0.14473113230602322
2024-10-22,1331.8482666015625,1343.3499755859375,1376.0,1340.2249755859375,1369.199951171875,15831960,-0.018879620587053725,1406.353741455078,1453.9219970703125,,0.01525016253633194,1600.9000244140625,-0.16087828402800458
2024-10-23,1327.0645751953125,1338.5250244140625,1357.4749755859375,1335.0,1337.5,17214742,-0.0035917305687749312,1398.8112426757812,1451.4799975585938,1456.1793743896485,0.015243682139515019,1600.9000244140625,-0.163892183146184
2024-10-24,1328.3287353515625,1339.800048828125,1343.699951171875,1323.125,1335.2750244140625,22155934,0.0009525592654651138,1391.1037475585938,1449.0034985351563,1456.402749633789,0.015190331612217679,1600.9000244140625,-0.16309574089831214
2024-10-25,1316.4808349609375,1327.8499755859375,1344.3499755859375,1322.0,1343.5,18597496,-0.008919296019312628,1382.5987487792968,1446.3234985351562,1456.512749633789,0.015090007557850494,1600.9000244140625,-0.17056033772506357
2024-10-28,1322.9251708984375,1334.3499755859375,1353.0,1322.0999755859375,1337.0,10824350,0.004895131317174339,1373.0074951171875,1443.4464990234376,1456.7262493896485,0.014181330073407975,1600.9000244140625,-0.16650012165855496
2024-10-29,1328.52685546875,1340.0,1343.199951171875,1320.300048828125,1328.0999755859375,12008361,0.004234289742150565,1366.1787475585938,1440.4784985351562,1456.934624633789,0.012977671658176582,1600.9000244140625,-0.16297084167360995
2024-10-30,1332.3935546875,1343.9000244140625,1350.0,1325.3499755859375,1335.0,11984423,0.002910465980643595,1360.132501220703,1437.4375,1457.1348748779296,0.013063986075298755,1600.9000244140625,-0.16053469678349422
2024-10-31,1320.64501953125,1332.050048828125,1343.0,1326.1500244140625,1340.0,9331650,-0.008817602031895189,1356.3862548828124,1434.105,1457.3267498779296,0.010188760857442726,1600.9000244140625,-0.16793676774684163
2024-11-01,1327.1884765625,1338.6500244140625,1341.949951171875,1333.0,1333.050048828125,2127335,0.004954750455318013,1353.9925048828125,1430.9155004882812,1457.56875,0.009924144106594975,1600.9000244140625,-0.16381410206798194
2024-11-04,1291.0009765625,1302.1500244140625,1340.0,1285.0999755859375,1337.8499755859375,19796890,-0.027266275228266856,1350.5637573242188,1426.9590014648438,1457.4542498779297,0.01128122440679929,1600.9000244140625,-0.1866137769029918
2024-11-05,1294.1240234375,1305.300048828125,1309.550048828125,1286.1500244140625,1293.0,16267479,0.00241909484698577,1345.9612609863282,1422.8130029296874,1457.18125,0.010123091113796329,1600.9000244140625,-0.1846461184820886
2024-11-06,1314.002197265625,1325.3499755859375,1328.300048828125,1300.199951171875,1310.0,21625209,0.015360396849607882,1343.498760986328,1419.3110034179688,1456.954375,0.010463015953930834,1600.9000244140625,-0.17212195928910534
2024-11-07,1294.470947265625,1305.6500244140625,1324.0,1302.5999755859375,1324.0,9611974,-0.014863961621280897,1340.228759765625,1415.4580029296876,1456.5120001220703,0.010865843885648263,1600.9000244140625,-0.18442750671333333
2024-11-08,1272.758544921875,1283.75,1301.6500244140625,1275.0,1297.6500244140625,19814406,-0.016773273085864293,1335.811260986328,1410.714501953125,1456.0576251220702,0.011297425688888118,1600.9000244140625,-0.19810732686454985
2024-11-11,1261.802978515625,1272.699951171875,1286.0,1267.0,1278.949951171875,9056552,-0.008607632972249313,1330.8200073242188,1405.9760009765625,1455.6132501220702,0.01132500942295147,1600.9000244140625,-0.20500972467803566
2024-11-12,1263.33984375,1274.25,1289.300048828125,1267.5,1275.550048828125,10671091,0.0012179216528591663,1327.3312561035157,1401.1360009765624,1455.144750366211,0.01062765604855238,1600.9000244140625,-0.20404148880790857
2024-11-13,1241.3299560546875,1252.050048828125,1275.449951171875,1249.5,1270.25,14633633,-0.01742197462968409,1322.2300109863281,1395.994501953125,1454.5677508544923,0.01084031057527493,1600.9000244140625,-0.21790865779617835
2024-11-14,1256.746826171875,1267.5999755859375,1272.5999755859375,1251.0999755859375,1253.5999755859375,12612633,0.012419572821682934,1317.7887573242188,1391.0555004882813,1454.2628759765626,0.011380014474569062,1600.9000244140625,-0.20819541741847028
2024-11-18,1249.9554443359375,1260.75,1272.9000244140625,1243.9000244140625,1267.5999755859375,13620611,-0.005403893750290711,1312.8612548828125,1386.4110009765625,1453.8472509765625,0.011314947948631948,1600.9000244140625,-0.21247424525373415
2024-11-19,1231.0189208984375,1241.6500244140625,1281.5,1235.1500244140625,1260.75,14183746,-0.015149693108021056,1306.4837585449218,1381.9475024414062,1453.2901263427734,0.011281254809728566,1600.9000244140625,-0.2244050187528027
2024-11-21,1212.528564453125,1223.0,1243.949951171875,1217.25,1241.6500244140625,19433843,-0.015020355210691116,1300.466259765625,1377.1585034179689,1452.1648760986327,0.011058862587924304,1600.9000244140625,-0.23605473087076492
2024-11-22,1254.565673828125,1265.4000244140625,1268.8499755859375,1222.449951171875,1229.4000244140625,20471957,0.03466886705974037,1296.810009765625,1373.2360034179687,1451.4537512207032,0.014129677701157849,1600.9000244140625,-0.20956961389440587
2024-11-25,1275.9805908203125,1287.0,1304.449951171875,1282.449951171875,1290.0,28923341,0.017069681657339464,1294.1700073242187,1369.9460034179688,1450.755626220703,0.014793595718266847,1600.9000244140625,-0.19607721883129553
2024-11-26,1284.6060791015625,1295.699951171875,1297.8499755859375,1284.199951171875,1294.949951171875,9247557,0.006759868820415793,1292.5625061035157,1366.2640014648437,1450.1008758544922,0.014817729529161994,1600.9000244140625,-0.19064280628885133
2024-11-27,1282.1275634765625,1293.199951171875,1303.8499755859375,1286.0,1293.5,9572746,-0.0019294590524132627,1290.5050048828125,1362.6755004882812,1449.2783758544922,0.014750328719352425,1600.9000244140625,-0.1922044278528931
2024-11-28,1259.91943359375,1270.800048828125,1296.5999755859375,1269.050048828125,1289.949951171875,15027412,-0.017321298476273173,1287.0450073242187,1358.664501953125,1448.4372509765626,0.015095678908687345,1600.9000244140625,-0.20619649606586504
2024-11-29,1281.1361083984375,1292.199951171875,1299.5,1275.25,1280.0,13202307,0.01683970846828653,1284.4600036621093,1355.0625,1447.7592504882812,0.015670737058367426,1600.9000244140625,-0.19282907647850983
2024-12-02,1297.9410400390625,1309.1500244140625,1311.3499755859375,1277.050048828125,1288.0,11024152,0.01311722170149876,1283.3150024414062,1351.9765014648438,1447.0942504882812,0.015922487445354804,1600.9000244140625,-0.18224123652367485
2024-12-03,1311.969970703125,1323.300048828125,1326.800048828125,1307.0,1317.0,16869482,0.010808558339519214,1282.5475036621094,1349.0490014648437,1446.4601257324218,0.016085771278087777,1600.9000244140625,-0.17340244322098783
2024-12-04,1297.74267578125,1308.949951171875,1328.4000244140625,1304.050048828125,1326.0,19608540,-0.010844175263923006,1282.8875,1345.5094995117188,1445.7011254882811,0.015029544650126892,1600.9000244140625,-0.18236621199942996
2024-12-05,1310.7305908203125,1322.050048828125,1329.949951171875,1306.1500244140625,1314.3499755859375,16858723,0.010008096676669576,1283.725,1342.0830004882812,1445.0496258544922,0.015179128871228718,1600.9000244140625,-0.17418325400300871
2024-12-06,1300.320556640625,1311.550048828125,1323.9000244140625,1310.0,1323.9000244140625,9037514,-0.00794221066691636,1283.0350036621094,1338.5265014648437,1444.2818762207032,0.014889947124043361,1600.9000244140625,-0.18074206457198416
2024-12-09,1284.0609130859375,1295.1500244140625,1315.0,1293.0999755859375,1303.0,14650002,-0.012504306967710432,1282.5100036621093,1334.5505029296876,1443.3507513427735,0.014778392088253876,1600.9000244140625,-0.19098631728230878
2024-12-10,1273.8489990234375,1284.8499755859375,1294.9000244140625,1280.199951171875,1289.25,16043729,-0.007952784336922591,1282.5650024414062,1330.2885034179687,1442.4220013427735,0.014387367729101085,1600.9000244140625,-0.19742022862658204
2024-12-11,1267.2559814453125,1278.199951171875,1290.0,1276.050048828125,1285.0,11724373,-0.005175720543583173,1282.8400024414063,1325.3290014648437,1441.5101263427734,0.014297724395109969,1600.9000244140625,-0.20157415723714375
2024-12-12,1252.0870361328125,1262.9000244140625,1278.199951171875,1260.5999755859375,1270.0,20906813,-0.01196990090931016,1282.2725036621093,1321.0555029296875,1440.4546264648438,0.014555532097595813,1600.9000244140625,-0.21113123545844764
2024-12-13,1261.9517822265625,1272.8499755859375,1275.199951171875,1239.5999755859375,1260.0,28630222,0.007878653083795317,1283.3125,1317.2160034179688,1439.4637512207032,0.014085300138359156,1600.9000244140625,-0.20491601213398256
2024-12-16,1257.4407958984375,1268.300048828125,1281.0,1266.550048828125,1275.0,9486781,-0.003574597827774695,1283.3475036621094,1314.4425048828125,1438.4667517089845,0.0138499834571942,1600.9000244140625,-0.2077581176299068
2024-12-17,1234.6378173828125,1245.300048828125,1263.9000244140625,1242.800048828125,1261.050048828125,17462791,-0.018134510064279685,1282.5750061035155,1311.6180053710937,1437.284501953125,0.01439879573496184,1600.9000244140625,-0.22212503601909112
2024-12-18,1242.5196533203125,1253.25,1259.949951171875,1240.6500244140625,1240.6500244140625,12670179,0.006383964394248709,1283.1550048828126,1309.268505859375,1436.082626953125,0.014047971941299739,1600.9000244140625,-0.21715910994585946
2024-12-19,1219.914794921875,1230.449951171875,1244.9000244140625,1229.0,1239.0,14244653,-0.018192737943846016,1283.5275024414063,1305.9305053710937,1434.798251953125,0.014249595194634299,1600.9000244140625,-0.2314011291103416
2024-12-20,1194.9803466796875,1205.300048828125,1239.5,1201.5,1224.0,20312896,-0.020439597985921654,1280.5225036621093,1302.5445068359375,1433.3965020751953,0.01249424230065894,1600.9000244140625,-0.24711098104375948
2024-12-23,1211.834716796875,1222.300048828125,1227.199951171875,1213.199951171875,1215.0,10052824,0.014104371784045444,1277.2875061035156,1299.5695068359375,1432.2298773193359,0.012267123631139151,1600.9000244140625,-0.23649195440827545
2024-12-24,1212.2808837890625,1222.75,1233.550048828125,1221.0,1222.300048828125,6734917,0.0003681184274730853,1273.6400085449218,1296.5825073242188,1431.0396270751953,0.012095128747406456,1600.9000244140625,-0.23621089302716908
2024-12-26,1206.1339111328125,1216.550048828125,1227.699951171875,1214.25,1224.25,10016178,-0.005070497789306905,1269.8075134277344,1293.4630078125,1429.6617523193358,0.012103297101077728,1600.9000244140625,-0.2400836840055715
2024-12-27,1210.595458984375,1221.050048828125,1227.9000244140625,1217.0,1218.300048828125,7000397,0.003698984685697626,1267.3200134277345,1291.0035083007813,1428.2300024414062,0.011698354083344189,1600.9000244140625,-0.23727276519029633
2024-12-30,1200.3338623046875,1210.699951171875,1223.199951171875,1208.0999755859375,1216.4000244140625,8818766,-0.00847639100967501,1263.2450134277344,1288.1360083007812,1426.7825024414062,0.01090316978177169,1600.9000244140625,-0.2437379394662716
2024-12-31,1205.043212890625,1215.449951171875,1219.0999755859375,1206.1500244140625,1208.0,6405475,0.003923350286255678,1258.560009765625,1285.3165063476563,1425.3447521972657,0.01035946144061378,1600.9000244140625,-0.24077085849459223
2025-01-01,1210.7935791015625,1221.25,1226.300048828125,1211.5999755859375,1214.8499755859375,5892590,0.004771935547434936,1253.4575073242188,1282.5555053710937,1424.056376953125,0.009997486671546882,1600.9000244140625,-0.23714786596559415
2025-01-02,1231.167724609375,1241.800048828125,1244.449951171875,1220.0,1221.25,15486276,0.016827061476458516,1250.1000122070313,1280.0075073242188,1422.932377319336,0.01087078193050205,1600.9000244140625,-0.22431130620874962
2025-01-03,1240.4376220703125,1251.1500244140625,1262.050048828125,1235.5,1243.9000244140625,15521102,0.007529372860599404,1246.5550109863282,1278.1635083007814,1421.8110021972657,0.010733049487448826,1600.9000244140625,-0.21847085680944398
2025-01-06,1207.571533203125,1218.0,1262.0,1215.0,1253.949951171875,14816766,-0.02649564302217655,1241.877508544922,1275.7530078125,1420.740126953125,0.011943742132891455,1600.9000244140625,-0.23917797399884846
2025-01-07,1230.2257080078125,1240.8499755859375,1244.5,1221.25,1222.0,10070505,0.018760242681393757,1239.1625061035156,1273.7740063476563,1419.787001953125,0.01273989316521917,1600.9000244140625,-0.22490476815371724
2025-01-08,1254.664794921875,1265.5,1271.050048828125,1245.3499755859375,1249.0,19346579,0.019865434902734735,1238.1950073242188,1272.5270068359375,1419.0233770751954,0.013555346303496564,1600.9000244140625,-0.2095071642820548
2025-01-09,1244.0068359375,1254.75,1269.75,1248.050048828125,1267.0,12794704,-0.008494666139865714,1237.022509765625,1270.9350073242188,1418.0997521972656,0.01363348810009491,1600.9000244140625,-0.2162221370074344
2025-01-10,1231.266845703125,1241.9000244140625,1256.75,1236.0,1253.8499755859375,8120332,-0.010241064423939017,1235.972509765625,1268.9730078125,1417.1830023193359,0.013564491084838787,1600.9000244140625,-0.22424885659639854
2025-01-13,1229.234375,1239.8499755859375,1245.25,1226.4000244140625,1230.0,13764861,-0.0016507357982316062,1234.322509765625,1266.8920068359375,1416.1635021972656,0.013411939551871963,1600.9000244140625,-0.22552941677933394
2025-01-14,1228.143798828125,1238.75,1253.3499755859375,1227.25,1244.0999755859375,13095266,-0.0008871844235974757,1232.8450073242188,1265.026005859375,1415.102377319336,0.01340063791528796,1600.9000244140625,-0.22621651501730175
2025-01-15,1241.478515625,1252.199951171875,1257.0,1241.8499755859375,1244.949951171875,9578856,0.010857680058022234,1233.1900024414062,1263.2970043945313,1414.088251953125,0.013022884173110144,1600.9000244140625,-0.2178150215031782
2025-01-16,1255.6065673828125,1266.449951171875,1275.0,1251.300048828125,1258.9000244140625,14117603,0.011379971694348123,1233.85,1262.5830029296876,1413.212626953125,0.013191399378643014,1600.9000244140625,-0.2089137785881401
2025-01-17,1291.19921875,1302.3499755859375,1326.0,1285.0,1322.25,29366277,0.028346974454729557,1237.445001220703,1262.5240014648436,1412.260126953125,0.013791750793191532,1600.9000244140625,-0.18648887767828964
2025-01-20,1294.272705078125,1305.449951171875,1316.0,1300.25,1316.0,14040244,0.002380293810458234,1242.4524963378906,1262.1260009765624,1411.3581268310547,0.01265323913270021,1600.9000244140625,-0.18455248218908843
2025-01-21,1262.7945556640625,1273.699951171875,1313.0,1270.199951171875,1310.5,14562976,-0.024321116233907425,1245.0224914550781,1261.4869995117188,1410.3027514648438,0.013905509660226897,1600.9000244140625,-0.20438507605241893
2025-01-22,1266.16552734375,1277.0999755859375,1282.9000244140625,1268.699951171875,1278.300048828125,10273590,0.0026694076661730737,1247.739990234375,1261.3539990234376,1409.2535015869141,0.01389947758903036,1600.9000244140625,-0.20226125547511153
2025-01-23,1252.8306884765625,1263.6500244140625,1277.3499755859375,1261.5999755859375,1270.0,8720682,-0.010531635290106478,1250.094989013672,1261.1730004882813,1408.2137518310547,0.014103391351044306,1600.9000244140625,-0.2106627489892351
2025-01-24,1235.6292724609375,1246.300048828125,1273.0,1243.5,1266.0,14235970,-0.01373004807559941,1251.357489013672,1260.6140014648438,1407.1306268310548,0.014524776853890375,1600.9000244140625,-0.2215003873934744
2025-01-27,1218.82421875,1229.3499755859375,1240.449951171875,1220.0,1239.0999755859375,9536019,-0.013600314994872464,1252.289990234375,1260.16,1405.9768768310546,0.014746526059782316,1600.9000244140625,-0.2320882273483094
2025-01-28,1223.8310546875,1234.4000244140625,1244.75,1218.5,1238.0,10568025,0.004107901678460646,1253.2374938964845,1259.4960009765625,1404.7190020751952,0.014748596173985476,1600.9000244140625,-0.22893372128852385
2025-01-29,1224.921630859375,1235.5,1242.75,1228.050048828125,1236.0,5928156,0.000891101396777394,1253.9499938964843,1258.9910009765624,1403.578251953125,0.014720159514440882,1600.9000244140625,-0.22824662305055604
2025-01-30,1242.3214111328125,1253.050048828125,1257.0,1232.4000244140625,1235.550048828125,9269259,0.014204814915520059,1254.5124938964843,1259.2190014648438,1402.4456274414063,0.0145798068194302,1600.9000244140625,-0.21728400917056162
2025-01-31,1254.2681884765625,1265.0999755859375,1267.0,1249.0,1255.8499755859375,6584612,0.009616476827148057,1255.2099914550781,1260.0610009765626,1401.4353771972656,0.014639721766314897,1600.9000244140625,-0.20975703898251205
2025-02-01,1253.7724609375,1264.5999755859375,1270.550048828125,1241.0,1265.0999755859375,7118453,-0.000395225681486866,1257.539990234375,1260.045,1400.4342523193359,0.013182761439502328,1600.9000244140625,-0.21006936329532042
2025-02-03,1235.232666015625,1245.9000244140625,1256.0,1237.550048828125,1251.0,9252345,-0.014787246190804848,1257.7924926757812,1259.2230004882813,1399.3350024414062,0.013066558670400288,1600.9000244140625,-0.2217502620939317
2025-02-04,1274.196044921875,1285.199951171875,1288.800048828125,1246.5999755859375,1248.050048828125,16691069,0.03154340315250814,1258.777490234375,1259.0130004882812,1398.4393774414064,0.014199447991422713,1600.9000244140625,-0.19720161685782678
2025-02-05,1267.2559814453125,1278.199951171875,1290.5,1276.699951171875,1282.6500244140625,10112028,-0.005446623300613407,1259.9499877929688,1258.7130004882813,1397.4797521972657,0.014109744548372383,1600.9000244140625,-0.20157415723714375
2025-02-06,1270.577392578125,1281.550048828125,1288.0,1270.3499755859375,1273.699951171875,9956001,0.0026209496043076985,1261.9324890136718,1258.9280004882812,1396.4882525634766,0.013860363867530787,1600.9000244140625,-0.19948152334048544
2025-02-07,1255.8544921875,1266.699951171875,1283.699951171875,1262.0,1276.1500244140625,8764283,-0.011587606484685709,1263.2749877929687,1258.4180004882812,1395.5251275634766,0.014160273360087945,1600.9000244140625,-0.2087576164317359
2025-02-10,1242.916259765625,1253.6500244140625,1266.5,1245.550048828125,1264.5,6970972,-0.010302303040068406,1264.0199890136719,1257.3080004882813,1394.5425024414062,0.014386834168855955,1600.9000244140625,-0.2169092352454022
2025-02-11,1224.2772216796875,1234.8499755859375,1264.550048828125,1230.0999755859375,1264.550048828125,8859714,-0.014996249720420907,1263.152490234375,1255.5389990234376,1393.4168774414063,0.014585855616992792,1600.9000244140625,-0.2286526599074175
2025-02-12,1206.1339111328125,1216.550048828125,1226.9000244140625,1193.3499755859375,1219.449951171875,21131654,-0.014819554698641935,1260.6574951171874,1253.6910009765625,1392.2368774414062,0.014630027909490341,1600.9000244140625,-0.2400836840055715
2025-02-13,1205.6876220703125,1216.0999755859375,1228.0,1212.0,1217.050048828125,8511216,-0.0003699586733986182,1256.3449951171874,1251.5719995117188,1390.9922521972655,0.012799162786154268,1600.9000244140625,-0.2403648216377308
2025-02-14,1206.827880859375,1217.25,1224.0,1205.449951171875,1219.0,10298145,0.0009456660119644411,1251.9349975585938,1249.6859985351562,1389.7435021972656,0.012769386451287923,1600.9000244140625,-0.23964646046806098
2025-02-17,1214.4124755859375,1224.9000244140625,1227.5,1204.5,1211.0999755859375,8166683,0.006284678097401963,1249.4950012207032,1248.2809985351562,1388.5352520751953,0.011938953206301192,1600.9000244140625,-0.23486788323188257
2025-02-18,1214.908203125,1225.4000244140625,1229.9000244140625,1216.0999755859375,1224.8499755859375,6673250,0.0004081965793405473,1246.9100036621094,1247.0919995117188,1387.4922521972655,0.011904218457080926,1600.9000244140625,-0.23455555891907423
2025-02-19,1216.9404296875,1227.449951171875,1232.75,1217.550048828125,1219.5,6217338,0.00167286332378902,1245.1,1246.0769995117187,1386.5318768310547,0.011755587023323202,1600.9000244140625,-0.23327507498719172
2025-02-20,1222.4429931640625,1233.0,1239.3499755859375,1222.0,1223.949951171875,7795582,0.0045216090666884146,1244.4349975585938,1245.4789990234376,1385.689501953125,0.011451466682439272,1600.9000244140625,-0.2298082446145978
2025-02-21,1217.634521484375,1228.1500244140625,1240.0,1222.1500244140625,1228.699951171875,6904025,-0.003933475738797654,1244.375,1244.585,1384.7375018310547,0.01106580390981416,1600.9000244140625,-0.23283777519862828
2025-02-24,1204.151123046875,1214.550048828125,1223.25,1210.5,1216.550048828125,7172498,-0.01107354583364184,1243.382501220703,1243.51,1383.8396270751953,0.011288292566117521,1600.9000244140625,-0.24133298125680494
2025-02-25,1193.69140625,1204.0,1221.0,1201.5,1211.0,11552182,-0.008686384590165241,1241.8075012207032,1242.6839990234375,1382.8225018310548,0.011417415280783742,1600.9000244140625,-0.2479230547574824
2025-02-27,1196.7647705078125,1207.0999755859375,1215.0,1200.6500244140625,1212.800048828125,11509215,0.0025747305531043096,1239.5099975585938,1241.7609985351562,1381.844501953125,0.010873176567771824,1600.9000244140625,-0.24598665926828117
2025-02-28,1189.82470703125,1200.0999755859375,1217.3499755859375,1193.300048828125,1202.0,23007298,-0.0057990225677886365,1236.2599975585938,1241.1539990234376,1380.7446270751952,0.010562457479392173,1600.9000244140625,-0.2503591996475981
2025-03-03,1161.2216796875,1171.25,1206.449951171875,1156.0,1204.0,17944938,-0.02403964350707677,1231.5924987792969,1240.472998046875,1379.519501953125,0.011579190591175022,1600.9000244140625,-0.2683802972464296
2025-03-04,1151.9517822265625,1161.9000244140625,1174.0,1159.550048828125,1162.199951171875,11377373,-0.00798290338180363,1227.3924987792968,1239.2649975585937,1378.2022521972656,0.0113356460196092,1600.9000244140625,-0.27422074664573526
2025-03-05,1165.534423828125,1175.5999755859375,1183.0,1157.0,1161.0,8664095,0.011790989658326145,1221.9125,1238.3219970703126,1376.9017523193359,0.008677674199519455,1600.9000244140625,-0.2656630909752075
2025-03-06,1199.2432861328125,1209.5999755859375,1213.949951171875,1185.1500244140625,1197.0,14468014,0.028921402437979582,1218.4825012207032,1238.1829956054687,1375.7691271972656,0.011428608494739418,1600.9000244140625,-0.2444250377042394
2025-03-07,1239.0992431640625,1249.800048828125,1254.800048828125,1212.0,1216.0,16474965,0.03323418820566215,1216.895001220703,1238.7579956054688,1374.714877319336,0.013949689813844505,1600.9000244140625,-0.21931411720381594
2025-03-10,1227.796875,1238.4000244140625,1258.0,1235.4000244140625,1245.0,11931051,-0.009121478611520129,1215.4800048828124,1239.3119970703126,1373.4766271972655,0.013863314150611544,1600.9000244140625,-0.226435126786057
2025-03-11,1236.62060546875,1247.300048828125,1249.5,1229.75,1240.0,10089838,0.007186712078977475,1215.1625061035156,1239.9489990234374,1372.3118774414063,0.013799659098677874,1600.9000244140625,-0.2208757387678577
2025-03-12,1246.2872314453125,1257.050048828125,1263.0,1244.0,1258.0,11977555,0.007816884164448146,1216.272509765625,1240.665,1371.265877685547,0.013447482360509503,1600.9000244140625,-0.2147854146680948
2025-03-13,1237.2154541015625,1247.9000244140625,1264.1500244140625,1243.8499755859375,1260.050048828125,9505270,-0.0072789658793558365,1217.8400085449218,1240.7869995117187,1370.2243780517579,0.013082036159291724,1600.9000244140625,-0.22050096484269827
2025-03-17,1228.242919921875,1238.8499755859375,1257.4000244140625,1233.0999755859375,1242.1500244140625,16640917,-0.007252222654915319,1218.9775085449219,1240.5409985351562,1369.2147528076173,0.0132195536097513,1600.9000244140625,-0.22615406540495067
2025-03-18,1228.242919921875,1238.8499755859375,1238.8499755859375,1238.8499755859375,1238.8499755859375,0,0.0,1220.0575073242187,1240.957998046875,1368.2847528076172,0.013221485072006083,1600.9000244140625,-0.22615406540495067
2025-03-19,1236.471923828125,1247.1500244140625,1253.25,1238.800048828125,1241.050048828125,16162399,0.006699801422040075,1221.1700073242187,1241.0839990234374,1367.3685028076172,0.013230603156692576,1600.9000244140625,-0.22096945131191081
2025-03-20,1258.283447265625,1269.1500244140625,1273.0,1250.050048828125,1251.8499755859375,15971477,0.01764021935559512,1223.3575073242187,1241.1569995117188,1366.1626281738281,0.013742393536770028,1600.9000244140625,-0.20722718154834321
2025-03-21,1265.421875,1276.3499755859375,1281.0,1270.0999755859375,1275.0,21780769,0.005673049705214428,1225.802508544922,1241.5889990234375,1365.5580029296875,0.013768846946293592,1600.9000244140625,-0.20272974194432408
2025-03-24,1290.951416015625,1302.0999755859375,1306.0,1284.25,1291.0,20299319,0.02017471735225196,1229.2575073242188,1242.792998046875,1364.9647528076173,0.014349686329891627,1600.9000244140625,-0.18664503983469383
2025-03-25,1274.4439697265625,1285.449951171875,1307.699951171875,1282.5999755859375,1307.699951171875,13713899,-0.012787055315449214,1232.1225036621095,1243.7049975585937,1364.2340026855468,0.014701479209768656,1600.9000244140625,-0.1970454547014226
2025-03-26,1262.150146484375,1273.050048828125,1293.800048828125,1268.75,1291.0,12074747,-0.009646351717113255,1235.0475036621094,1244.3909985351563,1363.249503173828,0.014636034603188592,1600.9000244140625,-0.20479103665822745
2025-03-27,1267.2559814453125,1278.199951171875,1285.0,1271.300048828125,1278.1500244140625,15028056,0.004045325907249708,1238.757501220703,1244.9109985351563,1362.2835028076172,0.014400889531355892,1600.9000244140625,-0.20157415723714375
2025-03-28,1264.1824951171875,1275.0999755859375,1295.75,1269.0,1280.0,18147129,-0.002425266550116323,1242.1575012207031,1245.0839990234374,1361.3756274414063,0.014453654826711399,1600.9000244140625,-0.20351055272634497
2025-04-01,1241.8751220703125,1252.5999755859375,1277.9000244140625,1249.300048828125,1264.5999755859375,12099648,-0.01764567518688931,1244.7825012207031,1244.0889990234375,1360.3220025634766,0.015056607783058283,1600.9000244140625,-0.2175651468027209
2025-04-02,1240.4376220703125,1251.1500244140625,1255.550048828125,1243.9000244140625,1247.550048828125,10142590,-0.001157553249349852,1248.7775024414063,1243.0030004882813,1359.251502685547,0.013768012798842273,1600.9000244140625,-0.21847085680944398
2025-04-03,1238.008544921875,1248.699951171875,1251.800048828125,1233.050048828125,1233.050048828125,7434366,-0.0019582569591004573,1253.117498779297,1242.5030004882813,1358.1072521972656,0.013570478316320229,1600.9000244140625,-0.22000129169283666
2025-04-04,1194.38525390625,1204.699951171875,1245.449951171875,1193.1500244140625,1241.0999755859375,17908652,-0.035236647489820916,1254.5724975585938,1241.055,1356.7256268310548,0.015958164315959596,1600.9000244140625,-0.24748583121997186
2025-04-07,1155.71923828125,1165.699951171875,1171.25,1114.8499755859375,1132.199951171875,22156106,-0.03237320625941975,1252.3774963378905,1239.0959985351562,1355.2608764648437,0.016266044559136415,1600.9000244140625,-0.2718471276190235
2025-04-08,1172.0780029296875,1182.199951171875,1196.5999755859375,1163.300048828125,1172.0,19555040,0.01415458582065865,1248.997491455078,1237.8139965820312,1353.8033764648437,0.01458023728764831,1600.9000244140625,-0.2615404252963478
2025-04-09,1175.2010498046875,1185.3499755859375,1189.800048828125,1168.0,1169.5,10223104,0.0026645445306776594,1246.344989013672,1236.9339965820313,1352.459126586914,0.014544090942246377,1600.9000244140625,-0.2595727668754446
2025-04-11,1208.5133056640625,1218.949951171875,1222.6500244140625,1195.1500244140625,1195.1500244140625,11224242,0.02834603811362002,1244.9274841308593,1236.6249951171876,1351.3465014648436,0.015955183897124588,1600.9000244140625,-0.23858458830493376
2025-04-15,1229.4822998046875,1240.0999755859375,1251.0,1237.0999755859375,1251.0,13378535,0.017351019534254997,1244.07998046875,1236.7169946289061,1350.2762512207032,0.016370364835983035,1600.9000244140625,-0.2253732546229298
2025-04-16,1228.689208984375,1239.300048828125,1240.9000244140625,1229.0,1234.0999755859375,8248464,-0.0006450502165638028,1243.6499816894532,1236.4419946289063,1348.9026263427734,0.016293889001916733,1600.9000244140625,-0.2258729277727914
2025-04-17,1263.5877685546875,1274.5,1280.199951171875,1227.5999755859375,1240.199951171875,15398401,0.028403090280807897,1245.4324829101563,1236.6299951171875,1347.622376098633,0.01739708253340868,1600.9000244140625,-0.2038853266515044
2025-04-21,1284.407958984375,1295.5,1300.9000244140625,1267.0,1270.0,10429964,0.0164770498234601,1248.2649841308594,1237.2479956054688,1346.2728759765625,0.01770651654378868,1600.9000244140625,-0.19076770551355351
2025-04-22,1280.1446533203125,1291.199951171875,1303.9000244140625,1286.300048828125,1300.0,13051707,-0.0033192194736588743,1250.46748046875,1238.153994140625,1344.9281256103516,0.017719822213133216,1600.9000244140625,-0.19345372510412653
2025-04-23,1288.869384765625,1300.0,1306.0,1285.4000244140625,1297.0,10480888,0.006815403625238803,1252.0099792480469,1238.4499951171874,1343.602250366211,0.017375286853537075,1600.9000244140625,-0.1879567866982783
2025-04-24,1290.4556884765625,1301.5999755859375,1304.5,1290.300048828125,1292.4000244140625,10468940,0.0012307504507211853,1253.272479248047,1238.9179956054688,1342.348125,0.017345423015856537,1600.9000244140625,-0.18695736414750216
2025-04-25,1289.2659912109375,1300.4000244140625,1325.199951171875,1288.0999755859375,1303.5,14431012,-0.000921904728320877,1253.187481689453,1239.2949951171875,1341.08,0.016757383306736994,1600.9000244140625,-0.18770691199782105
2025-04-28,1357.080322265625,1368.800048828125,1374.5999755859375,1320.199951171875,1340.0,31104496,0.052599218032837625,1257.3549865722657,1241.3369970703125,1339.9808752441406,0.020151818788516507,1600.9000244140625,-0.14498093075542756
2025-04-29,1387.7156982421875,1399.699951171875,1410.9000244140625,1370.0,1371.0,32538970,0.022574445676126542,1263.687481689453,1244.2579956054688,1338.9748748779298,0.020346169246957806,1600.9000244140625,-0.1256793492247136
2025-04-30,1392.9703369140625,1405.0,1412.4000244140625,1369.0,1402.0,25480745,0.003786560700875574,1270.0274841308594,1247.66099609375,1338.0484997558594,0.020346856363838865,1600.9000244140625,-0.12236868100852388
2025-05-02,1407.6436767578125,1419.800048828125,1426.699951171875,1409.0999755859375,1414.0,13007841,0.010533842582295394,1277.2624877929688,1251.72599609375,1337.2263751220703,0.02030639966544463,1600.9000244140625,-0.11312385084897542
2025-05-05,1419.0452880859375,1431.300048828125,1439.5,1426.9000244140625,1431.0,12685649,0.00809973207811332,1286.197491455078,1256.0299975585938,1336.4796252441406,0.019558575668981695,1600.9000244140625,-0.10594039165438325
2025-05-06,1408.7342529296875,1420.9000244140625,1432.0,1410.5999755859375,1431.0,14084117,-0.007266138516922038,1294.684991455078,1260.102998046875,1335.6005004882813,0.019737431381466587,1600.9000244140625,-0.11243675261100762
2025-05-07,1393.9617919921875,1406.0,1424.4000244140625,1402.699951171875,1420.9000244140625,13440169,-0.010486328494650254,1302.5499938964845,1263.7249975585937,1334.6443756103515,0.020021352773502275,1600.9000244140625,-0.12174403238290717
2025-05-08,1394.9532470703125,1407.0,1420.800048828125,1398.0,1404.0999755859375,16106175,0.0007112375533429027,1312.6649963378907,1267.3569970703124,1333.7981256103515,0.01757557015543688,1600.9000244140625,-0.12111938375729046
2025-05-09,1365.408447265625,1377.199951171875,1394.800048828125,1374.5,1385.5,13668904,-0.02117984991337951,1323.2399963378907,1270.3519970703126,1332.7507501220703,0.016360625332034136,1600.9000244140625,-0.13973394330108957
2025-05-12,1424.20068359375,1436.5,1439.0,1400.0,1400.0,10674081,0.043058416301616775,1335.9549987792968,1274.4219970703125,1332.1575,0.018073642523569255,1600.9000244140625,-0.10269224930159754
2025-05-13,1403.5787353515625,1415.699951171875,1447.699951171875,1412.4000244140625,1433.5,11407896,-0.01447967200008704,1347.4724975585937,1278.1729956054687,1331.7326245117188,0.01882778291441353,1600.9000244140625,-0.11568497121484626
2025-05-14,1412.2042236328125,1424.4000244140625,1429.9000244140625,1415.5,1420.0,5570160,0.0061454217293615,1357.7450012207032,1282.3699951171875,1331.4151245117187,0.018278845590068357,1600.9000244140625,-0.11025048242134913
2025-05-15,1441.7491455078125,1454.199951171875,1461.4000244140625,1412.699951171875,1425.0,20177211,0.02092103780331711,1368.45,1287.373994140625,1331.2076245117187,0.018392310896375268,1600.9000244140625,-0.09163599912860297
2025-05-16,1443.9302978515625,1456.4000244140625,1461.0,1447.300048828125,1453.199951171875,9036695,0.001512909720849942,1379.304998779297,1292.3599951171875,1331.0276245117188,0.018344248483504053,1600.9000244140625,-0.09026172640161445
2025-05-19,1428.4638671875,1440.800048828125,1454.5999755859375,1438.199951171875,1452.0999755859375,6195791,-0.010711326094775098,1387.6200012207032,1297.1739965820314,1330.686499633789,0.018168003165031702,1600.9000244140625,-0.10000622971102452
2025-05-20,1412.402587890625,1424.5999755859375,1445.0,1421.800048828125,1438.199951171875,11270560,-0.01124380392363522,1394.075,1302.24099609375,1330.208999633789,0.01840698162011904,1600.9000244140625,-0.11012558319664696
2025-05-21,1416.963134765625,1429.199951171875,1436.199951171875,1418.0999755859375,1423.9000244140625,6136364,0.0032289594726726545,1400.975,1307.5869946289063,1329.789249267578,0.018310718804143266,1600.9000244140625,-0.10725221476902069
2025-05-22,1397.332763671875,1409.4000244140625,1423.800048828125,1396.9000244140625,1421.199951171875,12134466,-0.013853853508445368,1406.445001220703,1312.2629956054689,1329.309124145508,0.01879440696016662,1600.9000244140625,-0.11962021180559977
2025-05-23,1414.5838623046875,1426.800048828125,1433.800048828125,1406.5999755859375,1406.5999755859375,6474883,0.012345696120798832,1412.7050048828125,1316.6069970703124,1328.8666241455078,0.01886577957881453,1600.9000244140625,-0.10875131046965845
2025-05-26,1422.5152587890625,1434.800048828125,1441.0,1425.0999755859375,1432.0,4842944,0.005606952429368484,1419.4250061035157,1320.3069970703125,1328.543999633789,0.018818556263861138,1600.9000244140625,-0.10375412146472478
2025-05-27,1409.9239501953125,1422.0999755859375,1437.0,1413.9000244140625,1426.0999755859375,12640414,-0.008851458607462614,1422.0900024414063,1323.98099609375,1328.4178747558594,0.015351475291992649,1600.9000244140625,-0.11168720476068873
2025-05-28,1400.802734375,1412.9000244140625,1422.5999755859375,1410.699951171875,1420.0999755859375,5944611,-0.0064692717318164394,1422.7500061035157,1327.2929956054688,1328.202124633789,0.014663321582088757,1600.9000244140625,-0.11743394161594128
2025-05-29,1405.660888671875,1417.800048828125,1420.0,1408.5999755859375,1412.0999755859375,13771917,0.003468061667062816,1423.3900085449218,1330.5079956054688,1327.9670001220702,0.014659817461086614,1600.9000244140625,-0.11437314810020884
2025-05-30,1408.7342529296875,1420.9000244140625,1430.5999755859375,1409.699951171875,1418.0,13788484,0.0021864688102526397,1423.4450073242188,1333.9679956054688,1327.8258752441407,0.0144784545820091,1600.9000244140625,-0.11243675261100762
2025-06-02,1401.5958251953125,1413.699951171875,1417.5,1395.5999755859375,1412.0999755859375,8098668,-0.005067262381923454,1422.5650024414062,1337.4649951171875,1327.5228747558594,0.0143964583613831,1600.9000244140625,-0.11693426846607968
2025-06-03,1393.4661865234375,1405.5,1426.5,1403.4000244140625,1422.300048828125,11252626,-0.005800347637472614,1421.7950012207032,1340.7979956054687,1327.2472497558595,0.014364008387033174,1600.9000244140625,-0.12205635669571552
2025-06-04,1411.31201171875,1423.5,1425.699951171875,1406.0999755859375,1414.699951171875,8126827,0.012806830309498363,1422.6700012207032,1344.3249951171874,1327.0466247558593,0.014451296241334515,1600.9000244140625,-0.11081268143461476
2025-06-05,1430.0501708984375,1442.4000244140625,1454.699951171875,1423.5999755859375,1428.0,13716817,0.013277150975807839,1424.4400024414062,1347.7899951171876,1326.949375,0.01472167690625001,1600.9000244140625,-0.09900680716024837
2025-06-06,1431.1407470703125,1443.5,1451.5,1437.0,1441.0,8182161,0.0007626009202157391,1427.7550048828125,1351.1329956054688,1326.7758752441407,0.013739535904314386,1600.9000244140625,-0.09831970892228058
2025-06-09,1436.3953857421875,1448.800048828125,1457.5,1445.300048828125,1457.0,7885125,0.0036716652775372616,1428.3700073242187,1354.0669970703125,1326.577875366211,0.00989680680128499,1600.9000244140625,-0.09500904070609086
2025-06-10,1426.1834716796875,1438.5,1453.9000244140625,1436.0,1450.0,7913181,-0.0071093653237078724,1429.510009765625,1357.127998046875,1326.2906256103515,0.009437286334338765,1600.9000244140625,-0.10144295205036412
2025-06-11,1436.4945068359375,1448.9000244140625,1468.5999755859375,1443.0999755859375,1445.800048828125,8195700,0.007229770187043849,1430.735009765625,1360.6449975585938,1326.0417504882812,0.009472411552023057,1600.9000244140625,-0.09494659109373976
2025-06-12,1429.257080078125,1441.5999755859375,1457.0,1434.4000244140625,1453.5,8828114,-0.0050383385362128275,1430.1050109863281,1363.912998046875,1325.759125366211,0.0082885543085419,1600.9000244140625,-0.09950655656116292
2025-06-13,1415.67431640625,1427.9000244140625,1435.5,1414.300048828125,1424.0,9757276,-0.009503295923896427,1428.6800109863282,1366.9689990234374,1325.3987506103515,0.008517451484297297,1600.9000244140625,-0.10806421223169066
2025-06-16,1425.4896240234375,1437.800048828125,1442.4000244140625,1424.4000244140625,1426.9000244140625,8458093,0.006933275610892187,1428.530010986328,1370.6730004882813,1325.0247509765625,0.008365976791106637,1600.9000244140625,-0.10188017558787466
2025-06-17,1418.946044921875,1431.199951171875,1448.0,1425.800048828125,1448.0,10366599,-0.004590414127214282,1428.860009765625,1374.2739990234375,1324.6785009765624,0.008023589148225478,1600.9000244140625,-0.10600291751778727
2025-06-18,1417.85546875,1430.0999755859375,1442.800048828125,1425.699951171875,1430.0,6681735,-0.0007685687698890664,1428.905010986328,1377.9019995117187,1324.3375006103515,0.007995523143982225,1600.9000244140625,-0.10669001575575507
2025-06-19,1421.0281982421875,1433.300048828125,1439.9000244140625,1425.699951171875,1430.0999755859375,10007230,0.0022376570147666364,1430.1000122070313,1382.4740014648437,1323.8993756103516,0.007300977030095295,1600.9000244140625,-0.10469109440314985
2025-06-20,1453.6463623046875,1466.199951171875,1471.0,1428.0999755859375,1431.0,29010635,0.022953953270739902,1432.0700073242188,1388.4840014648437,1323.6822503662108,0.008470506931501585,1600.9000244140625,-0.08414021562120245
2025-06-23,1444.326904296875,1456.800048828125,1463.800048828125,1442.0,1453.0,5989078,-0.006411064422855217,1433.1700073242187,1393.9760034179687,1323.3850006103517,0.008581669782938091,1600.9000244140625,-0.09001185170115718
2025-06-24,1438.3782958984375,1450.800048828125,1475.0,1443.0999755859375,1465.0,16402744,-0.004118616006930087,1434.6050109863281,1399.2850048828125,1323.0933758544923,0.008364137091697702,1600.9000244140625,-0.09375974345485744
2025-06-25,1454.737060546875,1467.300048828125,1472.4000244140625,1460.5,1464.0,7525851,0.011373035183813052,1437.3250122070312,1404.2520068359374,1322.857125854492,0.00847270572251906,1600.9000244140625,-0.08345304113218173
2025-06-26,1482.497314453125,1495.300048828125,1498.800048828125,1465.0999755859375,1469.0999755859375,14657893,0.019082668212518916,1441.2000122070312,1409.3560083007812,1322.8687512207032,0.009301308536346116,1600.9000244140625,-0.06596287961491389
2025-06-27,1502.4251708984375,1515.4000244140625,1522.0,1496.9000244140625,1499.4000244140625,11117052,0.013442101872256362,1445.9250122070312,1414.8780078125,1323.121626586914,0.009603852585368538,1600.9000244140625,-0.05340745749022862
2025-06-30,1487.7518310546875,1500.5999755859375,1524.800048828125,1496.0,1513.800048828125,8409527,-0.009766430374611779,1450.2700134277343,1419.4000073242187,1323.3123767089844,0.009872244417311755,1600.9000244140625,-0.06265228764977708
2025-07-01,1515.3138427734375,1528.4000244140625,1531.4000244140625,1500.0999755859375,1500.5999755859375,10368523,0.018525955804624017,1456.4150146484376,1424.0580078125,1323.6467517089843,0.01021909410503335,1600.9000244140625,-0.0452870253572114
2025-07-02,1505.7960205078125,1518.800048828125,1530.0,1508.699951171875,1528.4000244140625,6361002,-0.006281062177827312,1461.1800170898437,1428.610009765625,1323.983251953125,0.010269055069046887,1600.9000244140625,-0.05128363691292122
2025-07-03,1504.8046875,1517.800048828125,1531.9000244140625,1513.0,1520.800048828125,11283291,-0.0006584145166255162,1464.950018310547,1432.9660107421876,1324.173251953125,0.010026008887525386,1600.9000244140625,-0.05190828553853793
2025-07-04,1514.223388671875,1527.300048828125,1530.0,1517.199951171875,1524.0,6603501,0.006259058963224318,1469.1400207519532,1437.4800122070312,1324.4466271972656,0.010048347417714314,1600.9000244140625,-0.045974123595179196
2025-07-07,1528.3016357421875,1541.5,1544.800048828125,1525.0,1526.5999755859375,7251074,0.009297420754206254,1473.7750183105468,1442.30201171875,1324.797377319336,0.010150103139746331,1600.9000244140625,-0.0371041436118431
2025-07-08,1524.4349365234375,1537.5999755859375,1544.9000244140625,1530.199951171875,1536.0,7171261,-0.002530019081454782,1478.7300170898438,1445.6780102539062,1325.123876953125,0.00995618267244861,1600.9000244140625,-0.03954028850195885
2025-07-09,1505.9942626953125,1519.0,1551.0,1510.0999755859375,1536.699951171875,8870660,-0.012096758507588734,1482.2350158691406,1448.0640112304689,1325.4016271972657,0.010486964849965965,1600.9000244140625,-0.051158737688219054
2025-07-10,1504.2095947265625,1517.199951171875,1524.699951171875,1507.5,1519.699951171875,10047129,-0.0011850222699967272,1486.0150146484375,1450.3080102539063,1325.6392517089844,0.01037761119128304,1600.9000244140625,-0.0522831357147503
2025-07-11,1482.3980712890625,1495.199951171875,1515.0,1490.300048828125,1512.0,7234991,-0.014500395931997812,1489.3800109863282,1451.8160083007813,1325.6856262207032,0.010738480630221573,1600.9000244140625,-0.0660254054783179
2025-07-14,1470.9964599609375,1483.699951171875,1500.0,1479.0999755859375,1492.199951171875,10311846,-0.007691279009865437,1491.6750061035157,1452.8640063476562,1325.6372509765624,0.01090726807659578,1600.9000244140625,-0.07320886467291005
2025-07-15,1472.6820068359375,1485.4000244140625,1496.5,1482.4000244140625,1486.199951171875,8132454,0.0011458335904404038,1494.385009765625,1454.1540063476561,1325.6173760986328,0.010810112480305988,1600.9000244140625,-0.07214691625872989
2025-07-16,1472.8802490234375,1485.5999755859375,1491.0,1471.5,1473.0,10409983,0.0001346109927216066,1497.160009765625,1455.746005859375,1325.575626220703,0.010800191650030258,1600.9000244140625,-0.07202201703402772
2025-07-17,1463.7591552734375,1476.4000244140625,1489.5999755859375,1473.9000244140625,1487.4000244140625,11854613,-0.006192751294470389,1499.315008544922,1457.1340063476562,1325.4678765869141,0.010952256391340065,1600.9000244140625,-0.07776875388928027
2025-07-18,1463.362548828125,1476.0,1484.800048828125,1469.0999755859375,1484.800048828125,10296318,-0.0002709458191869629,1499.8050109863282,1459.1100073242187,1325.2170013427735,0.009724626702930837,1600.9000244140625,-0.07801862858973754
2025-07-21,1416.3682861328125,1428.5999755859375,1476.0,1423.0999755859375,1465.0,22442744,-0.03211383767890408,1498.3950073242188,1458.9520068359375,1324.9771264648436,0.012081717565288825,1600.9000244140625,-0.10762698869418014
2025-07-22,1400.70361328125,1412.800048828125,1431.9000244140625,1410.699951171875,1427.4000244140625,20396320,-0.011059727724923252,1496.4950073242187,1458.8940087890626,1324.717001953125,0.012276938530485493,1600.9000244140625,-0.11749639122829238
2025-07-23,1412.402587890625,1424.5999755859375,1426.0,1414.4000244140625,1426.0,8354596,0.008352156249994636,1494.3600036621094,1458.8980078125,1324.805126953125,0.012131124191166522,1600.9000244140625,-0.11012558319664696
2025-07-24,1390.888427734375,1402.9000244140625,1423.0,1396.0,1419.199951171875,14740507,-0.015232311907733775,1489.7400024414062,1457.8720092773438,1324.887001953125,0.011490659724224304,1600.9000244140625,-0.12368042787210838
2025-07-25,1379.7841796875,1391.699951171875,1401.0,1384.0999755859375,1398.9000244140625,11854722,-0.007983514895771204,1483.554998779297,1456.5780078125,1324.9918768310547,0.01084586003123194,1600.9000244140625,-0.13067653822964728
2025-07-28,1375.71923828125,1387.5999755859375,1407.800048828125,1385.0,1392.300048828125,7748361,-0.0029460197814084044,1477.9049987792969,1455.5140063476563,1324.9431268310548,0.010768321669694905,1600.9000244140625,-0.1332375823444652
2025-07-29,1404.9666748046875,1417.0999755859375,1420.199951171875,1383.0,1383.0,10750072,0.021259729402591798,1472.3399963378906,1455.3640063476562,1325.1556268310546,0.011080155576694006,1600.9000244140625,-0.11481044788877229
2025-07-30,1398.026611328125,1410.0999755859375,1423.300048828125,1401.300048828125,1418.0999755859375,7209849,-0.004939665599179577,1466.9049926757812,1454.9820068359375,1325.3508764648439,0.011067856167167801,1600.9000244140625,-0.11918298826808925
2025-07-31,1378.2969970703125,1390.199951171875,1402.5999755859375,1382.199951171875,1388.0999755859375,17065827,-0.014112491850652997,1460.5249877929687,1454.5980053710937,1325.4413763427735,0.011283382473196565,1600.9000244140625,-0.13161351116807235
2025-08-01,1381.76708984375,1393.699951171875,1405.9000244140625,1384.300048828125,1386.9000244140625,10321171,0.0025176234519714846,1453.8449829101562,1453.9360034179688,1325.5472509765625,0.011128706716455225,1600.9000244140625,-0.12942724097841385
2025-08-04,1399.4146728515625,1411.5,1416.0999755859375,1391.699951171875,1395.0999755859375,6312820,0.0127717941104597,1447.3449829101562,1453.4700024414062,1325.8846258544922,0.011379824806759416,1600.9000244140625,-0.11830846494201527
2025-08-05,1379.7841796875,1391.699951171875,1411.0,1388.0999755859375,1411.0,9315972,-0.014027664773733628,1440.049981689453,1452.862001953125,1326.0727508544921,0.011572696752879991,1600.9000244140625,-0.13067653822964728
2025-08-06,1380.874755859375,1392.800048828125,1395.9000244140625,1383.300048828125,1391.9000244140625,5834312,0.0007904704281433972,1433.7399841308593,1452.4600024414062,1326.2546258544921,0.011510002255355853,1600.9000244140625,-0.12998936374062656
2025-08-07,1377.5040283203125,1389.4000244140625,1393.699951171875,1366.0,1387.699951171875,9976705,-0.0024411432329595195,1427.3499877929687,1451.892001953125,1326.4051257324218,0.011495734378246733,1600.9000244140625,-0.13211318431793395
2025-08-08,1356.0888671875,1367.800048828125,1397.199951171875,1365.0,1385.0,8793606,-0.015546261124507077,1420.9799926757812,1450.8300024414064,1326.398126220703,0.011546713958894119,1600.9000244140625,-0.14560557938104426
2025-08-11,1374.331298828125,1386.199951171875,1388.0,1361.199951171875,1370.0,9997486,0.01345218722540209,1416.1049926757812,1450.2800024414062,1326.612376098633,0.012178161232584512,1600.9000244140625,-0.1341121056705392
2025-08-12,1368.5810546875,1380.4000244140625,1401.9000244140625,1375.199951171875,1381.9000244140625,12244664,-0.004184047729124063,1410.8549926757812,1449.7780029296875,1326.8217510986328,0.01213347866960723,1600.9000244140625,-0.13773502194848433
2025-08-13,1370.7620849609375,1382.5999755859375,1391.800048828125,1377.5,1388.0,7457021,0.0015937055440207182,1405.7049926757813,1448.9600024414062,1327.0357507324218,0.012161397736504743,1600.9000244140625,-0.13636082547254874
2025-08-14,1367.4774169921875,1373.800048828125,1380.699951171875,1370.0999755859375,1377.300048828125,7126128,-0.006364767042674857,1400.5749938964843,1447.5880029296875,1327.2655010986327,0.012163451347945617,1600.9000244140625,-0.14185768762734402
2025-08-18,1375.3409423828125,1381.699951171875,1394.9000244140625,1377.0,1390.0,11785109,0.005750401851047249,1395.8599914550782,1446.352001953125,1327.5022509765624,0.012321704452623625,1600.9000244140625,-0.13692302448581437
2025-08-19,1413.564208984375,1420.0999755859375,1421.0,1389.0999755859375,1390.0,14384719,0.027791869270527236,1395.434991455078,1445.7780004882814,1327.9027508544923,0.012209769207936825,1600.9000244140625,-0.11293650201192215
2025-08-20,1406.4969482421875,1413.0,1424.9000244140625,1410.0,1413.0,8725641,-0.0049996308062804085,1395.4449890136718,1445.2680004882814,1328.2482507324219,0.01200020900551614,1600.9000244140625,-0.1173714920035902
2025-08-21,1418.24267578125,1424.800048828125,1431.9000244140625,1420.300048828125,1425.0,11021323,0.00835106074177272,1395.4549926757813,1444.7860009765625,1328.712000732422,0.012000169238642125,1600.9000244140625,-0.11000060772089186
2025-08-22,1402.71435546875,1409.199951171875,1423.4000244140625,1407.9000244140625,1420.0,5818868,-0.010948973274587437,1395.7699890136719,1444.1380004882812,1329.064750366211,0.011748176669245785,1600.9000244140625,-0.11974518728135487
2025-08-25,1406.0987548828125,1412.5999755859375,1419.5,1405.699951171875,1414.699951171875,5979407,0.0024127338432242684,1396.814990234375,1443.8319995117188,1329.6170001220703,0.011591830704798557,1600.9000244140625,-0.11762136670404748
2025-08-26,1378.5262451171875,1384.9000244140625,1410.0,1381.5999755859375,1408.0,12145259,-0.01960919697764063,1396.6799926757812,1442.7739990234375,1330.015,0.012443474892636447,1600.9000244140625,-0.13492410313320913
2025-08-28,1379.521728515625,1385.9000244140625,1392.199951171875,1366.5,1389.9000244140625,13161813,0.0007220737832127622,1395.1199951171875,1441.8680004882813,1330.3177502441406,0.011398121612593067,1600.9000244140625,-0.13429945450759243
2025-08-29,1350.9537353515625,1357.199951171875,1403.5,1350.0,1381.0999755859375,18758842,-0.02070861731481788,1392.4749938964844,1440.41,1330.5754998779296,0.012198562639227329,1600.9000244140625,-0.15222691581342374
2025-09-01,1347.6689453125,1353.9000244140625,1363.199951171875,1340.5999755859375,1356.0,11232238,-0.002431422691227758,1390.6599975585937,1438.8219995117188,1330.92625,0.01185481034508089,1600.9000244140625,-0.1542882105273271
2025-09-02,1360.2109375,1366.5,1384.5,1354.5,1354.800048828125,11517006,0.009306429838784158,1389.3,1436.8280004882813,1331.3952502441407,0.012063878346517712,1600.9000244140625,-0.14641765309476718
2025-09-03,1366.2828369140625,1372.5999755859375,1376.5,1360.5,1369.699951171875,7847563,0.004463941153265649,1387.354998779297,1435.1439990234376,1331.8870001220703,0.011705473134546614,1600.9000244140625,-0.14260731172871582
2025-09-04,1353.0440673828125,1359.300048828125,1374.0,1357.0999755859375,1371.800048828125,13223177,-0.009689586911244885,1385.7350036621094,1433.3139990234374,1332.4232501220704,0.011496147248694417,1600.9000244140625,-0.1509150926987863
2025-09-05,1368.671875,1375.0,1381.0,1359.300048828125,1363.0,5777575,0.011550026195769059,1384.8450012207031,1431.467998046875,1332.9602502441405,0.011836691881792842,1600.9000244140625,-0.14110813977702513
2025-09-08,1372.15576171875,1378.5,1386.0,1372.4000244140625,1380.0,6986720,0.0025454545454546285,1384.3,1429.1319970703125,1333.5490002441406,0.011847860626757899,1600.9000244140625,-0.13892186958736666
2025-09-09,1369.8662109375,1376.199951171875,1381.199951171875,1368.699951171875,1376.5999755859375,9754452,-0.0016685156533369216,1384.7199951171874,1426.3479956054687,1334.2217498779296,0.011303497425917778,1600.9000244140625,-0.14035859192670627
2025-09-10,1370.66259765625,1377.0,1388.5,1374.0999755859375,1383.9000244140625,7790815,0.0005813463570054633,1384.2599975585938,1423.87599609375,1334.9917498779296,0.010877660946630771,1600.9000244140625,-0.13985884252579173
2025-09-11,1376.9337158203125,1383.300048828125,1385.5,1375.0,1376.0,9766072,0.0045751988584785686,1384.4049987792969,1420.9739965820313,1335.58125,0.010888394314948013,1600.9000244140625,-0.1359235256839853
2025-09-12,1388.579833984375,1395.0,1396.300048828125,1380.5,1383.300048828125,7403368,0.008457999536533478,1385.025,1418.4979956054688,1336.12125,0.01104301324709577,1600.9000244140625,-0.12861516726469097
2025-09-15,1392.8599853515625,1399.300048828125,1400.800048828125,1388.5999755859375,1393.0,5396697,0.0030824722782258895,1386.3,1416.1279956054686,1336.6392504882813,0.010935248028009376,1600.9000244140625,-0.12592914767411795
2025-09-16,1398.8323974609375,1405.300048828125,1408.0,1398.199951171875,1404.699951171875,8686961,0.004287858065198158,1387.4800048828124,1413.6879956054688,1337.1997509765624,0.010906497536131675,1600.9000244140625,-0.12218125592041769
2025-09-17,1407.2933349609375,1413.800048828125,1416.199951171875,1406.9000244140625,1407.0,7519417,0.006048530352708692,1387.1650085449219,1411.1339965820312,1337.9147509765626,0.00900273601303857,1600.9000244140625,-0.11687174260267566
2025-09-18,1408.4876708984375,1415.0,1422.0,1410.699951171875,1420.4000244140625,9332642,0.0008487417813216602,1387.2650085449218,1408.6819970703125,1338.528751220703,0.008932779879651645,1600.9000244140625,-0.11612219475235679
2025-09-19,1400.9227294921875,1407.4000244140625,1417.0,1403.5999755859375,1414.9000244140625,13461373,-0.005371007481227874,1386.3950073242188,1406.4499975585939,1339.020001220703,0.008792273445219163,1600.9000244140625,-0.12086950905683319
2025-09-22,1384.199951171875,1390.5999755859375,1410.699951171875,1388.0,1403.9000244140625,7757970,-0.011936939417859782,1385.4650085449218,1403.917998046875,1339.3565008544922,0.00885615610613538,1600.9000244140625,-0.13136363646761506
2025-09-23,1383.40380859375,1389.800048828125,1395.0,1376.800048828125,1391.0,14014702,-0.0005752385818038608,1384.3250122070312,1401.81,1339.7607513427733,0.008827341090976245,1600.9000244140625,-0.1318633096174767
2025-09-24,1376.635009765625,1383.0,1396.0,1380.4000244140625,1385.300048828125,5922759,-0.0048928252908457814,1384.2300109863281,1399.7960009765625,1340.065501098633,0.0077185630374020245,1600.9000244140625,-0.13611095077209148
2025-09-25,1366.0838623046875,1372.4000244140625,1384.5,1369.0,1381.300048828125,11411143,-0.007664479816296144,1383.5550109863282,1397.5360009765625,1340.3697509765625,0.007900632525060234,1600.9000244140625,-0.142732210953418
2025-09-26,1371.2598876953125,1377.5999755859375,1382.699951171875,1366.0,1372.0,9879109,0.0037889471578049783,1384.5750122070312,1395.3760009765624,1340.782000732422,0.006341166517369591,1600.9000244140625,-0.13948406860063228
2025-09-29,1366.48193359375,1372.800048828125,1389.0,1368.0,1381.5999755859375,14231999,-0.003484267452727674,1385.5200134277343,1393.3040014648439,1341.221751098633,0.006373390094467826,1600.9000244140625,-0.14248233625296072
2025-09-30,1357.722412109375,1364.0,1377.0999755859375,1362.800048828125,1377.0999755859375,14604684,-0.00641029175052632,1385.3950134277343,1391.0640014648438,1341.6507513427734,0.006225229275384939,1600.9000244140625,-0.14797927465880895
2025-10-01,1362.4007568359375,1368.699951171875,1378.5999755859375,1362.699951171875,1367.0,12045916,0.0034457120028408283,1385.2000122070312,1389.8660009765624,1342.1797509765624,0.006190236379633132,1600.9000244140625,-0.14504345661883158
2025-10-03,1357.125244140625,1363.4000244140625,1371.5999755859375,1356.9000244140625,1363.199951171875,12842347,-0.003872234198061264,1385.405010986328,1388.8780004882813,1342.632501220703,0.005844109641916197,1600.9000244140625,-0.1483540485839684
2025-10-06,1368.671875,1375.0,1377.4000244140625,1359.0,1360.0,12396580,0.008508123352075403,1385.405010986328,1387.8860009765624,1343.1660009765626,0.005565192855747722,1600.9000244140625,-0.14110813977702513
2025-10-07,1378.4267578125,1384.800048828125,1395.9000244140625,1375.9000244140625,1376.0,11244040,0.007127308238636276,1385.7200134277343,1387.5240014648436,1343.8635009765626,0.005765553788435736,1600.9000244140625,-0.13498655274556023
2025-10-08,1361.1068115234375,1367.4000244140625,1389.0,1364.5,1384.800048828125,8525081,-0.012565008521473686,1385.2800170898438,1387.0380029296875,1344.4342510986328,0.0064320866043647675,1600.9000244140625,-0.14585545408150155
2025-10-09,1371.458984375,1377.800048828125,1380.0,1369.0999755859375,1374.0,8826633,0.00760569272222944,1385.32001953125,1386.8420043945312,1345.1710015869141,0.00667017416546771,1600.9000244140625,-0.13935909312487718
2025-10-10,1375.3409423828125,1381.699951171875,1388.0,1375.0999755859375,1377.800048828125,6373084,0.002830528527754783,1385.2400146484374,1386.13400390625,1346.0530010986329,0.006619094045961118,1600.9000244140625,-0.13692302448581437
2025-10-13,1368.671875,1375.0,1377.699951171875,1367.800048828125,1376.9000244140625,7600682,-0.00484906376828953,1384.2400146484374,1385.4320043945313,1346.8165008544922,0.0063849009967364015,1600.9000244140625,-0.14110813977702513
2025-10-14,1369.5677490234375,1375.9000244140625,1388.0,1370.0999755859375,1380.0,9768174,0.0006545632102272769,1383.0700134277345,1385.146005859375,1347.5822509765626,0.006332014493697446,1600.9000244140625,-0.1405459407637595
2025-10-15,1367.97509765625,1374.300048828125,1384.0,1372.699951171875,1383.0,10882743,-0.0011628574442528183,1381.5200134277343,1384.7580078125,1348.3710009765625,0.006216677459355262,1600.9000244140625,-0.14154536331453568
2025-10-16,1391.8646240234375,1398.300048828125,1400.5,1375.0,1375.0999755859375,12315932,0.017463435310553166,1380.7450134277344,1384.4940087890625,1349.2572509765625,0.007331240797824435,1600.9000244140625,-0.12655379629973465
2025-10-17,1410.279541015625,1416.800048828125,1423.300048828125,1399.0999755859375,1401.0,19335561,0.013230350678671732,1380.8350158691405,1384.9960107421875,1350.2877514648437,0.007950060756400687,1600.9000244140625,-0.11499779672582554
2025-10-20,1460.04931640625,1466.800048828125,1473.800048828125,1433.300048828125,1440.0,24721978,0.035290794944111026,1383.8050170898437,1386.4760107421876,1351.544501953125,0.011067219628019032,1600.9000244140625,-0.0837653654449901
2025-10-21,1458.4566650390625,1465.199951171875,1474.0,1460.0,1468.0,2066169,-0.0010908764678105864,1387.5350158691406,1387.9920092773436,1352.7642517089844,0.010597592935097815,1600.9000244140625,-0.08476486424681917
2025-10-23,1441.7340087890625,1448.4000244140625,1482.9000244140625,1444.5999755859375,1475.0,18707090,-0.011465961860274265,1390.4650146484375,1389.6040087890624,1353.7972515869142,0.01104347956478032,1600.9000244140625,-0.09525891540654811
2025-10-24,1444.9193115234375,1451.5999755859375,1459.800048828125,1441.0,1450.0,9700837,0.0022093006889927214,1393.8950134277343,1390.9120092773437,1354.7995013427735,0.01091945250270792,1600.9000244140625,-0.09326007030499582
2025-10-27,1477.2696533203125,1484.0999755859375,1485.0,1458.0,1463.0,14113867,0.022389088279559433,1399.4800109863281,1392.9860083007814,1356.1300012207032,0.011502370012680665,1600.9000244140625,-0.07295898997245279
2025-10-28,1480.056884765625,1486.9000244140625,1492.0,1477.5999755859375,1484.0999755859375,17631577,0.0018866982509178065,1404.9450134277345,1395.0720092773438,1357.3602514648437,0.011511912638586037,1600.9000244140625,-0.07120994332030482
2025-10-29,1497.277099609375,1504.199951171875,1508.300048828125,1488.0999755859375,1490.0,11884745,0.011634895738622308,1411.5150085449218,1397.6800073242186,1358.5537512207031,0.011498791251490711,1600.9000244140625,-0.06040356784776752
2025-10-30,1481.6494140625,1488.5,1503.0999755859375,1484.0,1500.0,9318663,-0.01043740970716267,1417.740008544922,1399.8160083007813,1359.7225012207032,0.011735359297157383,1600.9000244140625,-0.07021052076952868
2025-10-31,1479.5592041015625,1486.4000244140625,1497.5,1482.300048828125,1490.4000244140625,8758053,-0.0014107998561890822,1423.6250122070312,1401.1420092773437,1360.945001220703,0.0118070775588398,1600.9000244140625,-0.07152226763311317
2025-11-03,1477.866943359375,1484.699951171875,1495.0,1479.300048828125,1486.0,8452085,-0.0011437521624487745,1429.690008544922,1402.5760083007813,1362.169251098633,0.011724386223391474,1600.9000244140625,-0.07258421604729334
2025-11-04,1466.3203125,1473.0999755859375,1492.800048828125,1470.0999755859375,1483.9000244140625,10007806,-0.007813010013761779,1434.5950073242188,1403.5420068359374,1363.3410009765626,0.011983787020013334,1600.9000244140625,-0.07983012485423659
2025-11-06,1489.2144775390625,1496.0999755859375,1501.5999755859375,1476.199951171875,1484.0,16772678,0.015613332686976289,1440.1600036621094,1405.2800073242188,1364.5605010986328,0.012265185895419453,1600.9000244140625,-0.06546320646505227
2025-11-07,1471.19775390625,1478.0,1498.4000244140625,1475.9000244140625,1494.5999755859375,7821765,-0.012098105662256109,1445.6900024414062,1406.5880078125,1365.6182513427734,0.012232511205334726,1600.9000244140625,-0.07676933133850412
2025-11-10,1482.44580078125,1489.300048828125,1501.0,1475.5,1477.9000244140625,7068438,0.007645499883710993,1451.2650024414063,1408.6760083007812,1366.5530017089843,0.012233137669083108,1600.9000244140625,-0.06971077136861413
2025-11-11,1486.5269775390625,1493.4000244140625,1498.800048828125,1480.199951171875,1497.0,7127506,0.002752954711284339,1456.8500061035156,1410.8260083007813,1367.4927520751953,0.012233529871827093,1600.9000244140625,-0.06714972725379621
2025-11-12,1504.5435791015625,1511.5,1524.699951171875,1500.0,1505.0,12384459,0.012119978096986506,1463.6750061035157,1413.9120092773437,1368.6817523193358,0.012178380117470322,1600.9000244140625,-0.055843602380344366
2025-11-13,1503.9464111328125,1510.9000244140625,1522.0999755859375,1506.800048828125,1515.0,7196443,-0.0003969405133559256,1470.4250061035157,1417.0520092773438,1369.8507525634766,0.01219953052976903,1600.9000244140625,-0.05621837630550381
2025-11-14,1511.9095458984375,1518.9000244140625,1520.9000244140625,1505.5,1505.5,7682823,0.0052948572842219654,1477.6550048828126,1420.100009765625,1371.1270025634765,0.012119693317191975,1600.9000244140625,-0.05122118730057014
2025-11-17,1511.3123779296875,1518.300048828125,1523.699951171875,1511.5,1520.9000244140625,5871416,-0.00039500663394154145,1483.6550048828126,1423.0140112304687,1372.4870025634766,0.011813607516278505,1600.9000244140625,-0.05159596122572958
2025-11-18,1512.4072265625,1519.4000244140625,1527.800048828125,1510.5,1521.699951171875,11045042,0.0007244783972617519,1488.7850036621094,1426.2160107421876,1373.9372528076171,0.011639648791326566,1600.9000244140625,-0.05090886298776178
2025-11-19,1511.9095458984375,1518.9000244140625,1522.300048828125,1512.0,1517.4000244140625,5692366,-0.0003290772620546667,1491.3900024414063,1429.0940112304688,1375.3597528076173,0.008942452686570289,1600.9000244140625,-0.05122118730057014
2025-11-20,1541.9705810546875,1549.0999755859375,1550.9000244140625,1526.699951171875,1530.0,18171724,0.019882777461620593,1495.5850036621093,1432.5060107421875,1376.927752685547,0.00977824273444441,1600.9000244140625,-0.0323568293073667
2025-11-21,1539.4820556640625,1546.5999755859375,1557.800048828125,1540.0999755859375,1541.0,9615271,-0.0016138403197988316,1500.4950012207032,1435.9140112304688,1378.395502319336,0.00925408504521987,1600.9000244140625,-0.03391845087140847
2025-11-24,1528.831298828125,1535.9000244140625,1550.0,1531.800048828125,1550.0,18433951,-0.006918370193185419,1504.7100036621093,1439.09201171875,1379.7495025634767,0.009532919060018649,1600.9000244140625,-0.04060216066508608
2025-11-25,1532.61376953125,1539.699951171875,1559.5999755859375,1525.0999755859375,1535.9000244140625,15033482,0.002474071682668333,1507.4900024414062,1442.220009765625,1381.1250024414062,0.008353891386840782,1600.9000244140625,-0.03822854163837435
2025-11-26,1562.6748046875,1569.9000244140625,1571.5999755859375,1540.5,1542.300048828125,14054299,0.019614258751649682,1511.6400024414063,1445.7180102539062,1382.7450024414063,0.009247980781791378,1600.9000244140625,-0.01936410739411798
2025-11-27,1556.2047119140625,1563.4000244140625,1575.5,1556.0,1575.0,9794643,-0.004140391043325198,1514.6000061035156,1449.000009765625,1384.1360028076172,0.009123098823667776,1600.9000244140625,-0.023424323460626586
2025-11-28,1560.285888671875,1567.5,1581.300048828125,1563.0,1568.0,8959508,0.0026224737891213934,1518.5500061035157,1452.2440087890625,1385.5825030517578,0.00864294138326663,1600.9000244140625,-0.020863279345808665
2025-12-01,1558.892333984375,1566.0999755859375,1577.5,1563.5999755859375,1575.0,8920233,-0.0008931575209329967,1522.5350036621094,1455.2900073242188,1387.0052526855468,0.00863098881278934,1600.9000244140625,-0.021737802671882644
2025-12-02,1539.1834716796875,1546.300048828125,1567.5,1542.0,1561.0999755859375,11389150,-0.012642824255459595,1525.615008544922,1457.9160083007812,1388.403253173828,0.00925730255409748,1600.9000244140625,-0.034105799708461726
2025-12-03,1531.718017578125,1538.800048828125,1552.4000244140625,1533.0,1545.199951171875,6090883,-0.004850287630582373,1528.9000122070313,1460.5440087890624,1389.8290032958985,0.009113327916279512,1600.9000244140625,-0.03879066440058704
2025-12-04,1528.53271484375,1535.5999755859375,1560.5,1517.5999755859375,1536.0,11867930,-0.0020795900316122884,1530.8750122070312,1463.4440087890625,1391.3327532958983,0.0085887726167364,1600.9000244140625,-0.04078958575319227
2025-12-05,1533.5096435546875,1540.5999755859375,1545.800048828125,1520.5999755859375,1530.4000244140625,10183266,0.0032560563164194534,1534.0050109863282,1466.4600073242189,1392.9530029296875,0.007989844378173162,1600.9000244140625,-0.03766634262510873
2025-12-08,1535.898681640625,1543.0,1551.0,1535.0,1539.199951171875,11301491,0.0015578504816928795,1536.690008544922,1469.6600073242187,1394.5875030517577,0.007882962666879904,1600.9000244140625,-0.036167170673418035
2025-12-09,1522.3612060546875,1529.4000244140625,1542.5,1520.0999755859375,1540.300048828125,11503971,-0.008813982881359372,1538.490008544922,1472.8000073242188,1396.1482531738282,0.008226357821928291,1600.9000244140625,-0.04466237673159469
2025-12-10,1529.8267822265625,1536.9000244140625,1547.5,1531.4000244140625,1534.0,7991629,0.004903883797748421,1539.760009765625,1475.9860083007814,1397.708253173828,0.007873998155942755,1600.9000244140625,-0.03997751203946937
2025-12-11,1537.889404296875,1545.0,1550.0,1524.0,1536.9000244140625,4706197,0.005270333435660968,1541.4650085449218,1479.4300073242186,1399.3062530517577,0.007928064391109617,1600.9000244140625,-0.034917873422184616
2025-12-12,1549.3365478515625,1556.5,1559.800048828125,1546.0999755859375,1550.800048828125,5106655,0.007443365695792847,1543.3450073242188,1483.2800073242188,1400.9515032958984,0.008001453547449003,1600.9000244140625,-0.027734414227592465
2025-12-15,1549.037841796875,1556.199951171875,1558.5999755859375,1546.5,1551.199951171875,5774543,-0.000192771492531274,1545.2400024414062,1487.0300073242188,1402.5675030517577,0.007999387935819061,1600.9000244140625,-0.02792183931569865
2025-12-16,1535.201904296875,1542.300048828125,1551.699951171875,1538.800048828125,1545.0,11731856,-0.00893195140719727,1546.3850036621093,1490.6080078125,1404.1382531738282,0.008318696030927794,1600.9000244140625,-0.03660439421092856
2025-12-17,1537.292236328125,1544.4000244140625,1550.0,1539.300048828125,1550.0,7116649,0.001361586928259051,1547.6600036621094,1493.9960083007813,1405.7875030517578,0.008315412007007606,1600.9000244140625,-0.03529264734734406
2025-12-18,1537.292236328125,1544.4000244140625,1551.5,1535.199951171875,1535.199951171875,6580829,0.0,1547.4250061035157,1497.1880078125,1407.489503173828,0.007007891999990426,1600.9000244140625,-0.03529264734734406
2025-12-19,1557.8968505859375,1565.0999755859375,1574.199951171875,1551.0,1554.4000244140625,13937275,0.013403231575140895,1548.3500061035156,1501.1420068359375,1409.279503173828,0.007618299613373218,1600.9000244140625,-0.022362451297499353
2025-12-22,1568.1495361328125,1575.4000244140625,1577.5,1565.300048828125,1573.5,10184852,0.006581080434985509,1550.3250061035155,1505.0940063476562,1411.1560034179688,0.007512333293399629,1600.9000244140625,-0.01592853995322608
2025-12-23,1563.4710693359375,1570.699951171875,1580.9000244140625,1568.0999755859375,1580.9000244140625,7506564,-0.0029834157479688983,1551.8750061035157,1508.8740063476562,1413.153253173828,0.007566257845379186,1600.9000244140625,-0.01886443424425637
2025-12-24,1551.0286865234375,1558.199951171875,1575.699951171875,1553.5999755859375,1572.699951171875,8815745,-0.00795823542916263,1551.2900024414062,1512.5380053710937,1415.1347528076171,0.006426931251515813,1600.9000244140625,-0.026672542064465232
2025-12-26,1552.0240478515625,1559.199951171875,1561.0,1554.300048828125,1554.699951171875,2311495,0.0006417661605289116,1551.0799987792968,1516.20400390625,1417.052752685547,0.0063673427830398905,1600.9000244140625,-0.026047893438848523
2025-12-29,1538.4866943359375,1545.5999755859375,1558.0999755859375,1543.5999755859375,1554.9000244140625,5972105,-0.00872240636982824,1549.9849975585937,1519.6300024414063,1418.732752685547,0.006611278998057543,1600.9000244140625,-0.03454309949702518
2025-12-30,1532.71337890625,1539.800048828125,1553.5999755859375,1537.800048828125,1547.0,8815884,-0.003752540663449322,1548.6700012207032,1522.4600024414062,1420.1827526855468,0.0066468960363209465,1600.9000244140625,-0.038166015774970335
2025-12-31,1563.172607421875,1570.4000244140625,1577.0,1541.0,1541.0,5771830,0.019872694256131362,1549.875,1525.532001953125,1421.8427526855469,0.007523096791579729,1600.9000244140625,-0.019051783081309625
