ticker,sector,trade_date,open_price,high_price,low_price,close_price,volume,Daily_Return,MA20,MA50,MA200,Rolling_Volatility_20D,Running_Max,Drawdown
AXISBANK,Banking,2025-09-01,1047.6,1064.0,1047.6,1061.5,3190426,,,,,,1061.5,0.0
AXISBANK,Banking,2025-09-02,1061.5,1064.9,1049.0,1056.2,4933541,-0.004992934526613202,,,,,1061.5,-0.00499293452661324
AXISBANK,Banking,2025-09-03,1056.2,1064.9,1045.0,1054.7,8303296,-0.0014201855709146116,,,,,1061.5,-0.006406029203956622
AXISBANK,Banking,2025-09-04,1058.2,1062.2,1047.3,1050.4,8088417,-0.004076988717170771,,,,,1061.5,-0.010456900612340942
AXISBANK,Banking,2025-09-05,1056.6,1058.0,1047.8,1055.9,2849589,0.0052361005331302835,,,,,1061.5,-0.005275553462081874
AXISBANK,Banking,2025-09-08,1055.9,1063.0,1054.0,1055.5,2260147,-0.000378823752249402,,,,,1061.5,-0.005652378709373528
AXISBANK,Banking,2025-09-09,1057.5,1059.0,1048.7,1052.2,4310419,-0.0031264803410705477,,,,,1061.5,-0.008761186999528926
AXISBANK,Banking,2025-09-10,1058.0,1074.1,1055.1,1070.1,5241075,0.017011974909712846,,,,,1070.1,0.0
AXISBANK,Banking,2025-09-11,1069.0,1093.0,1069.0,1087.4,5227539,0.01616671339127196,,,,,1087.4,0.0
AXISBANK,Banking,2025-09-12,1088.4,1108.7,1088.4,1105.3,6014850,0.016461283796211035,,,,,1105.3,0.0
AXISBANK,Banking,2025-09-15,1105.0,1110.0,1100.0,1104.4,3881807,-0.000814258572333193,,,,,1105.3,-0.0008142585723331798
AXISBANK,Banking,2025-09-16,1105.7,1127.1,1104.0,1121.2,7965606,0.01521187975371241,,,,,1121.2,0.0
AXISBANK,Banking,2025-09-17,1121.3,1128.5,1116.1,1126.0,5590739,0.004281127363539028,,,,,1126.0,0.0
AXISBANK,Banking,2025-09-18,1129.0,1134.4,1121.2,1133.0,5713032,0.006216696269982336,,,,,1133.0,0.0
AXISBANK,Banking,2025-09-19,1133.0,1144.1,1126.6,1135.9,8910732,0.002559576345984249,,,,,1135.9,0.0
AXISBANK,Banking,2025-09-22,1136.0,1147.6,1131.2,1144.4,7689900,0.007483053085658886,,,,,1144.4,0.0
AXISBANK,Banking,2025-09-23,1146.0,1172.8,1141.9,1170.8,16079093,0.023068857042991775,,,,,1170.8,0.0
AXISBANK,Banking,2025-09-24,1168.0,1172.8,1154.0,1158.9,12812055,-0.010163990433891268,,,,,1170.8,-0.01016399043389124
AXISBANK,Banking,2025-09-25,1154.7,1171.8,1153.4,1166.6,11188302,0.006644231598929906,,,,,1170.8,-0.003587290741373459
AXISBANK,Banking,2025-09-26,1161.6,1169.7,1148.0,1154.0,5618932,-0.010800617178124416,1103.22,,,,1170.8,-0.014349162965493642
AXISBANK,Banking,2025-09-29,1155.4,1158.3,1126.7,1132.2,9693881,-0.018890814558058855,1106.755,,,0.010740248110814208,1170.8,-0.03296891014690802
AXISBANK,Banking,2025-09-30,1130.0,1137.0,1125.4,1131.6,8165203,-0.0005299417064124068,1110.525,,,0.010604740393785816,1170.8,-0.033481380252818625
AXISBANK,Banking,2025-10-01,1132.5,1164.8,1131.0,1159.5,9655009,0.024655355249204813,1115.7649999999999,,,0.011529665445277584,1170.8,-0.009651520327980828
AXISBANK,Banking,2025-10-03,1171.0,1188.0,1169.5,1181.0,11095015,0.018542475204829767,1122.295,,,0.011719792165428757,1181.0,0.0
AXISBANK,Banking,2025-10-06,1185.0,1215.2,1182.1,1212.8,20128505,0.026926333615580056,1130.1399999999999,,,0.012620054723278156,1212.8,0.0
AXISBANK,Banking,2025-10-07,1212.0,1212.0,1184.0,1186.8,8620156,-0.021437994722955156,1136.705,,,0.014066108470403732,1212.8,-0.021437994722955146
AXISBANK,Banking,2025-10-08,1180.1,1194.8,1174.1,1180.6,5160430,-0.005224132119986513,1143.125,,,0.014145129542949587,1212.8,-0.02655013192612141
AXISBANK,Banking,2025-10-09,1178.0,1187.3,1163.1,1167.4,7194651,-0.011180755548026222,1147.99,,,0.01437900791943328,1212.8,-0.037434036939313874
AXISBANK,Banking,2025-10-10,1168.0,1191.7,1165.2,1180.4,6933035,0.011135857461024523,1152.6399999999999,,,0.014206380010551762,1212.8,-0.0267150395778363
AXISBANK,Banking,2025-10-13,1171.0,1193.6,1167.5,1189.6,4138448,0.007793968146390995,1156.855,,,0.013942645368327285,1212.8,-0.01912928759894463
AXISBANK,Banking,2025-10-14,1191.8,1191.8,1166.6,1176.8,5742538,-0.010759919300605159,1160.475,,,0.014287984730875024,1212.8,-0.029683377308707126
AXISBANK,Banking,2025-10-15,1180.0,1181.7,1164.0,1169.6,6328142,-0.006118286879673751,1162.895,,,0.0141455706899898,1212.8,-0.035620052770448586
AXISBANK,Banking,2025-10-16,1216.4,1216.9,1185.3,1196.3,17747171,0.022828317373461138,1166.41,,,0.014877517056449949,1212.8,-0.013604881266490766
AXISBANK,Banking,2025-10-17,1196.3,1212.9,1191.6,1200.2,6404414,0.003260051826464938,1169.77,,,0.014859988190981391,1212.8,-0.01038918205804742
AXISBANK,Banking,2025-10-20,1207.9,1231.7,1207.0,1226.0,7418616,0.021496417263789258,1174.275,,,0.015423757495729015,1226.0,0.0
AXISBANK,Banking,2025-10-21,1225.8,1238.8,1222.0,1237.3,1940248,0.00921696574225117,1178.9199999999998,,,0.015449593477103472,1237.3,0.0
AXISBANK,Banking,2025-10-23,1246.0,1276.1,1241.3,1258.8,14611221,0.017376545704356205,1183.32,,,0.01512937640761114,1258.8,0.0
AXISBANK,Banking,2025-10-24,1254.2,1256.0,1240.1,1241.9,4882046,-0.013425484588496905,1187.47,,,0.015303686966202594,1258.8,-0.013425484588496874
AXISBANK,Banking,2025-10-27,1243.4,1258.5,1242.6,1254.1,6185072,0.009823657299299349,1191.8449999999998,,,0.01535367474081574,1258.8,-0.003733714648871978
AXISBANK,Banking,2025-10-28,1249.0,1258.9,1236.6,1246.3,8146777,-0.006219599712941504,1196.4599999999998,,,0.015158352454462565,1258.8,-0.009930092151255164
AXISBANK,Banking,2025-10-29,1246.9,1251.0,1239.2,1248.8,4578825,0.002005937575222605,1202.29,,,0.014189354858200094,1258.8,-0.00794407372100413
AXISBANK,Banking,2025-10-30,1243.0,1248.0,1235.0,1238.6,4017532,-0.008167841127482367,1207.6399999999999,,,0.014446707065502164,1258.8,-0.016047028916428382
AXISBANK,Banking,2025-10-31,1243.0,1245.4,1231.0,1232.8,4106607,-0.004682706281285309,1211.3049999999998,,,0.013780045619906907,1258.8,-0.020654591674610742
AXISBANK,Banking,2025-11-03,1226.0,1241.0,1222.3,1233.7,6118907,0.0007300454250487309,1213.94,,,0.01330078219938002,1258.8,-0.019939625039720296
AXISBANK,Banking,2025-11-04,1230.1,1235.9,1222.8,1226.6,3299345,-0.005755045797195546,1214.6299999999999,,,0.012061889407005994,1258.8,-0.02557991738163334
AXISBANK,Banking,2025-11-06,1225.0,1239.6,1225.0,1228.5,3733721,0.0015489972281101938,1216.715,,,0.010885774759581314,1258.8,-0.02407054337464248
AXISBANK,Banking,2025-11-07,1227.0,1228.8,1217.0,1222.8,3461466,-0.004639804639804623,1218.825,,,0.010866742730444289,1258.8,-0.028598665395614873
AXISBANK,Banking,2025-11-10,1222.0,1232.8,1215.5,1217.0,4140568,-0.004743212299640143,1221.305,,,0.010552388808342444,1258.8,-0.03320622815379723
AXISBANK,Banking,2025-11-11,1218.1,1225.0,1209.4,1222.5,5615453,0.004519309778143077,1223.41,,,0.01035727321493554,1258.8,-0.02883698760724496
AXISBANK,Banking,2025-11-12,1227.9,1232.7,1216.5,1221.6,6782513,-0.0007361963190184451,1225.01,1165.73,,0.010272935431156892,1258.8,-0.029551954242135404
AXISBANK,Banking,2025-11-13,1219.0,1234.8,1213.2,1225.2,3345231,0.0029469548133596035,1227.43,1169.004,,0.00986986908030328,1258.8,-0.026692087702573808
AXISBANK,Banking,2025-11-14,1224.0,1246.0,1222.0,1241.6,5197740,0.013385569702905498,1231.03,1172.7120000000002,,0.009981850135933527,1258.8,-0.013663806800127142
AXISBANK,Banking,2025-11-17,1243.9,1261.0,1240.4,1249.6,4088026,0.006443298969072142,1233.6950000000002,1176.61,,0.008884166331508733,1258.8,-0.0073085478233238365
AXISBANK,Banking,2025-11-18,1250.0,1273.5,1247.6,1265.4,10175969,0.01264404609475056,1236.955,1180.91,,0.009184744284077421,1265.4,0.0
AXISBANK,Banking,2025-11-19,1268.0,1273.0,1257.8,1270.4,4101288,0.003951319740793435,1239.175,1185.2,,0.008063213084042082,1270.4,0.0
AXISBANK,Banking,2025-11-20,1275.0,1287.3,1262.6,1285.2,4617594,0.011649874055415621,1241.5700000000002,1189.794,,0.008198045950317992,1285.2,0.0
AXISBANK,Banking,2025-11-21,1284.0,1284.5,1273.0,1275.8,6363593,-0.007314036725801554,1242.42,1194.2659999999998,,0.0075862196052433285,1285.2,-0.0073140367258015026
AXISBANK,Banking,2025-11-24,1279.2,1290.9,1266.6,1269.0,10491953,-0.005329989026493176,1243.775,1198.244,,0.006985122149210011,1285.2,-0.012605042016806758
AXISBANK,Banking,2025-11-25,1269.1,1276.7,1263.7,1266.3,5290156,-0.0021276595744681437,1244.385,1201.822,,0.006705429802297,1285.2,-0.014705882352941247
AXISBANK,Banking,2025-11-26,1271.9,1292.8,1269.3,1290.2,4842021,0.018873884545526298,1246.5800000000002,1205.52,,0.007660497706424253,1290.2,0.0
AXISBANK,Banking,2025-11-27,1297.0,1304.0,1281.0,1287.3,5924706,-0.0022477135327856335,1248.5049999999999,1209.178,,0.007712188065127357,1290.2,-0.002247713532785685
AXISBANK,Banking,2025-11-28,1287.3,1289.0,1275.0,1279.7,3093636,-0.0059038297211216895,1250.56,1212.348,,0.007577520178929221,1290.2,-0.008138273135947914
AXISBANK,Banking,2025-12-01,1288.0,1289.0,1268.5,1275.7,4098016,-0.0031257325935766245,1252.7050000000002,1215.3419999999999,,0.007516674424502196,1290.2,-0.011238567663928074
AXISBANK,Banking,2025-12-02,1270.7,1281.0,1255.1,1258.0,8115347,-0.013874735439366681,1253.92,1217.8419999999999,,0.008289494841265645,1290.2,-0.024957370950240306
AXISBANK,Banking,2025-12-03,1255.0,1272.9,1255.0,1270.7,3582794,0.010095389507154273,1256.125,1220.538,,0.00836619266616682,1290.2,-0.01511393582390327
AXISBANK,Banking,2025-12-04,1270.7,1282.8,1269.4,1280.0,3216108,0.007318800661052949,1258.7,1223.25,,0.008456050350425202,1290.2,-0.007905751046349439
AXISBANK,Banking,2025-12-05,1275.2,1285.0,1267.3,1282.5,2728214,0.001953125,1261.685,1225.484,,0.0083071168789207,1290.2,-0.00596806696636184
AXISBANK,Banking,2025-12-08,1284.0,1288.8,1265.1,1273.8,2969478,-0.006783625730994225,1264.525,1227.782,,0.008411577811396573,1290.2,-0.012711207564718718
AXISBANK,Banking,2025-12-09,1272.0,1281.4,1263.2,1275.9,4239279,0.0016486104569006788,1267.195,1229.968,,0.008396497252707621,1290.2,-0.01108355293752903
AXISBANK,Banking,2025-12-10,1273.0,1284.0,1268.3,1278.6,2928746,0.0021161533035503055,1270.045,1232.46,,0.008368654144817285,1290.2,-0.008990854131142563
AXISBANK,Banking,2025-12-11,1277.4,1282.0,1271.0,1272.7,2017404,-0.004614422024088793,1272.4199999999998,1235.27,,0.008508283186194487,1290.2,-0.01356378855991319
AXISBANK,Banking,2025-12-12,1278.0,1291.0,1277.9,1286.1,2281078,0.010528797045650906,1274.645,1238.36,,0.008328053981579457,1290.2,-0.0031778018911797676
AXISBANK,Banking,2025-12-15,1285.0,1290.4,1280.0,1284.8,1634472,-0.0010108078687504074,1276.4050000000002,1240.866,,0.008275715988922518,1290.2,-0.004185397612773284
AXISBANK,Banking,2025-12-16,1277.1,1277.6,1216.9,1219.6,11542048,-0.05074719800747207,1274.115,1241.638,,0.01394741563139561,1290.2,-0.0547201984188499
AXISBANK,Banking,2025-12-17,1220.6,1236.0,1220.3,1224.7,5147181,0.004181698917677945,1271.83,1241.876,,0.013952463864311175,1290.2,-0.050767322895675086
AXISBANK,Banking,2025-12-18,1226.1,1238.5,1220.2,1229.8,3441592,0.004164285131052381,1269.06,1242.7359999999999,,0.013672078108098836,1290.2,-0.046814447372500456
AXISBANK,Banking,2025-12-19,1236.7,1241.5,1229.1,1230.6,5055047,0.0006505122784192796,1266.8,1243.7359999999999,,0.013628442803862717,1290.2,-0.04619438846690446
AXISBANK,Banking,2025-12-22,1235.0,1236.9,1226.8,1233.2,2405809,0.0021127905086950616,1265.0099999999998,1245.052,,0.01362605846319814,1290.2,-0.044179197023717254
AXISBANK,Banking,2025-12-23,1239.0,1239.0,1223.5,1225.0,2920318,-0.006649367499189096,1262.9450000000002,1245.9440000000002,,0.01367723879965184,1290.2,-0.05053480080607661
AXISBANK,Banking,2025-12-24,1230.0,1235.4,1224.7,1226.3,3155506,0.0010612244897958423,1259.75,1246.6779999999999,,0.012829921915519873,1290.2,-0.04952720508448309
AXISBANK,Banking,2025-12-26,1225.0,1229.9,1222.0,1228.2,1665983,0.0015493761722253918,1256.795,1247.7060000000001,,0.012861227097694428,1290.2,-0.04805456518369245
AXISBANK,Banking,2025-12-29,1228.2,1233.9,1219.0,1232.0,2209655,0.003093958638658245,1254.4099999999999,1248.9540000000002,,0.012884645056405077,1290.2,-0.045109285382111335
AXISBANK,Banking,2025-12-30,1233.0,1252.1,1232.0,1246.0,5673233,0.011363636363636465,1252.925,1249.948,,0.01321039062988311,1290.2,-0.03425825453418078
AXISBANK,Banking,2025-12-31,1246.0,1271.5,1245.0,1269.4,3711090,0.018780096308186334,1253.495,1251.332,,0.01356071114321415,1290.2,-0.016121531545496788
AXISBANK,Banking,2026-01-01,1270.0,1279.2,1263.8,1274.4,2022412,0.003938868756893088,1253.68,1252.3,,0.013401344344357642,1290.2,-0.01224616338552159
AXISBANK,Banking,2026-01-02,1273.9,1281.8,1264.3,1266.9,5860547,-0.005885122410546173,1253.025,1252.892,,0.013359060874937817,1290.2,-0.018059215625484386
AXISBANK,Banking,2026-01-05,1274.2,1289.7,1270.0,1285.8,6177100,0.014918304522850923,1253.19,1253.432,,0.013788331892246418,1290.2,-0.0034103239807782445
AXISBANK,Banking,2026-01-06,1304.6,1304.6,1285.4,1293.8,6751769,0.006221807435059956,1254.19,1254.47,,0.01374721900249079,1293.8,0.0
AXISBANK,Banking,2026-01-07,1293.0,1299.0,1284.0,1295.5,5440002,0.0013139588808162017,1255.17,1255.2979999999998,,0.013746426555525713,1295.5,0.0
AXISBANK,Banking,2026-01-08,1291.1,1303.2,1283.8,1286.8,3949654,-0.00671555384021616,1255.58,1256.108,,0.01384526012690176,1295.5,-0.0067155538402161674
AXISBANK,Banking,2026-01-09,1286.8,1295.3,1270.1,1272.0,5531427,-0.01150139881877521,1255.545,1256.572,,0.01406084066236868,1295.5,-0.018139714395986106
AXISBANK,Banking,2026-01-12,1274.7,1279.6,1266.5,1274.2,6489750,0.0017295597484277003,1254.95,1257.2839999999999,,0.013852431710991726,1295.5,-0.01644152836742567
AXISBANK,Banking,2026-01-13,1274.0,1284.0,1258.7,1262.0,5163166,-0.009574635065138892,1253.81,1257.868,,0.014004754803055342,1295.5,-0.025858741798533386
AXISBANK,Banking,2026-01-14,1255.0,1308.0,1253.5,1298.8,7776704,0.02916006339144217,1257.77,1259.17,,0.009760554115486047,1298.8,0.0
AXISBANK,Banking,2026-01-15,1298.8,1298.8,1298.8,1298.8,0,0.0,1261.475,1260.614,,0.009783083996699176,1298.8,0.0
AXISBANK,Banking,2026-01-16,1298.8,1309.0,1286.5,1294.2,5175495,-0.0035417308284569904,1264.6950000000002,1261.928,,0.009885473727556727,1298.8,-0.0035417308284569674
AXISBANK,Banking,2026-01-19,1307.0,1327.0,1297.1,1307.5,8833223,0.010276618760624245,1268.54,1263.622,,0.010018931392239342,1307.5,0.0
AXISBANK,Banking,2026-01-20,1306.1,1310.9,1290.0,1293.5,6268527,-0.010707456978967467,1271.5549999999998,1265.152,,0.01048359250984872,1307.5,-0.010707456978967494
AXISBANK,Banking,2026-01-21,1290.0,1297.7,1267.4,1284.9,3854702,-0.006648627754155312,1274.55,1266.4,,0.010483558749040079,1307.5,-0.01728489483747603
AXISBANK,Banking,2026-01-22,1290.0,1298.9,1281.4,1294.8,5949677,0.007704879757179484,1277.975,1267.864,,0.010542605831545008,1307.5,-0.009713193116634834
AXISBANK,Banking,2026-01-23,1297.0,1299.0,1248.0,1258.0,8885549,-0.02842137781896814,1279.4650000000001,1268.52,,0.012646017939360196,1307.5,-0.0378585086042065
AXISBANK,Banking,2026-01-27,1288.8,1333.2,1278.4,1315.8,22715357,0.04594594594594592,1283.6550000000002,1270.004,,0.016122652780224,1315.8,0.0
AXISBANK,Banking,2026-01-28,1348.0,1369.4,1310.2,1319.8,15426403,0.003039975680194651,1287.3449999999998,1271.4080000000001,,0.01601381396864038,1319.8,0.0
AXISBANK,Banking,2026-01-29,1318.0,1367.0,1306.0,1363.7,16107684,0.033262615547810404,1292.06,1273.374,,0.017058228938367715,1363.7,0.0
AXISBANK,Banking,2026-01-30,1352.0,1378.7,1352.0,1370.4,14758482,0.004913104055144224,1296.8600000000001,1275.374,,0.017060260200342084,1370.4,0.0
AXISBANK,Banking,2026-02-02,1339.0,1352.7,1302.9,1311.5,8647298,-0.042980151780502074,1299.0900000000001,1275.9,,0.019939233517952893,1370.4,-0.04298015178050211
AXISBANK,Banking,2026-02-03,1403.0,1418.3,1345.5,1356.2,10384723,0.034083110941669936,1302.61,1277.508,,0.021027601889283414,1370.4,-0.010361938120256892
AXISBANK,Banking,2026-02-04,1369.7,1369.9,1336.6,1338.7,6672251,-0.01290370151895004,1304.855,1278.902,,0.021300647303942093,1370.4,-0.023131932282545273
AXISBANK,Banking,2026-02-05,1340.0,1340.0,1317.4,1330.6,3766488,-0.006050646149249328,1306.6100000000001,1280.188,,0.02137523394980525,1370.4,-0.029042615294804567
AXISBANK,Banking,2026-02-06,1325.0,1346.4,1324.7,1341.6,5876574,0.008266947241845735,1309.35,1281.2160000000001,,0.021332678624240917,1370.4,-0.021015761821366157
AXISBANK,Banking,2026-02-09,1350.0,1350.0,1330.7,1341.4,4077536,-0.00014907573047096,1312.8200000000002,1282.298,,0.02109576621853151,1370.4,-0.021161704611792176
AXISBANK,Banking,2026-02-10,1352.6,1360.1,1343.3,1356.7,5478998,0.011405993737885867,1316.945,1283.838,,0.021179025583699138,1370.4,-0.009997081144191509
AXISBANK,Banking,2026-02-11,1358.0,1360.0,1344.8,1347.3,3866272,-0.006928576693447375,1321.21,1285.27,,0.021102135806705193,1370.4,-0.016856392294220764
AXISBANK,Banking,2026-02-12,1347.9,1357.7,1336.2,1340.0,4152620,-0.0054182438951977385,1323.27,1286.91,,0.02028880296440055,1370.4,-0.022183304144775314
AXISBANK,Banking,2026-02-13,1341.3,1346.5,1316.1,1332.3,4624549,-0.005746268656716458,1324.9450000000002,1288.142,,0.020355577947636937,1370.4,-0.027802101576182233
AXISBANK,Banking,2026-02-16,1324.0,1361.9,1324.0,1358.3,5082167,0.01951512422127144,1328.15,1289.708,,0.020706675716387547,1370.4,-0.008829538820782353
AXISBANK,Banking,2026-02-17,1358.3,1360.9,1350.4,1357.2,4513065,-0.0008098358241919179,1330.635,1291.202,,0.020639286991186112,1370.4,-0.009632224168126128
AXISBANK,Banking,2026-02-18,1363.0,1378.5,1353.8,1377.0,5556076,0.01458885941644561,1334.81,1293.2659999999998,,0.020590177625242186,1377.0,0.0
AXISBANK,Banking,2026-02-19,1381.1,1382.8,1351.0,1356.6,2744704,-0.014814814814814836,1338.395,1294.88,,0.02087750873059472,1377.0,-0.014814814814814881
AXISBANK,Banking,2026-02-20,1351.0,1376.5,1351.0,1368.3,3791536,0.008624502432551973,1342.07,1296.674,,0.02088959887499573,1377.0,-0.006318082788671057
AXISBANK,Banking,2026-02-23,1380.5,1402.0,1380.2,1386.7,6160153,0.013447343418840907,1348.5049999999999,1298.9540000000002,,0.01963849573581915,1386.7,0.0
AXISBANK,Banking,2026-02-24,1398.0,1398.0,1383.5,1387.6,7888492,0.0006490228600273262,1352.095,1300.9840000000002,,0.017127022406711597,1387.6,0.0
AXISBANK,Banking,2026-02-25,1394.0,1404.3,1387.6,1403.0,4379373,0.01109829922167771,1356.2549999999999,1303.348,,0.017227463060506,1403.0,0.0
AXISBANK,Banking,2026-02-26,1403.0,1405.7,1386.0,1395.5,8979547,-0.005345687811831756,1357.845,1306.866,,0.015784517781377752,1403.0,-0.005345687811831789
AXISBANK,Banking,2026-02-27,1387.0,1395.5,1381.0,1383.9,5840317,-0.008312432819777782,1358.52,1310.05,,0.01590056936814135,1403.0,-0.013613684960798225
AXISBANK,Banking,2026-03-02,1369.1,1384.7,1353.6,1372.3,5132511,-0.008382108533853683,1361.56,1312.9,,0.012406643126065028,1403.0,-0.021881682109764822
AXISBANK,Banking,2026-03-04,1344.5,1357.6,1327.0,1351.3,5832353,-0.015302776360854087,1361.315,1315.3139999999999,,0.010529040574935256,1403.0,-0.03684960798289383
AXISBANK,Banking,2026-03-05,1354.9,1355.8,1335.3,1349.1,6057499,-0.001628061866351005,1361.835,1317.6319999999998,,0.010102206516309739,1403.0,-0.03841767640769785
AXISBANK,Banking,2026-03-06,1347.0,1347.9,1313.5,1315.8,11629935,-0.024683122081387565,1361.0949999999998,1319.4479999999999,,0.011494962372353548,1403.0,-0.062152530292230966
AXISBANK,Banking,2026-03-09,1282.2,1291.0,1260.8,1288.3,7926265,-0.02089983280133756,1358.4299999999998,1320.688,,0.012155845044818871,1403.0,-0.08175338560228086
AXISBANK,Banking,2026-03-10,1295.2,1319.5,1284.6,1314.7,6289277,0.020492121400295105,1357.0949999999998,1322.418,,0.013152583505583975,1403.0,-0.06293656450463289
AXISBANK,Banking,2026-03-11,1310.0,1317.5,1252.7,1255.8,6859908,-0.04480109530691423,1352.05,1322.894,,0.016062695167914712,1403.0,-0.10491803278688527
AXISBANK,Banking,2026-03-12,1243.2,1251.1,1231.8,1234.5,9663320,-0.016961299569995147,1346.4099999999999,1322.664,,0.016322311483610838,1403.0,-0.12009978617248752
AXISBANK,Banking,2026-03-13,1224.0,1234.5,1194.3,1197.3,9098187,-0.030133657351154364,1339.2749999999999,1321.2219999999998,,0.017321664181451892,1403.0,-0.14661439771917323
AXISBANK,Banking,2026-03-16,1199.2,1219.9,1180.1,1214.7,8743794,0.014532698571786629,1333.395,1320.0280000000002,,0.017888900339424984,1403.0,-0.13421240199572343
AXISBANK,Banking,2026-03-17,1219.7,1232.3,1210.0,1228.1,5707317,0.011031530419033375,1326.885,1319.2520000000002,,0.017384032080442088,1403.0,-0.12466143977191739
AXISBANK,Banking,2026-03-18,1228.0,1260.0,1224.2,1253.2,6018952,0.020438075075319695,1321.685,1318.6,,0.018272461081310205,1403.0,-0.10677120456165357
AXISBANK,Banking,2026-03-19,1221.0,1241.5,1202.0,1207.0,8264698,-0.03686562400255344,1313.185,1316.864,,0.01914586130065821,1403.0,-0.1397006414825374
AXISBANK,Banking,2026-03-20,1208.6,1231.8,1199.7,1203.9,7518686,-0.0025683512841755407,1305.55,1315.0320000000002,,0.019057897265755283,1403.0,-0.14191019244476116
AXISBANK,Banking,2026-03-23,1181.0,1185.1,1165.0,1170.6,6697446,-0.027660104659855578,1295.665,1312.7079999999999,,0.019339614875988575,1403.0,-0.16564504632929444
AXISBANK,Banking,2026-03-24,1187.0,1202.8,1169.6,1192.7,8274701,0.018879207244148377,1285.965,1311.122,,0.01968568426413145,1403.0,-0.14989308624376332
AXISBANK,Banking,2026-03-25,1200.0,1239.0,1198.0,1222.1,9645791,0.024649953886140663,1277.69,1310.08,,0.020891729926312,1403.0,-0.12893799002138281
AXISBANK,Banking,2026-03-27,1209.5,1213.5,1202.0,1205.2,9479301,-0.013828655592831862,1267.8,1308.9440000000002,,0.02055116027867145,1403.0,-0.14098360655737702
AXISBANK,Banking,2026-03-30,1185.1,1188.8,1153.9,1161.3,18534887,-0.03642548954530378,1256.0900000000001,1306.194,,0.021541437826233703,1403.0,-0.17227369921596583
AXISBANK,Banking,2026-04-01,1175.0,1208.0,1175.0,1193.1,6595695,0.027383105140790454,1246.55,1304.08,,0.023022390324956697,1403.0,-0.14960798289379906
AXISBANK,Banking,2026-04-02,1174.6,1202.3,1150.3,1197.9,9501543,0.004023133014835478,1237.8300000000002,1302.154,,0.0231538042375104,1403.0,-0.1461867426942266
AXISBANK,Banking,2026-04-06,1202.1,1249.8,1196.4,1245.3,7847086,0.039569246180816364,1232.5300000000002,1300.91,,0.025216969163652323,1403.0,-0.11240199572344978
AXISBANK,Banking,2026-04-07,1237.8,1255.5,1221.0,1250.1,9248545,0.0038544928932786604,1227.58,1300.042,,0.025271252691573747,1403.0,-0.10898075552387747
AXISBANK,Banking,2026-04-08,1300.1,1335.6,1300.1,1333.0,13519723,0.06631469482441421,1228.44,1301.004,,0.02915041323672341,1403.0,-0.04989308624376337
AXISBANK,Banking,2026-04-09,1322.3,1338.6,1312.8,1318.5,6542529,-0.01087771942985749,1229.95,1301.478,,0.02883767111973954,1403.0,-0.06022808267997149
AXISBANK,Banking,2026-04-10,1328.8,1358.6,1326.1,1350.8,6755589,0.024497535077739885,1231.7549999999999,1303.334,,0.02898963421171451,1403.0,-0.037205987170349286
AXISBANK,Banking,2026-04-13,1318.0,1366.9,1315.3,1353.6,8974851,0.0020728457210541507,1236.645,1304.09,,0.02684318805751106,1403.0,-0.03521026372059878
AXISBANK,Banking,2026-04-15,1367.0,1384.5,1349.0,1355.5,6789879,0.0014036643026005269,1242.6950000000002,1304.8039999999999,,0.02639531762030753,1403.0,-0.033856022808267994
AXISBANK,Banking,2026-04-16,1362.0,1364.5,1343.0,1349.6,5232398,-0.004352637403172377,1250.31,1304.522,,0.025190494035375224,1403.0,-0.0380612972202424
AXISBANK,Banking,2026-04-17,1353.0,1364.3,1344.1,1359.1,4062181,0.007039122703023093,1257.53,1304.2959999999998,,0.02511727624369435,1403.0,-0.0312900926585888
AXISBANK,Banking,2026-04-20,1359.5,1374.0,1348.0,1354.7,4878641,-0.003237436538885974,1263.86,1305.16,,0.025167312242418017,1403.0,-0.03442622950819669
AXISBANK,Banking,2026-04-21,1361.0,1380.3,1354.7,1377.7,5145338,0.01697792869269943,1270.085,1305.59,,0.025068860411963767,1403.0,-0.018032786885245868
AXISBANK,Banking,2026-04-22,1370.0,1391.0,1366.0,1379.6,3997911,0.0013791101110545156,1278.7150000000001,1306.408,,0.023083952311897683,1403.0,-0.016678545972915248
AXISBANK,Banking,2026-04-23,1369.0,1384.2,1365.4,1369.6,5671255,-0.0072484778196578725,1287.0,1307.1879999999999,,0.02320895317446047,1403.0,-0.0238061297220243
AXISBANK,Banking,2026-04-24,1369.0,1375.0,1350.0,1365.9,3648313,-0.0027015186915886336,1296.765,1307.674,,0.02189694495389888,1403.0,-0.026443335709194517
AXISBANK,Banking,2026-04-27,1325.0,1327.3,1299.9,1324.2,10768267,-0.030529321326597914,1303.34,1307.33,,0.023340767076741827,1403.0,-0.0561653599429793
AXISBANK,Banking,2026-04-28,1312.0,1321.4,1285.5,1289.0,9939787,-0.026582087297991275,1306.685,1305.976,,0.02393208991872874,1403.0,-0.08125445473984319
AXISBANK,Banking,2026-04-29,1295.0,1309.2,1279.0,1296.4,6228275,0.005740884406516766,1311.2450000000001,1304.9579999999999,,0.023608424467355827,1403.0,-0.07598004276550242
AXISBANK,Banking,2026-04-30,1288.0,1288.0,1257.3,1268.3,16481853,-0.02167540882443697,1316.5949999999998,1303.524,,0.022485586620992027,1403.0,-0.09600855310049897
AXISBANK,Banking,2026-05-01,1268.3,1268.3,1268.3,1268.3,0,0.0,1320.355,1302.2440000000001,,0.021853468105717044,1403.0,-0.09600855310049897
AXISBANK,Banking,2026-05-04,1268.3,1294.4,1264.5,1275.1,9759479,0.0053615075297641646,1324.215,1300.58,,0.021857901201296985,1403.0,-0.09116179615110484
AXISBANK,Banking,2026-05-05,1268.0,1273.7,1252.0,1259.7,10163714,-0.012077484118892534,1324.935,1298.63,,0.02035271412391119,1403.0,-0.10213827512473268
AXISBANK,Banking,2026-05-06,1275.0,1301.0,1255.2,1294.2,7277673,0.027387473207906687,1327.1399999999999,1296.9740000000002,,0.02120303732902648,1403.0,-0.07754811119030645
AXISBANK,Banking,2026-05-07,1299.0,1308.1,1281.2,1292.7,6785048,-0.0011590171534539007,1325.125,1295.696,,0.014832928951273265,1403.0,-0.07861724875267281
AXISBANK,Banking,2026-05-08,1280.0,1282.0,1264.6,1268.3,6358595,-0.018875222402723102,1322.615,1293.6960000000001,,0.015204212348357725,1403.0,-0.09600855310049897
AXISBANK,Banking,2026-05-11,1258.7,1283.0,1251.7,1272.3,7341360,0.003153827958684907,1318.69,1291.408,,0.013957003410261489,1403.0,-0.09315751960085535
AXISBANK,Banking,2026-05-12,1270.4,1274.0,1256.9,1260.1,5727828,-0.00958893342765077,1314.0149999999999,1288.858,,0.013982064441298875,1403.0,-0.10185317177476842
AXISBANK,Banking,2026-05-13,1256.1,1275.3,1247.5,1255.7,6045406,-0.00349178636616132,1309.025,1285.912,,0.013934855776556064,1403.0,-0.1049893086243763
AXISBANK,Banking,2026-05-14,1256.6,1269.0,1235.8,1254.6,5822618,-0.0008760054153063024,1304.275,1283.094,,0.013948279015734892,1403.0,-0.1057733428367784
AXISBANK,Banking,2026-05-15,1259.6,1263.4,1242.0,1244.8,4805485,-0.007811254583134031,1298.56,1280.312,,0.01374874754801953,1403.0,-0.11275837491090523
AXISBANK,Banking,2026-05-18,1239.0,1242.0,1222.1,1237.9,6052023,-0.005543059125963867,1292.72,1277.624,,0.013749100114483551,1403.0,-0.11767640769779038
AXISBANK,Banking,2026-05-19,1238.5,1249.8,1231.3,1238.3,9200314,0.00032312787785748753,1285.75,1275.364,,0.012861357370575699,1403.0,-0.11739130434782612
AXISBANK,Banking,2026-05-20,1234.0,1254.1,1226.6,1249.8,3562641,0.009286925623839037,1279.26,1273.378,,0.013192858549725182,1403.0,-0.10919458303635071
AXISBANK,Banking,2026-05-21,1256.9,1262.7,1244.8,1253.3,5171528,0.0028004480716914415,1273.445,1272.128,,0.013287532345911941,1403.0,-0.10669992872416253
AXISBANK,Banking,2026-05-22,1254.1,1288.8,1254.1,1285.4,5016900,0.02561238330806681,1269.42,1272.07,,0.014884024836139704,1403.0,-0.08382038488952238
AXISBANK,Banking,2026-05-25,1300.4,1314.5,1293.9,1311.2,5671455,0.020071573051190228,1268.77,1271.9999999999998,,0.014231522824161777,1403.0,-0.06543121881682107
AXISBANK,Banking,2026-05-26,1309.8,1317.0,1291.5,1299.3,6455265,-0.009075655887736511,1269.285,1272.87,,0.013023316741364548,1403.0,-0.0739130434782609
AXISBANK,Banking,2026-05-27,1296.3,1314.5,1293.1,1304.1,7243174,0.0036942969291156036,1269.6699999999998,1274.262,,0.012987781449270217,1403.0,-0.07049180327868859
AXISBANK,Banking,2026-05-28,1304.1,1304.1,1304.1,1304.1,0,0.0,1271.46,1276.398,,0.011910537918700568,1403.0,-0.07049180327868859
AXISBANK,Banking,2026-05-29,1296.1,1312.6,1277.4,1286.6,15215715,-0.013419216317766991,1272.375,1277.836,,0.012366346241387502,1403.0,-0.08296507483962944
AXISBANK,Banking,2026-06-01,1289.0,1293.2,1267.0,1275.9,4311076,-0.008316493082543008,1272.415,1278.792,,0.01247786114803104,1403.0,-0.09059158945117599
AXISBANK,Banking,2026-06-02,1263.0,1275.8,1244.9,1251.1,11884695,-0.019437259973352328,1271.985,1278.75,,0.01295542774181907,1403.0,-0.10826799714896657
AXISBANK,Banking,2026-06-03,1245.1,1264.8,1230.3,1255.2,7953326,0.0032771161377989078,1270.035,1279.714,,0.011257577710572307,1403.0,-0.10534568781183176
AXISBANK,Banking,2026-06-04,1246.0,1259.9,1244.1,1253.3,6392593,-0.0015137029955386572,1268.065,1280.702,,0.011257343537069897,1403.0,-0.10669992872416253
AXISBANK,Banking,2026-06-05,1260.0,1276.0,1252.1,1272.3,7825303,0.015159977658980361,1268.2649999999999,1282.7359999999999,,0.011061174203426147,1403.0,-0.09315751960085535
AXISBANK,Banking,2026-06-08,1262.0,1279.2,1262.0,1268.1,5034388,-0.003301108229191274,1268.055,1284.244,,0.011065092076021917,1403.0,-0.09615110477548118
AXISBANK,Banking,2026-06-09,1275.9,1298.4,1271.5,1292.4,7533504,0.01916252661462048,1269.6699999999998,1285.65,,0.011622095710138553,1403.0,-0.07883107626514604
AXISBANK,Banking,2026-06-10,1283.5,1326.5,1283.5,1314.5,12262606,0.01709996904982969,1272.61,1287.836,,0.012075692224852937,1403.0,-0.0630791161796151
AXISBANK,Banking,2026-06-11,1308.8,1339.5,1307.3,1317.3,8196686,0.002130087485735954,1275.7450000000001,1290.9560000000001,,0.012051982665348265,1403.0,-0.061083392729864606
AXISBANK,Banking,2026-06-12,1332.0,1358.5,1318.5,1356.3,8535670,0.029606012297882067,1281.3200000000002,1294.2199999999998,,0.013213660953276382,1403.0,-0.033285816108339306
AXISBANK,Banking,2026-06-15,1372.0,1378.0,1360.6,1368.3,7522828,0.00884760008847607,1287.84,1297.628,,0.013035433179586338,1403.0,-0.024732715609408443
AXISBANK,Banking,2026-06-16,1363.5,1371.5,1349.2,1365.7,7709061,-0.00190016809179272,1294.21,1300.0359999999998,,0.013087692999535716,1403.0,-0.02658588738417673
AXISBANK,Banking,2026-06-17,1364.1,1365.7,1349.3,1350.9,4761917,-0.010836933440726337,1299.2649999999999,1302.052,,0.013506755934562345,1403.0,-0.037134711332858096
AXISBANK,Banking,2026-06-18,1347.6,1365.9,1345.0,1360.1,5186573,0.006810274631726898,1304.605,1302.594,,0.013518033173021868,1403.0,-0.0305773342836779
AXISBANK,Banking,2026-06-19,1356.8,1363.0,1350.5,1357.9,4640277,-0.0016175281229320326,1308.23,1303.382,1259.6135000000002,0.012585271599523617,1403.0,-0.03214540270848176
AXISBANK,Banking,2026-06-22,1361.0,1366.1,1355.2,1358.6,3153284,0.0005155018778995046,1310.6,1303.5379999999998,1261.099,0.01191647467624174,1403.0,-0.03164647184604426
AXISBANK,Banking,2026-06-23,1358.6,1371.9,1356.1,1363.5,5745853,0.0036066539084351756,1313.81,1303.7359999999999,1262.6354999999999,0.01163900950555111,1403.0,-0.028153955808980755
AXISBANK,Banking,2026-06-24,1356.0,1386.1,1356.0,1384.5,8343829,0.015401540154015292,1317.8300000000002,1304.3159999999998,1264.2845,0.011992411927204768,1403.0,-0.013186029935851747
AXISBANK,Banking,2026-06-25,1386.9,1400.1,1372.7,1377.2,7995552,-0.005272661610689733,1321.4850000000001,1304.868,1265.9185,0.01212057841243377,1403.0,-0.018389166072701323
AXISBANK,Banking,2026-06-26,1377.2,1377.2,1377.2,1377.2,0,0.0,1326.0149999999999,1305.23,1267.525,0.011532631775043491,1403.0,-0.018389166072701323
AXISBANK,Banking,2026-06-29,1392.6,1392.6,1352.2,1356.8,12602010,-0.014812663374963786,1330.06,1305.272,1269.0315,0.011965451520338798,1403.0,-0.032929436920883855
AXISBANK,Banking,2026-06-30,1357.7,1375.0,1343.6,1345.7,7781221,-0.0081810141509433,1334.79,1304.632,1270.499,0.011079200866781425,1403.0,-0.04084105488239483
AXISBANK,Banking,2026-07-01,1345.7,1377.7,1345.7,1368.7,3187785,0.0170914765549528,1340.465,1304.414,1271.992,0.011474423338562745,1403.0,-0.024447612259444015
AXISBANK,Banking,2026-07-02,1374.0,1375.5,1358.1,1362.6,4013561,-0.004456783809454357,1345.93,1304.2740000000001,1273.368,0.01157270348699677,1403.0,-0.028795438346400633
AXISBANK,Banking,2026-07-03,1373.0,1373.0,1338.4,1342.1,3500465,-0.015044767356524269,1349.42,1303.798,1274.552,0.012035966531086467,1403.0,-0.04340698503207419
AXISBANK,Banking,2026-07-06,1355.7,1371.0,1335.5,1339.6,5154081,-0.0018627524029506404,1352.995,1304.106,1275.728,0.012002204420094491,1403.0,-0.045188880969351454
AXISBANK,Banking,2026-07-07,1346.8,1356.9,1336.2,1341.0,6198988,0.0010450880859957934,1355.425,1305.146,1276.8270000000002,0.011370459179725276,1403.0,-0.044191019244476125
AXISBANK,Banking,2026-07-08,1344.0,1344.0,1304.0,1309.5,6917968,-0.023489932885906062,1355.175,1305.4080000000001,1277.7445,0.012114319094816146,1403.0,-0.06664290805416964
AXISBANK,Banking,2026-07-09,1312.9,1321.6,1292.2,1297.6,5609851,-0.009087437953417377,1354.19,1305.994,1278.5675,0.012263370143092228,1403.0,-0.07512473271560947
AXISBANK,Banking,2026-07-10,1304.0,1326.6,1303.9,1323.7,3549139,0.020114056720098805,1352.56,1307.1019999999999,1279.5065,0.011163906954171412,1403.0,-0.05652173913043475
AXISBANK,Banking,2026-07-13,1315.9,1329.9,1313.5,1319.4,3674483,-0.0032484701971745578,1350.115,1307.988,1280.3815,0.010918361117391253,1403.0,-0.05958660014255161
AXISBANK,Banking,2026-07-14,1320.1,1323.7,1298.6,1317.6,6005505,-0.0013642564802184287,1347.7099999999998,1309.146,1281.1155,0.010918660047436546,1403.0,-0.06086956521739137
AXISBANK,Banking,2026-07-15,1328.0,1348.0,1303.3,1312.3,9442403,-0.004022465088038829,1345.7800000000002,1309.5079999999998,1281.8825,0.01072425844261318,1403.0,-0.06464718460441914
AXISBANK,Banking,2026-07-16,1315.1,1315.5,1299.4,1307.6,5001226,-0.003581498133048866,1343.155,1309.806,1282.5875,0.010556275888853555,1403.0,-0.06799714896650041
AXISBANK,Banking,2026-07-17,1307.0,1333.0,1305.0,1328.5,11192836,0.01598348118690729,1341.685,1311.01,1283.46,0.011290389814029592,1403.0,-0.05310049893086244
AXISBANK,Banking,2026-07-20,1275.0,1284.0,1249.1,1256.0,25314148,-0.05457282649604822,1336.5549999999998,1310.6840000000002,1284.079,0.016438603586597184,1403.0,-0.10477548111190306
AXISBANK,Banking,2026-07-21,1245.0,1267.7,1244.5,1258.2,15014867,0.001751592356687981,1331.29,1310.646,1284.712,0.01639987334402303,1403.0,-0.10320741268709904
AXISBANK,Banking,2026-07-22,1258.2,1258.2,1230.5,1238.4,8358923,-0.01573676680972813,1323.985,1310.3,1285.1064999999999,0.01594473091028291,1403.0,-0.11732002851033493
AXISBANK,Banking,2026-07-23,1230.1,1239.4,1219.2,1223.0,8240787,-0.012435400516795925,1316.275,1309.6680000000001,1285.3165,0.016021094042746677,1403.0,-0.12829650748396293
AXISBANK,Banking,2026-07-24,1216.8,1233.9,1210.6,1227.3,8088828,0.0035159443990187,1308.7800000000002,1309.318,1285.389,0.01610709419855236,1403.0,-0.12523164647184606
AXISBANK,Banking,2026-07-27,1237.0,1237.0,1221.6,1227.5,5967502,0.000162959341644342,1302.315,1309.11,1285.5925,0.016005013010211445,1403.0,-0.12508909479686386
AXISBANK,Banking,2026-07-28,1222.5,1233.9,1219.7,1223.5,6093182,-0.0032586558044807035,1296.2050000000002,1308.8139999999999,1285.807,0.015989273140715233,1403.0,-0.12794012829650747
AXISBANK,Banking,2026-07-29,1229.5,1237.1,1214.4,1235.4,10110233,0.0097261953412342,1289.54,1308.5259999999998,1286.1470000000002,0.015541322244270465,1403.0,-0.11945830363506765
AXISBANK,Banking,2026-07-30,1229.0,1232.2,1220.2,1228.9,6878684,-0.005261453780152192,1282.855,1308.038,1286.3895,0.01554090221736857,1403.0,-0.12409123307198854
AXISBANK,Banking,2026-07-31,1226.2,1239.7,1226.0,1229.5,7487936,0.00048824151680348926,1277.225,1306.92,1286.5890000000002,0.015401759194237091,1403.0,-0.12366357804704205
AXISBANK,Banking,2026-08-03,1236.9,1272.0,1230.5,1272.0,6713421,0.03456689711264738,1273.845,1306.136,1287.065,0.017684747489331683,1403.0,-0.09337134711332858
AXISBANK,Banking,2026-08-04,1264.0,1264.0,1244.0,1261.8,5694891,-0.008018867924528328,1269.885,1305.386,1287.5259999999998,0.017706989576026472,1403.0,-0.10064148253741985
AXISBANK,Banking,2026-08-05,1260.0,1263.0,1246.2,1253.9,4295407,-0.006260897131082466,1267.105,1304.382,1287.8139999999999,0.017059218617931932,1403.0,-0.10627227369921591
AXISBANK,Banking,2026-08-06,1256.1,1259.9,1248.3,1256.0,4845792,0.0016747747029268734,1265.025,1303.42,1288.0929999999998,0.01699440085507874,1403.0,-0.10477548111190306
AXISBANK,Banking,2026-08-07,1252.1,1256.0,1238.0,1238.0,3628823,-0.014331210191082855,1260.7400000000002,1302.4479999999999,1288.1529999999998,0.016425748292011242,1403.0,-0.11760513186029936
AXISBANK,Banking,2026-08-10,1235.0,1250.0,1235.0,1247.3,3661847,0.0075121163166396165,1257.135,1301.876,1288.203,0.01659977191844763,1403.0,-0.11097647897362797
AXISBANK,Banking,2026-08-11,1242.0,1243.0,1225.4,1229.8,5843702,-0.014030305459793113,1252.745,1301.45,1288.058,0.016787758086910454,1403.0,-0.12344975053456882
AXISBANK,Banking,2026-08-12,1230.0,1234.9,1216.9,1230.0,7218881,0.0001626280696047644,1248.6299999999999,1300.9460000000001,1287.9985,0.016804437582968002,1403.0,-0.1233071988595866
AXISBANK,Banking,2026-08-13,1224.5,1224.8,1215.6,1221.8,5284300,-0.00666666666666671,1244.34,1300.3159999999998,1287.8370000000002,0.016823267493470292,1403.0,-0.12915181753385604
AXISBANK,Banking,2026-08-14,1216.0,1218.7,1208.6,1217.4,5557745,-0.0036012440661318257,1238.785,1299.218,1287.6925,0.016203293176804686,1403.0,-0.13228795438346394
AXISBANK,Banking,2026-08-17,1220.0,1235.0,1213.6,1227.3,6068014,0.008132084770823056,1237.35,1298.402,1287.585,0.011263107748533634,1403.0,-0.12523164647184606
AXISBANK,Banking,2026-08-18,1223.9,1250.5,1223.4,1243.0,5064697,0.012792308319074408,1236.59,1297.414,1287.607,0.011673096759958774,1403.0,-0.11404133998574484
AXISBANK,Banking,2026-08-19,1243.1,1245.0,1224.0,1235.0,3061937,-0.006436041834271933,1236.42,1295.824,1287.618,0.0112121212510504,1403.0,-0.11974340698503208
AXISBANK,Banking,2026-08-20,1237.5,1253.9,1236.2,1251.0,4163816,0.012955465587044523,1237.8200000000002,1294.498,1287.7045,0.01117673667430011,1403.0,-0.1083392729864576
AXISBANK,Banking,2026-08-21,1250.6,1256.4,1240.4,1245.8,3690270,-0.0041566746602718085,1238.745,1292.288,1287.8005,0.011224319210198985,1403.0,-0.11204561653599433
AXISBANK,Banking,2026-08-24,1245.8,1248.7,1231.8,1236.0,3778588,-0.007866431208861768,1239.1699999999998,1289.642,1287.838,0.011390949581389628,1403.0,-0.11903064861012116
AXISBANK,Banking,2026-08-25,1236.1,1240.5,1229.8,1235.0,3606504,-0.0008090614886731018,1239.745,1287.028,1287.8990000000001,0.011362604888623114,1403.0,-0.11974340698503208
AXISBANK,Banking,2026-08-26,1240.1,1257.7,1238.2,1255.0,3298266,0.0161943319838056,1240.725,1285.11,1288.0890000000002,0.011724456352505267,1403.0,-0.10548823948681398
AXISBANK,Banking,2026-08-27,1260.0,1268.7,1251.4,1256.0,7005789,0.0007968127490038945,1242.08,1283.028,1288.2565000000002,0.011636124017749203,1403.0,-0.10477548111190306
AXISBANK,Banking,2026-08-28,1256.0,1265.4,1248.2,1265.0,3243469,0.007165605095541316,1243.855,1281.17,1288.4735,0.011711539226500298,1403.0,-0.09836065573770492
AXISBANK,Banking,2026-08-31,1257.0,1300.0,1251.2,1300.0,6093670,0.027667984189723382,1245.2549999999999,1279.998,1288.8475,0.010747954608218566,1403.0,-0.07341411261582323
AXISBANK,Banking,2026-09-01,1274.9,1275.1,1255.0,1258.0,5587984,-0.03230769230769226,1245.065,1277.888,1288.9295000000002,0.012978533427961195,1403.0,-0.10334996436208126
HDFCBANK,Banking,2025-09-01,949.6,957.45,946.35,950.6,20178344,,,,,,950.6,0.0
HDFCBANK,Banking,2025-09-02,951.0,954.8,944.0,944.5,14196320,-0.006416999789606637,,,,,950.6,-0.006416999789606588
HDFCBANK,Banking,2025-09-03,945.0,956.3,940.0,954.45,16083481,0.010534674430915825,,,,,954.45,0.0
HDFCBANK,Banking,2025-09-04,960.2,965.7,956.25,961.25,17597657,0.007124521976006992,,,,,961.25,0.0
HDFCBANK,Banking,2025-09-05,967.5,967.5,954.05,963.4,11602111,0.0022366710013004276,,,,,963.4,0.0
HDFCBANK,Banking,2025-09-08,969.0,973.15,960.45,966.0,11711307,0.002698775171268375,,,,,966.0,0.0
HDFCBANK,Banking,2025-09-09,974.0,974.4,962.7,965.15,13985539,-0.0008799171842650555,,,,,966.0,-0.0008799171842650339
HDFCBANK,Banking,2025-09-10,973.9,973.9,961.7,965.9,18091100,0.0007770812827021523,,,,,966.0,-0.00010351966873708358
HDFCBANK,Banking,2025-09-11,960.3,969.25,959.9,967.8,15113633,0.001967077337198475,,,,,967.8,0.0
HDFCBANK,Banking,2025-09-12,969.9,970.75,962.25,967.3,14363519,-0.000516635668526555,,,,,967.8,-0.0005166356685265551
HDFCBANK,Banking,2025-09-15,969.6,972.35,965.0,967.05,14486377,-0.000258451359454126,,,,,967.8,-0.0007749535027898327
HDFCBANK,Banking,2025-09-16,961.2,969.35,961.2,966.85,18661794,-0.00020681453906201686,,,,,967.8,-0.0009816077702003842
HDFCBANK,Banking,2025-09-17,965.15,974.4,964.35,966.5,17361476,-0.00036200031028599255,,,,,967.8,-0.0013432527381689963
HDFCBANK,Banking,2025-09-18,973.3,979.65,969.25,976.9,17791598,0.010760475944128212,,,,,976.9,0.0
HDFCBANK,Banking,2025-09-19,974.9,976.7,962.1,966.9,31243267,-0.010236462278636504,,,,,976.9,-0.010236462278636503
HDFCBANK,Banking,2025-09-22,964.0,971.2,961.95,964.2,10854415,-0.002792429413589703,,,,,976.9,-0.013000307093868289
HDFCBANK,Banking,2025-09-23,967.0,968.2,955.5,957.2,21022298,-0.0072599045841111876,,,,,976.9,-0.020165830688913842
HDFCBANK,Banking,2025-09-24,952.2,956.45,943.0,951.05,15117220,-0.006424989552862637,,,,,976.9,-0.026461254990275386
HDFCBANK,Banking,2025-09-25,952.5,958.0,947.4,949.85,31413279,-0.0012617633142315565,,,,,976.9,-0.027689630463711694
HDFCBANK,Banking,2025-09-26,945.1,951.45,941.3,945.05,14874656,-0.0050534294888667786,960.8950000000001,,,,976.9,-0.032603132357457286
HDFCBANK,Banking,2025-09-29,946.05,956.8,939.1,950.3,32398179,0.00555526162636899,960.8800000000001,,,0.005625621204064625,976.9,-0.027228989661173122
HDFCBANK,Banking,2025-09-30,958.05,960.0,946.3,951.0,28296687,0.0007366094917395927,961.2050000000002,,,0.005419854247138792,976.9,-0.02651243730166852
HDFCBANK,Banking,2025-10-01,952.7,969.6,946.0,965.25,25350832,0.014984227129337446,961.7450000000001,,,0.005927203591020072,976.9,-0.011925478554611504
HDFCBANK,Banking,2025-10-03,952.0,966.75,952.0,965.15,26658296,-0.00010360010360010996,961.9399999999999,,,0.005723996652501159,976.9,-0.012027843177397891
HDFCBANK,Banking,2025-10-06,971.9,977.4,962.0,973.45,18542683,0.00859969952857087,962.4424999999999,,,0.006011708763494599,976.9,-0.0035315794861295238
HDFCBANK,Banking,2025-10-07,974.0,989.85,971.0,982.5,25535736,0.009296830859314653,963.2674999999999,,,0.006310259786880861,982.5,0.0
HDFCBANK,Banking,2025-10-08,976.0,985.9,974.55,978.7,15939710,-0.0038676844783714914,963.945,,,0.006388648056467875,982.5,-0.003867684478371455
HDFCBANK,Banking,2025-10-09,974.5,979.0,970.15,977.1,15370950,-0.001634821702258149,964.5049999999999,,,0.006410175229100066,982.5,-0.005496183206106847
HDFCBANK,Banking,2025-10-10,979.0,986.2,978.1,980.9,13757080,0.003889059461672284,965.1600000000001,,,0.006446116905288664,982.5,-0.001628498727735392
HDFCBANK,Banking,2025-10-13,974.3,981.0,972.0,977.0,18634254,-0.003975940462840222,965.6450000000001,,,0.006526172681818548,982.5,-0.0055979643765903305
HDFCBANK,Banking,2025-10-14,970.0,980.45,967.0,977.15,22934382,0.00015353121801431335,966.15,,,0.006524238848039735,982.5,-0.005445292620865163
HDFCBANK,Banking,2025-10-15,975.0,984.9,973.35,978.25,23310447,0.0011257227651844115,966.72,,,0.006523017009145159,982.5,-0.004325699745547073
HDFCBANK,Banking,2025-10-16,982.65,996.6,981.5,994.35,22936566,0.016457960644007175,968.1125,,,0.007414896913750645,994.35,0.0
HDFCBANK,Banking,2025-10-17,993.95,1009.0,986.0,1002.55,25210511,0.008246593251872936,969.3949999999999,,,0.00726858048266946,1002.55,0.0
HDFCBANK,Banking,2025-10-20,997.0,1020.0,997.0,1002.95,22195202,0.00039898259438442274,971.1975,,,0.006748945881419518,1002.95,0.0
HDFCBANK,Banking,2025-10-21,1006.0,1010.0,1004.0,1007.7,3471600,0.004736028715289997,973.3725000000001,,,0.006685835895946526,1007.7,0.0
HDFCBANK,Banking,2025-10-23,1016.0,1020.5,1006.0,1008.8,43526526,0.0010915947206509014,975.9525,,,0.006312307484275051,1008.8,0.0
HDFCBANK,Banking,2025-10-24,1011.0,1011.95,991.3,994.75,17707768,-0.013927438540840553,978.1375,,,0.0070586392691064015,1008.8,-0.013927438540840558
HDFCBANK,Banking,2025-10-27,996.5,1009.05,996.2,1002.95,15700796,0.008243277205328026,980.7925000000001,,,0.007127809512090534,1008.8,-0.0057989690721648585
HDFCBANK,Banking,2025-10-28,997.65,1008.0,995.0,1003.55,33904289,0.0005982352061417728,983.7175,,,0.006910990789387276,1008.8,-0.005204203013481365
HDFCBANK,Banking,2025-10-29,1004.9,1012.5,1000.0,1007.85,17769445,0.004284788999053379,986.5949999999999,,,0.006892373545942207,1008.8,-0.0009417129262489412
HDFCBANK,Banking,2025-10-30,1000.0,1009.5,997.1,998.15,19962917,-0.009624448082552028,988.9525,,,0.007436705635946059,1008.8,-0.010557097541633602
HDFCBANK,Banking,2025-10-31,994.0,1004.45,981.15,987.3,23221330,-0.010870109702950437,990.055,,,0.007389938095538372,1008.8,-0.021312450436161777
HDFCBANK,Banking,2025-11-03,985.0,994.55,983.3,992.65,16607180,0.005418819001316688,991.4300000000001,,,0.007443378030464965,1008.8,-0.016009119746233126
HDFCBANK,Banking,2025-11-04,987.0,997.0,983.7,985.25,20024544,-0.007454792726540038,992.0200000000001,,,0.007495214541964692,1008.8,-0.023344567803330645
HDFCBANK,Banking,2025-11-06,981.0,991.05,974.0,984.65,22279516,-0.0006089824917533404,992.1274999999999,,,0.007214341572475664,1008.8,-0.023939333862014252
HDFCBANK,Banking,2025-11-07,980.0,984.9,974.75,982.3,15004568,-0.0023866348448687846,992.3075000000001,,,0.007178616464308165,1008.8,-0.02626883425852498
HDFCBANK,Banking,2025-11-10,982.3,990.95,980.2,984.5,15988262,0.002239641657334923,992.6775000000001,,,0.0071785447981902615,1008.8,-0.024088025376685127
HDFCBANK,Banking,2025-11-11,983.5,993.5,978.0,991.7,10200530,0.007313357034027579,993.2175,,,0.007305805162990783,1008.8,-0.01695083267248207
HDFCBANK,Banking,2025-11-12,998.8,999.0,987.7,989.5,13137263,-0.002218412826459626,993.8425,975.922,,0.00725862695750997,1008.8,-0.019131641554321923
HDFCBANK,Banking,2025-11-13,984.0,990.1,982.6,986.65,14124839,-0.0028802425467407966,994.3174999999999,976.643,,0.007301361200858058,1008.8,-0.02195678033306897
HDFCBANK,Banking,2025-11-14,976.05,991.65,976.05,989.6,21386965,0.00298991537019222,994.8849999999999,977.545,,0.00732151742693812,1008.8,-0.019032513877874635
HDFCBANK,Banking,2025-11-17,991.25,997.95,985.6,996.55,18396408,0.007023039611964377,994.9950000000001,978.387,,0.006504503619213902,1008.8,-0.01214314036478985
HDFCBANK,Banking,2025-11-18,997.65,999.0,990.0,992.45,20002640,-0.004114193969193658,994.49,979.011,,0.0062759933300347666,1008.8,-0.016207375099127588
HDFCBANK,Banking,2025-11-19,990.0,996.55,984.0,994.6,19813847,0.0021663559877072025,994.0725,979.635,,0.006301521305846911,1008.8,-0.014076130055511431
HDFCBANK,Banking,2025-11-20,995.3,1011.6,992.45,1008.85,19850865,0.014327367786044709,994.1299999999999,980.4920000000001,,0.007035145371468261,1008.85,0.0
HDFCBANK,Banking,2025-11-21,1003.1,1008.3,996.55,998.05,17499897,-0.01070525846260606,993.5925,981.15,,0.007429406240024736,1008.85,-0.010705258462606004
HDFCBANK,Banking,2025-11-24,1000.0,1011.45,993.6,999.15,32204053,0.0011021491909222192,993.8125,981.815,,0.006727715414983944,1008.85,-0.00961490806363686
HDFCBANK,Banking,2025-11-25,1004.0,1006.1,988.4,989.8,24989383,-0.009357954261121959,993.155,982.255,,0.006777036578623243,1008.85,-0.018882886454874428
HDFCBANK,Banking,2025-11-26,981.3,1006.95,981.3,1003.9,19494356,0.01424530208122854,993.1725,982.987,,0.007550897297266555,1008.85,-0.0049065767953611
HDFCBANK,Banking,2025-11-27,1002.1,1016.8,1001.0,1009.5,25536848,0.005578244845104052,993.2550000000001,983.8359999999999,,0.00759453965072031,1009.5,0.0
HDFCBANK,Banking,2025-11-28,1007.0,1012.05,1004.2,1007.6,15988807,-0.0018821198613174772,993.7275,984.6510000000001,,0.007262334456505433,1009.5,-0.0018821198613174614
HDFCBANK,Banking,2025-12-01,1017.5,1017.5,999.3,1002.1,16746566,-0.00545851528384278,994.4675000000001,985.363,,0.00690876292051417,1009.5,-0.0073303615651312305
HDFCBANK,Banking,2025-12-02,988.0,994.4,985.0,989.8,27316662,-0.012274224129328437,994.325,985.6209999999999,,0.007397246492510721,1009.5,-0.019514611193660273
HDFCBANK,Banking,2025-12-03,986.0,1002.3,986.0,1000.5,15448777,0.010810264699939509,995.0875,986.2929999999999,,0.007569246296409802,1009.5,-0.008915304606240713
HDFCBANK,Banking,2025-12-04,1000.0,1004.7,993.0,997.2,14528169,-0.003298350824587626,995.7150000000001,986.953,,0.007619232820432815,1009.5,-0.01218424962852893
HDFCBANK,Banking,2025-12-05,992.0,1008.0,990.2,1003.3,12843366,0.0061171279582830085,996.765,987.875,,0.0076772639392354725,1009.5,-0.006141654284299203
HDFCBANK,Banking,2025-12-08,1000.0,1006.5,997.5,1003.1,12901022,-0.00019934217083616979,997.6949999999999,988.916,,0.007677348383300931,1009.5,-0.006339772164437818
HDFCBANK,Banking,2025-12-09,994.9,1002.8,994.0,997.1,15294322,-0.005981457481806451,997.9650000000001,989.8610000000001,,0.0076742403096493805,1009.5,-0.012283308568598293
HDFCBANK,Banking,2025-12-10,997.5,998.5,985.3,989.8,15322830,-0.007321231571557618,997.9800000000001,990.7559999999999,,0.007845276465993834,1009.5,-0.019514611193660273
HDFCBANK,Banking,2025-12-11,990.0,1002.7,988.5,1000.3,11844809,0.010608203677510586,998.6625,991.7560000000001,,0.00815431404568766,1009.5,-0.009113422486379441
HDFCBANK,Banking,2025-12-12,1003.0,1004.7,998.2,1001.5,11988618,0.0011996401079676922,999.2575,992.7660000000001,,0.008137880172379451,1009.5,-0.0079247152055473
HDFCBANK,Banking,2025-12-15,992.0,1001.8,992.0,996.1,9790060,-0.0053919121318022345,999.2349999999999,993.383,,0.008097901405468092,1009.5,-0.013273897969291706
HDFCBANK,Banking,2025-12-16,990.1,998.7,990.1,994.3,20049088,-0.0018070474851923368,999.3275000000001,993.966,,0.008052386292116041,1009.5,-0.015056958890539917
HDFCBANK,Banking,2025-12-17,996.0,996.0,980.8,984.0,19080922,-0.010359046565422858,998.7974999999999,994.177,,0.008366137520234948,1009.5,-0.02526002971768202
HDFCBANK,Banking,2025-12-18,973.3,987.4,973.3,979.7,14912404,-0.004369918699186903,997.3399999999999,994.1209999999999,,0.007634440131854158,1009.5,-0.02951956414066365
HDFCBANK,Banking,2025-12-19,987.0,988.0,978.7,985.5,25952384,0.00592017964683067,996.7125,994.257,,0.007475662685093932,1009.5,-0.0237741456166419
HDFCBANK,Banking,2025-12-22,988.0,992.9,983.9,987.7,13540411,0.002232369355657182,996.14,994.469,,0.007493505317897547,1009.5,-0.02159484893511635
HDFCBANK,Banking,2025-12-23,990.5,998.9,987.7,996.6,17927849,0.009010833248962236,996.4800000000001,994.783,,0.007482751799700994,1009.5,-0.012778603268945
HDFCBANK,Banking,2025-12-24,993.0,999.4,993.0,997.2,13699996,0.0006020469596628164,996.1449999999999,995.187,,0.006735741983203362,1009.5,-0.01218424962852893
HDFCBANK,Banking,2025-12-26,996.0,997.2,987.7,992.1,9360853,-0.005114320096269553,995.275,995.4859999999999,,0.0066675135125942525,1009.5,-0.017236255572065356
HDFCBANK,Banking,2025-12-29,993.1,997.4,987.2,991.7,13545749,-0.000403185162786035,994.4800000000001,995.755,,0.006663639025282046,1009.5,-0.0176324913323427
HDFCBANK,Banking,2025-12-30,990.2,995.0,982.2,990.9,33155849,-0.0008066955732580761,993.9199999999998,995.686,,0.006572074281750071,1009.5,-0.018424962852897495
HDFCBANK,Banking,2025-12-31,991.0,997.6,987.6,991.2,10963454,0.0003027550711474092,993.99,995.459,,0.005963895893256708,1009.5,-0.018127786032689407
HDFCBANK,Banking,2026-01-01,993.5,997.55,989.5,991.15,7132074,-5.044390637620744e-05,993.5225,995.2230000000001,,0.005404372586247767,1009.5,-0.018177315502724143
HDFCBANK,Banking,2026-01-02,991.15,1003.2,988.8,1001.6,11751459,0.010543308278262664,993.7425,995.1010000000001,,0.0058859768294515806,1009.5,-0.007825656265477937
HDFCBANK,Banking,2026-01-05,1005.75,1006.4,976.3,977.5,27647379,-0.024061501597444135,992.4525,994.475,,0.007842290808977253,1009.5,-0.0316988608221892
HDFCBANK,Banking,2026-01-06,962.7,966.7,956.0,962.2,31988783,-0.01565217391304341,990.4075,993.824,,0.008467329873332858,1009.5,-0.04685487865279837
HDFCBANK,Banking,2026-01-07,956.0,956.45,946.0,949.05,52884712,-0.013666597381001955,988.0049999999999,992.7460000000001,,0.00882231291125074,1009.5,-0.059881129271916834
HDFCBANK,Banking,2026-01-08,944.7,953.0,941.4,946.7,21928849,-0.0024761603708971514,985.85,991.6089999999999,,0.008747113060733232,1009.5,-0.06220901436354626
HDFCBANK,Banking,2026-01-09,945.0,950.6,933.3,939.0,38183839,-0.008133516425477993,982.7850000000001,990.232,,0.008296510340733088,1009.5,-0.06983655274888559
HDFCBANK,Banking,2026-01-12,937.5,942.0,929.6,936.95,21071666,-0.002183173588924392,979.5575000000001,989.008,,0.008238000022031153,1009.5,-0.07186726102030704
HDFCBANK,Banking,2026-01-13,947.7,947.7,932.6,937.35,32042827,0.00042691712471309984,976.6200000000001,988.0089999999999,,0.008262693901165297,1009.5,-0.0714710252600297
HDFCBANK,Banking,2026-01-14,930.0,940.05,920.2,925.45,36688248,-0.01269536459166798,973.1775,986.665,,0.008534049092973194,1009.5,-0.08325903912828128
HDFCBANK,Banking,2026-01-15,925.45,925.45,925.45,925.45,0,0.0,970.2500000000002,985.469,,0.008412318925463642,1009.5,-0.08325903912828128
HDFCBANK,Banking,2026-01-16,922.0,935.95,919.2,931.1,37780235,0.006105138040952918,967.82,984.398,,0.008647231213534418,1009.5,-0.07766220901436352
HDFCBANK,Banking,2026-01-19,935.9,936.15,919.5,927.9,38191942,-0.0034367951884868297,964.9400000000002,983.31,,0.00841747829240937,1009.5,-0.08083209509658248
HDFCBANK,Banking,2026-01-20,929.3,934.5,919.6,931.2,36022727,0.003556417717426541,962.115,982.2439999999999,,0.00846564011987929,1009.5,-0.07756315007429417
HDFCBANK,Banking,2026-01-21,925.0,932.15,915.5,920.35,32766854,-0.011651632302405512,958.3025,980.817,,0.00819106263318995,1009.5,-0.08831104507181771
HDFCBANK,Banking,2026-01-22,928.0,928.3,913.2,918.7,44444755,-0.001792796218829773,954.3775000000002,979.4010000000001,,0.00813850939057753,1009.5,-0.08994551758296182
HDFCBANK,Banking,2026-01-23,920.0,926.1,909.25,916.1,30985247,-0.0028300859910743714,950.5775,977.99,,0.008138955231382082,1009.5,-0.09252105002476471
HDFCBANK,Banking,2026-01-27,906.0,931.2,905.0,926.4,44753093,0.011243314048684505,947.3125,976.7260000000001,,0.008795854713643041,1009.5,-0.08231797919762261
HDFCBANK,Banking,2026-01-28,932.5,941.45,928.4,932.7,35347138,0.00680051813471505,944.4024999999999,975.449,,0.009072347724771163,1009.5,-0.07607726597325404
HDFCBANK,Banking,2026-01-29,930.1,939.3,924.35,935.5,37175628,0.0030020370966012955,941.6175,974.31,,0.009143592390708846,1009.5,-0.07330361565131253
HDFCBANK,Banking,2026-01-30,930.0,938.9,927.75,929.25,29691233,-0.00668091929449488,938.5224999999998,973.003,,0.009157027950576518,1009.5,-0.07949479940564635
HDFCBANK,Banking,2026-02-02,915.0,929.8,909.3,928.1,28032106,-0.0012375571697604837,934.8475000000001,971.3879999999999,,0.008589150011859769,1009.5,-0.08063397721644376
HDFCBANK,Banking,2026-02-03,983.75,994.0,945.0,948.7,50336968,0.022195884064217353,933.4075,970.4010000000001,,0.009052549599000937,1009.5,-0.06022783556215944
HDFCBANK,Banking,2026-02-04,952.5,957.2,947.95,953.1,24366770,0.004637925582375857,932.9525,969.48,,0.008497731279540165,1009.5,-0.055869242199108445
HDFCBANK,Banking,2026-02-05,956.0,956.05,946.7,949.7,28103169,-0.0035673066834539524,932.985,968.6779999999999,,0.007953057327659394,1009.5,-0.05923724616146603
HDFCBANK,Banking,2026-02-06,945.0,948.1,937.6,941.1,18120272,-0.009055491207749844,932.7049999999999,967.4220000000001,,0.008196024366472201,1009.5,-0.0677563150074294
HDFCBANK,Banking,2026-02-09,945.0,950.0,935.35,937.25,23947829,-0.004090957390287975,932.6175,965.9770000000001,,0.008040120965725208,1009.5,-0.07157008420009905
HDFCBANK,Banking,2026-02-10,930.0,940.9,929.95,932.4,31525385,-0.005174713256868468,932.39,964.4729999999998,,0.008109176689788297,1009.5,-0.07637444279346213
HDFCBANK,Banking,2026-02-11,931.25,936.0,925.3,927.1,24869804,-0.005684255684255679,931.8774999999999,962.9730000000001,,0.00819846869331375,1009.5,-0.08162456661713717
HDFCBANK,Banking,2026-02-12,927.0,928.6,918.5,920.6,33872203,-0.007011109912630764,931.635,961.589,,0.007845004142844518,1009.5,-0.08806339772164436
HDFCBANK,Banking,2026-02-13,913.0,928.2,901.0,903.9,50188359,-0.018140343254399394,930.5574999999999,959.6570000000002,,0.008806338306057196,1009.5,-0.10460624071322439
HDFCBANK,Banking,2026-02-16,903.9,929.5,902.1,925.8,18806989,0.02422834384334549,930.2924999999999,958.2289999999999,,0.010382530054553403,1009.5,-0.08291233283803867
HDFCBANK,Banking,2026-02-17,923.0,928.1,918.6,925.7,22599629,-0.00010801468999777075,930.1824999999999,956.6770000000001,,0.010355138014427674,1009.5,-0.08301139177810793
HDFCBANK,Banking,2026-02-18,923.2,925.5,919.55,924.7,12738702,-0.001080263584314567,929.8575000000001,955.1089999999999,,0.010321571105042683,1009.5,-0.08400198117880134
HDFCBANK,Banking,2026-02-19,929.0,929.2,912.45,915.6,21209234,-0.009841029523088629,929.6200000000001,953.4789999999999,,0.010224246412400202,1009.5,-0.09301634472511142
HDFCBANK,Banking,2026-02-20,911.0,917.85,908.4,911.85,22654907,-0.004095674967234619,929.2774999999999,951.92,,0.010255935836652517,1009.5,-0.09673105497771171
HDFCBANK,Banking,2026-02-23,916.5,925.65,915.25,923.6,23270122,0.01288589131984419,929.6524999999999,950.3860000000001,,0.010648416206961001,1009.5,-0.08509162951956412
HDFCBANK,Banking,2026-02-24,927.95,927.95,909.15,910.5,31313985,-0.014183629276743215,928.8574999999998,948.566,,0.010810041497491667,1009.5,-0.09806835066864784
HDFCBANK,Banking,2026-02-25,910.55,916.0,903.1,907.6,27884303,-0.003185063152114198,927.6025000000002,946.796,,0.01066972507043361,1009.5,-0.10094105993065872
HDFCBANK,Banking,2026-02-26,912.0,912.0,895.0,898.6,41165937,-0.009916262670780052,925.7575,944.882,,0.010785383297587381,1009.5,-0.10985636453689944
HDFCBANK,Banking,2026-02-27,898.6,898.95,885.0,887.75,34620755,-0.01207433785889167,923.6825000000001,942.957,,0.010975511376738545,1009.5,-0.12060425953442298
HDFCBANK,Banking,2026-03-02,876.2,887.75,871.55,879.4,38378924,-0.00940580118276546,921.2475000000001,940.951,,0.011088233837958034,1009.5,-0.128875681030213
HDFCBANK,Banking,2026-03-04,848.0,879.3,848.0,868.65,39862322,-0.012224243802592683,917.2449999999999,938.614,,0.00960342456412531,1009.5,-0.1395245170876672
HDFCBANK,Banking,2026-03-05,873.85,881.4,863.5,877.75,31324582,0.010476026017383289,913.4775,936.415,,0.009972762851072705,1009.5,-0.13051015354135712
HDFCBANK,Banking,2026-03-06,868.05,871.7,855.1,857.05,34439647,-0.023583024779265216,908.845,933.6239999999999,,0.010883211915653983,1009.5,-0.1510153541357108
HDFCBANK,Banking,2026-03-09,825.0,842.45,821.5,840.7,35592613,-0.019077066682223753,903.825,930.4940000000001,,0.011299441642128333,1009.5,-0.167211490837048
HDFCBANK,Banking,2026-03-10,850.05,856.8,840.6,849.45,52866024,0.010407993338884314,899.4350000000001,927.6410000000001,,0.011850609586265201,1009.5,-0.15854383358098065
HDFCBANK,Banking,2026-03-11,845.0,848.85,827.6,833.95,42261076,-0.018247101065395288,894.5125,924.4859999999999,,0.012224680615950605,1009.5,-0.17389796929172854
HDFCBANK,Banking,2026-03-12,820.1,836.4,820.1,832.75,46107561,-0.0014389351879610102,889.7950000000001,921.3229999999999,,0.012257995874304406,1009.5,-0.17508667657256066
HDFCBANK,Banking,2026-03-13,820.0,823.8,812.0,817.0,41700464,-0.018913239267487225,884.615,917.8389999999999,,0.012629705977638609,1009.5,-0.1906884596334819
HDFCBANK,Banking,2026-03-16,817.0,844.5,815.65,840.6,52182605,0.02888616891064877,881.45,914.828,,0.014469713844594088,1009.5,-0.16731054977711737
HDFCBANK,Banking,2026-03-17,847.7,848.9,835.1,845.35,38826979,0.005650725672138979,877.4275,911.703,,0.01312849282420413,1009.5,-0.16260525012382365
HDFCBANK,Banking,2026-03-18,845.35,846.8,831.6,843.05,23507063,-0.0027207665464009656,873.2950000000001,909.0139999999999,,0.013095937028511825,1009.5,-0.16488360574541858
HDFCBANK,Banking,2026-03-19,770.0,815.65,770.0,798.2,171637393,-0.053199691595990695,866.97,905.734,,0.016973597506872745,1009.5,-0.20931154036651803
HDFCBANK,Banking,2026-03-20,785.0,793.75,778.2,780.45,103129469,-0.022237534452518193,860.2125,902.362,,0.01729872989777209,1009.5,-0.2268945022288261
HDFCBANK,Banking,2026-03-23,763.15,768.7,741.05,744.15,72341738,-0.04651162790697683,851.8275,898.311,,0.019303337598614752,1009.5,-0.26285289747399704
HDFCBANK,Banking,2026-03-24,755.0,772.75,747.7,764.9,61269986,0.027884163139151985,843.8924999999999,894.8290000000001,,0.02049117128764929,1009.5,-0.24229816740960874
HDFCBANK,Banking,2026-03-25,768.2,794.8,768.2,782.3,59230640,0.02274807164335213,837.4824999999998,891.7359999999999,,0.021648010445531357,1009.5,-0.22506191183754337
HDFCBANK,Banking,2026-03-27,773.2,774.9,754.55,756.2,65485199,-0.0333631599130767,829.9125,888.113,,0.022382857293150534,1009.5,-0.25091629519564135
HDFCBANK,Banking,2026-03-30,745.2,751.0,726.65,731.55,103500135,-0.03259719650886017,821.5600000000001,884.235,,0.023005998347738237,1009.5,-0.27533432392273405
HDFCBANK,Banking,2026-04-01,743.0,755.9,739.1,742.25,78862761,0.014626478026108947,814.2850000000001,880.5709999999999,,0.023643771194179337,1009.5,-0.2647350173353145
HDFCBANK,Banking,2026-04-02,730.0,755.0,726.65,750.9,49310300,0.011653755473223226,807.8599999999999,876.967,,0.024073012800001414,1009.5,-0.2561664190193165
HDFCBANK,Banking,2026-04-06,759.0,772.75,745.0,771.0,42976659,0.026767878545745027,802.9775,873.829,,0.025229035172937037,1009.5,-0.2362555720653789
HDFCBANK,Banking,2026-04-07,766.0,774.0,761.0,772.0,51309793,0.0012970168612191912,797.6899999999999,870.645,,0.02500292007764309,1009.5,-0.23526498266468548
HDFCBANK,Banking,2026-04-08,800.0,817.8,796.0,816.1,70269512,0.05712435233160629,795.6425,868.56,,0.02832470298319101,1009.5,-0.19157999009410598
HDFCBANK,Banking,2026-04-09,815.0,819.0,793.1,797.7,48879392,-0.022546256586202684,793.4925000000001,866.14,,0.028444748708607904,1009.5,-0.20980683506686473
HDFCBANK,Banking,2026-04-10,804.0,812.25,801.0,810.3,38156026,0.01579541180895072,791.5350000000001,864.0239999999999,,0.02859590114237647,1009.5,-0.19732540861812783
HDFCBANK,Banking,2026-04-13,791.5,798.5,787.35,794.7,47549328,-0.01925212884116978,789.5725,861.39,,0.028626881933680088,1009.5,-0.212778603268945
HDFCBANK,Banking,2026-04-15,804.95,814.8,804.0,809.9,39769515,0.019126714483452822,788.4300000000001,858.9340000000001,,0.02901547465426929,1009.5,-0.19772164437840517
HDFCBANK,Banking,2026-04-16,818.0,820.05,792.2,795.45,62861293,-0.01784170885294467,787.3525,856.133,,0.028981605550116713,1009.5,-0.21203566121842493
HDFCBANK,Banking,2026-04-17,790.1,803.95,788.2,799.9,37282544,0.005594317681815175,785.3175,853.546,,0.02817699543315927,1009.5,-0.2076275383853393
HDFCBANK,Banking,2026-04-20,797.1,809.95,790.0,795.45,52148044,-0.005563195399424847,782.8225,850.893,,0.028126171932872798,1009.5,-0.21203566121842493
HDFCBANK,Banking,2026-04-21,795.2,814.9,795.2,811.75,49135752,0.02049154566597511,781.2574999999999,848.154,,0.028598522479798768,1009.5,-0.19588905398712234
HDFCBANK,Banking,2026-04-22,810.0,813.05,798.0,799.9,23876412,-0.014598090545118625,781.3425,845.09,,0.026121016688487625,1009.5,-0.2076275383853393
HDFCBANK,Banking,2026-04-23,792.0,796.65,782.5,784.35,37677616,-0.019439929991248883,781.5375,841.783,,0.026000454194393768,1009.5,-0.22303120356612183
HDFCBANK,Banking,2026-04-24,777.3,787.6,777.0,784.85,27720358,0.0006374705169884809,783.5725,838.6579999999999,,0.0235267358116106,1009.5,-0.22253590886577512
HDFCBANK,Banking,2026-04-27,787.5,793.0,785.0,789.8,18115375,0.006306937631394449,784.8174999999999,835.709,,0.022805742239161066,1009.5,-0.21763249133234278
HDFCBANK,Banking,2026-04-28,785.0,794.5,778.3,782.55,35366803,-0.00917953912382885,784.83,832.7120000000001,,0.022379251621231645,1009.5,-0.22481426448737002
HDFCBANK,Banking,2026-04-29,785.5,790.0,777.35,779.0,25799963,-0.004536451344961945,785.97,829.75,,0.02098519095954038,1009.5,-0.2283308568598316
HDFCBANK,Banking,2026-04-30,770.0,778.8,762.25,771.7,47998755,-0.00937098844672657,787.9775,826.7719999999999,,0.019583546845632602,1009.5,-0.23556215948489348
HDFCBANK,Banking,2026-05-01,771.7,771.7,771.7,771.7,0,0.0,789.45,824.1279999999999,,0.019392983125250632,1009.5,-0.23556215948489348
HDFCBANK,Banking,2026-05-04,772.6,786.6,772.6,779.4,29028060,0.009977970714007967,790.875,821.2,,0.019353218336364043,1009.5,-0.22793462109955426
HDFCBANK,Banking,2026-05-05,774.4,776.9,763.7,772.3,38887657,-0.009109571465229727,790.94,818.132,,0.018588123569586015,1009.5,-0.23496780584447752
HDFCBANK,Banking,2026-05-06,775.15,798.95,773.5,796.55,35530831,0.031399715136605,792.1675,815.569,,0.019853420172947642,1009.5,-0.21094601287766226
HDFCBANK,Banking,2026-05-07,794.0,801.55,788.55,796.05,46137553,-0.0006277069863787066,791.165,813.178,,0.01497660080452026,1009.5,-0.21144130757800897
HDFCBANK,Banking,2026-05-08,784.0,788.75,777.2,780.85,38016841,-0.019094277997613096,790.3225,810.558,,0.01473481923570516,1009.5,-0.22649826646854876
HDFCBANK,Banking,2026-05-11,771.95,774.85,761.9,763.65,41123422,-0.02202727796631876,787.99,807.3589999999999,,0.01489688382017604,1009.5,-0.2435364041604755
HDFCBANK,Banking,2026-05-12,756.6,759.7,747.8,750.45,43937132,-0.01728540561775671,785.7774999999999,804.1579999999999,,0.01478905070428184,1009.5,-0.2566121842496285
HDFCBANK,Banking,2026-05-13,752.0,759.95,747.35,749.6,28960919,-0.0011326537410887294,782.7625,800.998,,0.013876949659052491,1009.5,-0.2574541852402179
HDFCBANK,Banking,2026-05-14,751.0,778.3,747.0,769.55,50992358,0.026614194236926236,781.4675,798.4169999999999,,0.015017865942844094,1009.5,-0.2376919266963844
HDFCBANK,Banking,2026-05-15,773.0,781.9,765.4,767.5,24347873,-0.00266389448378912,779.8475,796.012,,0.014924417220822741,1009.5,-0.23972263496780585
HDFCBANK,Banking,2026-05-18,759.0,774.1,751.35,768.65,29812079,0.001498371335504789,778.5074999999999,793.797,,0.014918217755012503,1009.5,-0.23858345715700843
HDFCBANK,Banking,2026-05-19,766.7,770.8,760.25,762.45,40307830,-0.00806608989787283,776.0425,791.6729999999999,,0.014032124019362335,1009.5,-0.24472511144130754
HDFCBANK,Banking,2026-05-20,759.6,762.25,755.15,759.5,24013451,-0.00386910617089653,774.0225,789.3079999999999,,0.013769420190944204,1009.5,-0.24764735017335315
HDFCBANK,Banking,2026-05-21,767.0,768.25,755.15,759.15,34664725,-0.0004608294930875667,772.7625,787.35,,0.013181861743182404,1009.5,-0.24799405646359587
HDFCBANK,Banking,2026-05-22,759.15,775.0,759.15,766.8,25604071,0.010077059869590954,771.86,785.872,,0.013430926693457171,1009.5,-0.24041604754829127
HDFCBANK,Banking,2026-05-25,776.0,787.85,775.2,786.85,26043952,0.02614762649973934,771.7125,784.62,,0.014679739146905037,1009.5,-0.22055473006438828
HDFCBANK,Banking,2026-05-26,784.05,790.85,776.75,778.9,31528062,-0.010103577556078047,771.53,783.5190000000001,,0.01471128788020784,1009.5,-0.22842991579990096
HDFCBANK,Banking,2026-05-27,769.5,773.9,756.9,758.65,63680153,-0.02599820259340091,770.5125,782.0370000000001,,0.015792509865978886,1009.5,-0.24848935116394258
HDFCBANK,Banking,2026-05-28,758.65,758.65,758.65,758.65,0,0.0,769.86,780.87,,0.01567605760290358,1009.5,-0.24848935116394258
HDFCBANK,Banking,2026-05-29,746.05,760.5,737.75,744.55,101299431,-0.018585645554603625,768.5024999999999,778.949,,0.01617312081587216,1009.5,-0.26245666171371973
HDFCBANK,Banking,2026-06-01,749.0,752.35,739.2,742.7,47996441,-0.0024847223154924603,766.6675,776.896,,0.01593929693829936,1009.5,-0.2642892521050024
HDFCBANK,Banking,2026-06-02,737.0,753.6,733.15,748.25,47314447,0.007472734616938093,765.4649999999999,775.0,,0.01599699297433157,1009.5,-0.25879148093115406
HDFCBANK,Banking,2026-06-03,744.45,756.9,742.6,753.65,36109480,0.007216839291680488,763.3199999999999,774.1089999999999,,0.014195037907965747,1009.5,-0.25344229816740965
HDFCBANK,Banking,2026-06-04,749.15,757.3,745.0,754.2,42673538,0.0007297817289193542,761.2275000000001,773.5840000000001,,0.014208549344262307,1009.5,-0.25289747399702817
HDFCBANK,Banking,2026-06-05,753.95,758.7,744.65,747.05,22116568,-0.009480243967117552,759.5375,773.6419999999999,,0.013777258486551256,1009.5,-0.25998018821198615
HDFCBANK,Banking,2026-06-08,738.0,741.5,734.5,738.65,21550700,-0.01124422729402308,758.2875,773.117,,0.013154113622439841,1009.5,-0.26830113917781084
HDFCBANK,Banking,2026-06-09,739.45,743.95,732.3,738.35,38539563,-0.00040614634806734884,757.6825,772.238,,0.01262430084235294,1009.5,-0.2685983159980188
HDFCBANK,Banking,2026-06-10,736.5,755.95,736.4,746.85,44458159,0.01151215548181761,757.545,772.0509999999999,,0.012916687631363671,1009.5,-0.2601783060921248
HDFCBANK,Banking,2026-06-11,743.0,756.0,740.1,744.6,32632007,-0.003012653143201427,756.2975,772.3120000000001,,0.01128726617216647,1009.5,-0.26240713224368495
HDFCBANK,Banking,2026-06-12,754.7,774.45,753.1,772.45,36088159,0.03740263228579099,756.545,772.916,,0.014252116228663212,1009.5,-0.2348192174343734
HDFCBANK,Banking,2026-06-15,790.0,793.5,775.6,777.35,39990334,0.006343452650656944,756.98,773.445,,0.01431250919579394,1009.5,-0.22996532937097572
HDFCBANK,Banking,2026-06-16,780.5,787.7,779.45,784.9,27820970,0.009712484723740866,758.1025,773.7230000000001,,0.014294138857128946,1009.5,-0.22248637939574048
HDFCBANK,Banking,2026-06-17,787.65,794.3,783.1,787.1,32405604,0.002802904828640651,759.4825,774.025,,0.014238796866348657,1009.5,-0.22030708271421492
HDFCBANK,Banking,2026-06-18,786.5,802.95,786.2,799.0,41492071,0.015118790496760237,761.475,773.683,,0.014527122934634736,1009.5,-0.20851906884596336
HDFCBANK,Banking,2026-06-19,788.7,789.05,776.2,779.8,33798761,-0.02403003754693367,762.125,773.325,898.697,0.01557488043512583,1009.5,-0.22753838533927692
HDFCBANK,Banking,2026-06-22,789.9,789.9,783.1,786.4,25194765,0.008463708643241974,762.1025000000001,772.8470000000001,897.8759999999999,0.014536817144742649,1009.5,-0.22100049529470037
HDFCBANK,Banking,2026-06-23,783.05,790.9,772.55,774.65,28289062,-0.014941505595116977,761.8900000000001,772.4459999999999,897.02675,0.014753679061935228,1009.5,-0.23263992075284798
HDFCBANK,Banking,2026-06-24,773.0,794.9,772.65,793.2,34701292,0.023946298328277438,763.6175,772.112,896.2205,0.014373891651244875,1009.5,-0.2142644873699851
HDFCBANK,Banking,2026-06-25,798.5,804.45,794.75,796.3,46707966,0.003908219868885343,765.5,772.1289999999999,895.3957500000001,0.014367158106820953,1009.5,-0.21119366022783562
HDFCBANK,Banking,2026-06-26,796.3,796.3,796.3,796.3,0,0.0,768.0875,772.057,894.56025,0.013505236646912082,1009.5,-0.21119366022783562
HDFCBANK,Banking,2026-06-29,800.0,805.9,793.3,798.9,46695977,0.003265101092553069,770.8974999999999,772.1260000000001,893.7247499999999,0.013433225968002258,1009.5,-0.20861812778603273
HDFCBANK,Banking,2026-06-30,806.1,806.1,792.75,797.95,45778356,-0.0011891350607083906,773.3824999999999,771.85,892.88875,0.013446138618539286,1009.5,-0.20955918771669138
HDFCBANK,Banking,2026-07-01,793.5,802.25,793.5,796.15,26094378,-0.0022557804373708468,775.5074999999999,771.775,892.04,0.013467944293648218,1009.5,-0.2113422486379396
HDFCBANK,Banking,2026-07-02,795.0,805.45,794.0,795.9,34143823,-0.00031401117879792384,777.5925,772.0060000000001,891.1805,0.013478538772535971,1009.5,-0.21158989598811295
HDFCBANK,Banking,2026-07-03,803.0,807.0,798.55,801.05,25871958,0.006470662143485351,780.2925,772.3299999999998,890.34925,0.013183585833946722,1009.5,-0.2064883605745419
HDFCBANK,Banking,2026-07-06,805.0,831.5,805.0,829.85,63203327,0.03595281193433619,784.8525000000001,773.1310000000001,889.66325,0.014544699193065575,1009.5,-0.17795938583457155
HDFCBANK,Banking,2026-07-07,843.0,843.0,826.1,829.3,57611729,-0.0006627703801892482,789.4,774.0659999999999,888.9755,0.014550701997578248,1009.5,-0.17850421000495298
HDFCBANK,Banking,2026-07-08,825.9,834.35,806.95,810.3,38754632,-0.022910888701314414,792.5725,774.692,888.1945,0.015834269220094226,1009.5,-0.19732540861812783
HDFCBANK,Banking,2026-07-09,813.0,822.85,812.3,817.55,39891798,0.00894730346785133,796.22,775.6089999999999,887.3977500000001,0.015773121690161727,1009.5,-0.1901436354631006
HDFCBANK,Banking,2026-07-10,824.0,827.7,820.3,824.95,23595785,0.009051434163048322,798.845,776.6740000000001,886.688,0.013845149761383268,1009.5,-0.18281327389796925
HDFCBANK,Banking,2026-07-13,817.0,821.95,811.0,817.95,21741736,-0.008485362749257486,800.875,777.445,885.95675,0.014073496127375146,1009.5,-0.18974739970282314
HDFCBANK,Banking,2026-07-14,811.4,818.4,807.0,809.4,25605395,-0.010452961672474004,802.1,778.187,885.2177499999999,0.014261426079419376,1009.5,-0.19821693907875187
HDFCBANK,Banking,2026-07-15,811.0,819.7,809.7,815.45,21488739,0.007474672596985421,803.5175,778.565,884.53975,0.014319715551176192,1009.5,-0.19222387320455667
HDFCBANK,Banking,2026-07-16,814.5,818.0,806.5,808.3,18698186,-0.00876816481697229,803.9825,778.81,883.832,0.014151506884578127,1009.5,-0.19930658741951465
HDFCBANK,Banking,2026-07-17,810.0,823.7,808.5,819.6,17415322,0.013979957936409937,805.9725,779.585,883.2047500000001,0.013178128621751276,1009.5,-0.18811292719167902
HDFCBANK,Banking,2026-07-20,790.0,790.0,774.55,777.6,56061789,-0.051244509516837455,805.5325,779.8639999999999,882.34125,0.017745400720436517,1009.5,-0.22971768202080237
HDFCBANK,Banking,2026-07-21,769.15,772.5,760.1,761.45,42246009,-0.02076903292181065,804.8725,780.0840000000001,881.3934999999999,0.01804190526667262,1009.5,-0.24571570084200095
HDFCBANK,Banking,2026-07-22,760.25,761.35,750.35,753.15,23385446,-0.010900256090354055,802.8700000000001,780.155,880.3329999999999,0.017199130897081454,1009.5,-0.25393759286775636
HDFCBANK,Banking,2026-07-23,749.4,751.0,743.25,747.25,32532090,-0.007833764854278669,800.4175,779.7090000000001,879.2434999999999,0.01717122816917219,1009.5,-0.25978207033184747
HDFCBANK,Banking,2026-07-24,738.5,748.25,737.25,742.8,23837859,-0.005955168952827106,797.7425000000001,779.215,878.0902500000001,0.017167512701554366,1009.5,-0.2641901931649332
HDFCBANK,Banking,2026-07-27,746.1,747.95,738.1,739.55,29678752,-0.004375336564351073,794.775,778.633,876.8755,0.017097899246838827,1009.5,-0.2674096087171868
HDFCBANK,Banking,2026-07-28,732.0,740.25,732.0,735.4,33886037,-0.005611520519234636,791.6475,778.0920000000001,875.659,0.017092150148203956,1009.5,-0.2715205547300644
HDFCBANK,Banking,2026-07-29,743.0,751.25,740.8,748.2,20460659,0.01740549360892052,789.25,777.8660000000001,874.5145,0.017746586891235278,1009.5,-0.2588410104011887
HDFCBANK,Banking,2026-07-30,752.8,757.9,745.5,753.95,35844392,0.007685110932905692,787.1525,777.762,873.3797500000001,0.01789861000126017,1009.5,-0.2531451213472015
HDFCBANK,Banking,2026-07-31,753.95,757.55,747.2,748.15,25522483,-0.007692817826115861,784.5074999999999,777.3889999999999,872.2355,0.017802849175016545,1009.5,-0.2588905398712234
HDFCBANK,Banking,2026-08-03,753.05,756.85,750.05,753.0,14827841,0.006482657221145605,780.665,776.712,871.1147500000001,0.015450836221317323,1009.5,-0.2540861812778603
HDFCBANK,Banking,2026-08-04,753.2,753.2,738.0,742.0,31559802,-0.014608233731739695,776.3,775.9739999999999,869.9335000000001,0.015571738412108786,1009.5,-0.26498266468548787
HDFCBANK,Banking,2026-08-05,733.8,741.95,732.6,735.0,60050538,-0.009433962264150941,772.5350000000001,775.5009999999999,868.63675,0.015058561983351329,1009.5,-0.27191679049034173
HDFCBANK,Banking,2026-08-06,739.0,740.5,733.55,734.3,44772122,-0.0009523809523810378,768.3725,775.0140000000001,867.2955000000001,0.014743861661277141,1009.5,-0.2726102030708272
HDFCBANK,Banking,2026-08-07,733.0,736.0,728.2,731.0,19382042,-0.004494075990739366,763.675,774.743,865.93575,0.01435839827507003,1009.5,-0.2758791480931154
HDFCBANK,Banking,2026-08-10,731.5,737.55,728.5,731.0,23660590,0.0,759.3275,774.5090000000001,864.55225,0.014404130719495086,1009.5,-0.2758791480931154
HDFCBANK,Banking,2026-08-11,730.5,730.85,726.55,729.0,29154365,-0.002735978112175075,755.3075,774.1240000000001,863.15325,0.014367874738771156,1009.5,-0.27786032689450224
HDFCBANK,Banking,2026-08-12,729.0,730.65,722.0,729.0,26993177,0.0,750.9849999999999,773.6310000000001,861.8245,0.014118139013271785,1009.5,-0.27786032689450224
HDFCBANK,Banking,2026-08-13,726.9,729.0,724.5,725.0,22129893,-0.005486968449931462,746.8199999999999,773.047,860.4347499999999,0.014097102502019386,1009.5,-0.2818226844972759
HDFCBANK,Banking,2026-08-14,725.0,729.6,723.5,727.0,20364131,0.0027586206896552667,742.1899999999999,772.6460000000001,859.052,0.013498848905354464,1009.5,-0.27984150569588906
HDFCBANK,Banking,2026-08-17,727.05,732.1,724.5,729.0,14823722,0.0027510316368637433,739.76,772.453,857.65775,0.008378591053242226,1009.5,-0.27786032689450224
HDFCBANK,Banking,2026-08-18,726.3,729.0,723.0,723.0,17916507,-0.008230452674897082,737.8375,772.1460000000001,856.2819999999999,0.007406597477519558,1009.5,-0.2838038632986627
HDFCBANK,Banking,2026-08-19,724.0,725.4,715.1,720.0,21342651,-0.004149377593360981,736.18,771.609,854.9455,0.007156162135040636,1009.5,-0.2867756315007429
HDFCBANK,Banking,2026-08-20,725.5,728.3,724.3,725.05,17603805,0.007013888888888875,735.0699999999999,771.2179999999998,853.6075,0.007312011359399943,1009.5,-0.28177315502724126
HDFCBANK,Banking,2026-08-21,728.3,732.8,726.6,726.95,26029811,0.0026205089304187634,734.2774999999999,770.308,852.3159999999999,0.007287263182528536,1009.5,-0.2798910351659237
HDFCBANK,Banking,2026-08-24,732.5,734.4,724.1,729.0,11408345,0.002820001375610337,733.75,769.341,851.03775,0.0072922056364127736,1009.5,-0.27786032689450224
HDFCBANK,Banking,2026-08-25,726.6,728.7,722.0,727.5,17511874,-0.002057613168724326,733.3549999999999,768.193,849.76375,0.007208866108448489,1009.5,-0.27934621099554235
HDFCBANK,Banking,2026-08-26,728.0,731.0,724.15,727.2,21156463,-0.0004123711340205949,732.3050000000001,766.995,848.47725,0.00585064901698984,1009.5,-0.2796433878157503
HDFCBANK,Banking,2026-08-27,728.15,728.15,710.0,711.0,46515020,-0.022277227722772297,730.1575,765.235,847.07375,0.00710239884854382,1009.5,-0.29569093610698366
HDFCBANK,Banking,2026-08-28,710.85,720.3,707.0,720.3,16494301,0.013080168776371304,728.765,764.045,845.7277499999999,0.007845321147852755,1009.5,-0.28647845468053496
HDFCBANK,Banking,2026-08-31,723.05,739.75,704.15,709.0,78157067,-0.015687907816187674,726.5649999999999,762.497,844.3394999999999,0.008163522311222849,1009.5,-0.2976721149083705
HDFCBANK,Banking,2026-09-01,705.05,715.45,698.5,711.9,44412827,0.004090267983074769,725.0600000000001,761.2420000000001,842.9509999999999,0.00782469094311702,1009.5,-0.2947994056463596
ICICIBANK,Banking,2025-09-01,1398.1,1412.4,1398.1,1411.0,4927348,,,,,,1411.0,0.0
ICICIBANK,Banking,2025-09-02,1413.9,1413.9,1390.0,1394.2,7163073,-0.011906449326718582,,,,,1411.0,-0.011906449326718607
ICICIBANK,Banking,2025-09-03,1389.0,1400.0,1384.2,1397.0,9813382,0.002008320183617851,,,,,1411.0,-0.009922041105598866
ICICIBANK,Banking,2025-09-04,1409.9,1415.1,1401.9,1405.5,10564859,0.006084466714388004,,,,,1411.0,-0.0038979447200566974
ICICIBANK,Banking,2025-09-05,1411.0,1411.5,1387.7,1402.8,6621077,-0.0019210245464248432,,,,,1411.0,-0.005811481218993653
ICICIBANK,Banking,2025-09-08,1402.2,1410.6,1397.6,1402.7,5880943,-7.128599942962666e-05,,,,,1411.0,-0.005882352941176438
ICICIBANK,Banking,2025-09-09,1399.0,1407.5,1395.2,1403.7,6470679,0.0007129108148571373,,,,,1411.0,-0.005173635719347948
ICICIBANK,Banking,2025-09-10,1410.0,1413.7,1402.1,1403.9,7452347,0.00014248058702004407,,,,,1411.0,-0.005031892274982218
ICICIBANK,Banking,2025-09-11,1398.0,1408.0,1396.0,1401.6,10192026,-0.001638293325735618,,,,,1411.0,-0.006661941885187875
ICICIBANK,Banking,2025-09-12,1405.1,1419.7,1400.1,1417.7,7770038,0.011486872146118765,,,,,1417.7,0.0
ICICIBANK,Banking,2025-09-15,1422.0,1426.8,1416.3,1419.4,5845637,0.0011991253438667915,,,,,1419.4,0.0
ICICIBANK,Banking,2025-09-16,1414.0,1424.9,1413.7,1421.6,8213151,0.0015499506833871468,,,,,1421.6,0.0
ICICIBANK,Banking,2025-09-17,1420.1,1426.1,1416.4,1419.2,7484283,-0.0016882386043892694,,,,,1421.6,-0.0016882386043893245
ICICIBANK,Banking,2025-09-18,1431.1,1432.8,1415.3,1421.7,8130537,0.0017615558060879444,,,,,1421.7,0.0
ICICIBANK,Banking,2025-09-19,1416.1,1418.0,1400.2,1402.2,13457344,-0.013715973834142248,,,,,1421.7,-0.013715973834142223
ICICIBANK,Banking,2025-09-22,1403.9,1409.9,1397.2,1401.5,8847948,-0.0004992155184709857,,,,,1421.7,-0.014208342125624284
ICICIBANK,Banking,2025-09-23,1391.0,1403.3,1391.0,1394.3,12827524,-0.0051373528362469445,,,,,1421.7,-0.019272701695153754
ICICIBANK,Banking,2025-09-24,1386.4,1390.9,1376.5,1382.7,9735678,-0.008319586889478536,,,,,1421.7,-0.027431947668284447
ICICIBANK,Banking,2025-09-25,1377.0,1391.5,1371.8,1375.8,21613389,-0.004990236493816469,,,,,1421.7,-0.03228529225575022
ICICIBANK,Banking,2025-09-26,1368.0,1372.7,1357.0,1359.6,18342280,-0.011774967291757532,1401.905,,,,1421.7,-0.043680101287191485
ICICIBANK,Banking,2025-09-29,1359.6,1366.5,1346.2,1348.1,20563163,-0.008458370108855529,1398.76,,,0.0062765573266145335,1421.7,-0.05176900893296767
ICICIBANK,Banking,2025-09-30,1353.7,1356.6,1342.6,1348.0,20166871,-7.41784734069606e-05,1396.45,,,0.005863368683902031,1421.7,-0.05183934726032218
ICICIBANK,Banking,2025-10-01,1348.0,1379.4,1347.1,1372.0,20952632,0.017804154302670572,1395.2,,,0.007277759962352836,1421.7,-0.03495814869522406
ICICIBANK,Banking,2025-10-03,1371.9,1371.9,1361.3,1365.2,12163695,-0.004956268221574356,1393.185,,,0.007139311380248108,1421.7,-0.03974115495533516
ICICIBANK,Banking,2025-10-06,1371.0,1372.6,1359.1,1363.4,14314283,-0.0013184881336067988,1391.215,,,0.007138398845505136,1421.7,-0.041007244847717485
ICICIBANK,Banking,2025-10-07,1363.6,1383.1,1363.6,1375.9,16126464,0.009168255831010663,1389.875,,,0.007517763641015147,1421.7,-0.03221495392839555
ICICIBANK,Banking,2025-10-08,1372.3,1381.6,1364.3,1370.3,8100832,-0.004070063231339627,1388.205,,,0.007538553071134662,1421.7,-0.03615390026025187
ICICIBANK,Banking,2025-10-09,1369.8,1378.7,1365.1,1376.2,7909575,0.004305626505144877,1386.8200000000002,,,0.007633764312869822,1421.7,-0.032003938946331856
ICICIBANK,Banking,2025-10-10,1370.3,1385.0,1370.3,1380.3,7673816,0.0029792181368986093,1385.7549999999999,,,0.007682106995183246,1421.7,-0.029120067524794322
ICICIBANK,Banking,2025-10-13,1373.1,1386.4,1373.1,1379.4,8923018,-0.0006520321669201135,1383.8400000000001,,,0.007124779510978459,1421.7,-0.02975311247098541
ICICIBANK,Banking,2025-10-14,1389.0,1389.0,1375.1,1384.1,10610855,0.0034072785268957073,1382.075,,,0.007183138542675819,1421.7,-0.026447211085320485
ICICIBANK,Banking,2025-10-15,1386.5,1400.4,1385.5,1398.4,8988550,0.010331623437612958,1380.9150000000002,,,0.007617530144500307,1421.7,-0.01638883027361606
ICICIBANK,Banking,2025-10-16,1401.0,1418.9,1399.4,1417.3,12185032,0.013515446224256156,1380.8200000000002,,,0.008255581116723804,1421.7,-0.003094886403601386
ICICIBANK,Banking,2025-10-17,1412.0,1439.6,1410.9,1436.6,17037215,0.013617441614337089,1381.565,,,0.008799113596778855,1436.6,0.0
ICICIBANK,Banking,2025-10-20,1442.0,1445.0,1389.2,1390.3,23330227,-0.03222887372963945,1380.9699999999998,,,0.01106241685676292,1436.6,-0.032228873729639396
ICICIBANK,Banking,2025-10-21,1384.5,1387.6,1375.9,1382.0,3415560,-0.005969934546500744,1379.995,,,0.01113325372386274,1436.6,-0.038006404009466734
ICICIBANK,Banking,2025-10-23,1385.0,1389.8,1360.1,1363.7,21124942,-0.013241678726483297,1378.465,,,0.011448539971438569,1436.6,-0.05074481414450777
ICICIBANK,Banking,2025-10-24,1368.1,1381.6,1368.1,1377.7,10570263,0.010266187577913088,1378.215,,,0.01158063656822473,1436.6,-0.040999582347208595
ICICIBANK,Banking,2025-10-27,1382.1,1386.8,1374.0,1377.6,11499836,-7.25847426872317e-05,1378.3049999999998,,,0.011523787817697341,1436.6,-0.041069191145760825
ICICIBANK,Banking,2025-10-28,1373.0,1375.8,1356.2,1363.1,26477914,-0.010525551684088308,1378.48,,,0.011459065098702058,1436.6,-0.05116246693582069
ICICIBANK,Banking,2025-10-29,1364.6,1371.7,1358.4,1370.4,16129382,0.005355439806324025,1379.5949999999998,,,0.01132580215880837,1436.6,-0.04608102464151456
ICICIBANK,Banking,2025-10-30,1362.4,1370.2,1361.3,1362.4,9324401,-0.00583771161704616,1380.315,,,0.011424309294799895,1436.6,-0.05164972852568552
ICICIBANK,Banking,2025-10-31,1357.0,1362.0,1343.3,1345.3,15926798,-0.012551379917792205,1378.98,,,0.011027031522225955,1436.6,-0.06355283307810104
ICICIBANK,Banking,2025-11-03,1340.5,1351.6,1337.9,1346.4,11071450,0.0008176614881441058,1378.04,,,0.010991430196926985,1436.6,-0.06278713629402745
ICICIBANK,Banking,2025-11-04,1342.6,1349.8,1333.2,1336.9,15211183,-0.007055852644087923,1376.7150000000001,,,0.011084676904240373,1436.6,-0.06939997215648046
ICICIBANK,Banking,2025-11-06,1330.0,1342.2,1317.4,1320.4,24221853,-0.012341985189617821,1373.94,,,0.01109764380658711,1436.6,-0.08088542391758306
ICICIBANK,Banking,2025-11-07,1320.4,1344.3,1318.6,1343.0,7719245,0.017116025446834326,1372.575,,,0.011873430614141705,1436.6,-0.06515383544480016
ICICIBANK,Banking,2025-11-10,1342.9,1349.6,1341.0,1348.0,8542340,0.0037230081906181045,1371.165,,,0.011860595561231714,1436.6,-0.061673395517193315
ICICIBANK,Banking,2025-11-11,1349.0,1360.4,1346.2,1358.3,8305184,0.007640949554896137,1370.065,,,0.011987366668537376,1436.6,-0.054503689266323235
ICICIBANK,Banking,2025-11-12,1370.0,1370.0,1355.4,1358.9,9736761,0.00044172863137759144,1369.04,1381.954,,0.011990256461413343,1436.6,-0.05408603647501032
ICICIBANK,Banking,2025-11-13,1358.9,1390.4,1358.5,1385.9,18296626,0.01986901170064015,1369.13,1381.4520000000002,,0.012821760776632345,1436.6,-0.03529166086593333
ICICIBANK,Banking,2025-11-14,1374.0,1381.2,1363.2,1373.0,9694498,-0.009308030882459128,1367.8600000000001,1381.0280000000002,,0.012752294310470083,1436.6,-0.044271195879159064
ICICIBANK,Banking,2025-11-17,1375.1,1382.5,1373.6,1379.0,7660717,0.004369992716678706,1365.9450000000002,1380.6680000000001,,0.01236869823932149,1436.6,-0.040094667966030846
ICICIBANK,Banking,2025-11-18,1380.2,1382.8,1369.1,1373.4,9529560,-0.004060913705583702,1362.785,1380.026,,0.011868409751319494,1436.6,-0.043992760684950456
ICICIBANK,Banking,2025-11-19,1373.5,1384.0,1371.6,1383.1,10393918,0.007062763943497696,1362.4250000000002,1379.632,,0.009683421652384607,1436.6,-0.03724070722539329
ICICIBANK,Banking,2025-11-20,1380.1,1388.3,1375.4,1383.0,10131863,-7.230135203517563e-05,1362.4750000000001,1379.2380000000003,,0.009588282635324335,1436.6,-0.03731031602394536
ICICIBANK,Banking,2025-11-21,1373.0,1376.0,1364.6,1369.5,11483595,-0.009761388286334105,1362.765,1378.5540000000003,,0.009362720335222877,1436.6,-0.04670750382848386
ICICIBANK,Banking,2025-11-24,1373.3,1377.0,1361.5,1368.4,15896003,-0.0008032128514056103,1362.3,1377.844,,0.009062043073863404,1436.6,-0.047473200612557304
ICICIBANK,Banking,2025-11-25,1365.0,1376.9,1354.3,1357.8,12235000,-0.0077462730195849705,1361.31,1376.968,,0.009213111961490971,1436.6,-0.05485173325908392
ICICIBANK,Banking,2025-11-26,1360.0,1377.0,1359.9,1375.0,9659004,0.01266755044925616,1361.905,1376.114,,0.009367444134664378,1436.6,-0.04287901990811632
ICICIBANK,Banking,2025-11-27,1379.0,1394.0,1375.7,1392.2,15158741,0.012509090909091025,1362.9950000000001,1375.57,,0.009694423667587108,1436.6,-0.03090630655714873
ICICIBANK,Banking,2025-11-28,1392.0,1398.5,1385.6,1388.8,7683986,-0.002442177848010374,1364.315,1374.914,,0.009600714632449782,1436.6,-0.03327300570792145
ICICIBANK,Banking,2025-12-01,1394.0,1400.0,1385.4,1390.1,8867593,0.0009360599078340748,1366.555,1374.3319999999999,,0.009056748513234474,1436.6,-0.0323680913267437
ICICIBANK,Banking,2025-12-02,1381.8,1381.8,1370.6,1373.0,12126396,-0.012301273289691328,1367.885,1373.358,,0.009582181916911427,1436.6,-0.044271195879159064
ICICIBANK,Banking,2025-12-03,1367.0,1394.2,1367.0,1391.5,7955933,0.013474144209759675,1370.6150000000002,1373.144,,0.009769098588292549,1436.6,-0.031393568147013724
ICICIBANK,Banking,2025-12-04,1387.0,1391.6,1379.9,1386.7,7373909,-0.0034495149119654345,1373.93,1372.8480000000002,,0.009269236888452655,1436.6,-0.034734790477516264
ICICIBANK,Banking,2025-12-05,1381.0,1395.3,1381.0,1392.5,4942638,0.004182591764620991,1376.4050000000002,1372.8120000000001,,0.008624082668692499,1436.6,-0.03069748016149235
ICICIBANK,Banking,2025-12-08,1387.0,1394.9,1383.3,1389.6,7826227,-0.0020825852782765386,1378.4850000000001,1372.95,,0.008655249293751697,1436.6,-0.03271613531950439
ICICIBANK,Banking,2025-12-09,1379.9,1384.3,1373.4,1375.2,10492030,-0.01036269430051806,1379.3300000000002,1372.9379999999999,,0.008921254201590664,1436.6,-0.04273980231101202
ICICIBANK,Banking,2025-12-10,1377.9,1379.4,1357.9,1363.6,8725381,-0.008435136707388158,1379.565,1373.0179999999998,,0.009150357921065286,1436.6,-0.05081442294306
ICICIBANK,Banking,2025-12-11,1363.7,1366.6,1352.8,1360.0,6734750,-0.0026400704018773036,1378.27,1373.256,,0.007904922006405312,1436.6,-0.05332033969093687
ICICIBANK,Banking,2025-12-12,1368.0,1370.7,1363.3,1366.0,3890885,0.004411764705882337,1377.9199999999998,1373.616,,0.007731472313503182,1436.6,-0.04914381177780865
ICICIBANK,Banking,2025-12-15,1356.1,1370.0,1356.1,1365.2,5342530,-0.0005856515373352522,1377.23,1373.48,,0.007655421921630554,1436.6,-0.04970068216622572
ICICIBANK,Banking,2025-12-16,1364.0,1368.7,1355.5,1366.0,12359741,0.0005859947260473675,1376.8600000000001,1373.496,,0.007611248936328535,1436.6,-0.04914381177780865
ICICIBANK,Banking,2025-12-17,1365.0,1365.0,1343.1,1352.4,9440391,-0.009956076134699732,1375.325,1373.276,,0.007702329737262661,1436.6,-0.05861060838089922
ICICIBANK,Banking,2025-12-18,1346.3,1369.5,1345.5,1356.8,7314573,0.0032534753031645547,1374.0149999999999,1372.894,,0.007761214222279422,1436.6,-0.05554782124460529
ICICIBANK,Banking,2025-12-19,1354.0,1360.4,1350.8,1354.1,14318512,-0.001989976415094352,1373.245,1372.57,,0.007485285288847631,1436.6,-0.05742725880551302
ICICIBANK,Banking,2025-12-22,1358.0,1371.3,1354.8,1368.5,9375294,0.010634369692046342,1373.25,1372.4160000000002,,0.007889990301965773,1436.6,-0.04740359181400523
ICICIBANK,Banking,2025-12-23,1361.1,1365.0,1357.0,1363.0,9105467,-0.004018998903909443,1373.51,1372.07,,0.00773914392076173,1436.6,-0.051232075734372766
ICICIBANK,Banking,2025-12-24,1363.8,1368.2,1357.6,1359.8,8955140,-0.0023477622890683003,1372.75,1371.678,,0.0071758287583209845,1436.6,-0.05345955728804118
ICICIBANK,Banking,2025-12-26,1356.5,1362.0,1348.5,1350.4,2812144,-0.006912781291366299,1370.66,1371.004,,0.006610087812450858,1436.6,-0.060002784351941965
ICICIBANK,Banking,2025-12-29,1352.1,1355.7,1341.5,1343.3,6057201,-0.005257701421801042,1368.385,1369.902,,0.006660943443188497,1436.6,-0.06494500904914378
ICICIBANK,Banking,2025-12-30,1343.3,1347.1,1338.1,1342.5,18621277,-0.0005955482766321074,1366.0049999999999,1368.406,,0.0066384970488727185,1436.6,-0.06550187943756085
ICICIBANK,Banking,2025-12-31,1342.8,1350.0,1339.5,1342.9,6150634,0.0002979515828678281,1364.5,1366.532,,0.006162222353495833,1436.6,-0.06522344424335223
ICICIBANK,Banking,2026-01-01,1343.9,1348.4,1336.0,1338.0,4179311,-0.0036488197185197135,1361.825,1365.4859999999999,,0.005136403055849115,1436.6,-0.06863427537240702
ICICIBANK,Banking,2026-01-02,1338.0,1356.9,1336.3,1355.4,8226205,0.01300448430493284,1360.2599999999998,1364.954,,0.006108601154595256,1436.6,-0.05652234442433511
ICICIBANK,Banking,2026-01-05,1354.2,1375.5,1352.6,1371.5,6920565,0.011878412276818517,1359.2099999999998,1365.11,,0.0066764067228058145,1436.6,-0.04531532785744112
ICICIBANK,Banking,2026-01-06,1372.0,1413.6,1366.0,1411.2,17260416,0.02894640904119572,1360.29,1365.78,,0.009398076064427403,1436.6,-0.017680634832242702
ICICIBANK,Banking,2026-01-07,1408.0,1429.9,1404.2,1427.7,15813795,0.011692176870748305,1362.915,1366.782,,0.009311251522447361,1436.6,-0.006195183071140097
ICICIBANK,Banking,2026-01-08,1429.0,1442.2,1423.3,1435.0,14861699,0.005113119002591482,1366.4850000000001,1368.22,,0.009006404713871445,1436.6,-0.0011137407768341287
ICICIBANK,Banking,2026-01-09,1427.1,1429.5,1401.5,1404.3,12555636,-0.021393728222996566,1368.7,1368.898,,0.010441801770434314,1436.6,-0.022483641932340218
ICICIBANK,Banking,2026-01-12,1399.9,1424.3,1391.7,1413.1,10923811,0.006266467279071319,1371.055,1369.912,,0.010475749141916183,1436.6,-0.016358067659752194
ICICIBANK,Banking,2026-01-13,1420.0,1441.8,1411.1,1437.0,14295581,0.016913169627061242,1374.645,1371.746,,0.010988752402084263,1437.0,0.0
ICICIBANK,Banking,2026-01-14,1425.6,1443.9,1414.9,1418.4,13832255,-0.012943632567849583,1377.2649999999999,1373.1860000000001,,0.011524174361897205,1437.0,-0.012943632567849623
ICICIBANK,Banking,2026-01-15,1418.4,1418.4,1418.4,1418.4,0,0.0,1380.565,1374.8159999999998,,0.011193234994073768,1437.0,-0.012943632567849623
ICICIBANK,Banking,2026-01-16,1417.9,1429.0,1400.2,1410.8,12530886,-0.0053581500282008365,1383.2649999999999,1376.624,,0.01132533610518103,1437.0,-0.018232428670842064
ICICIBANK,Banking,2026-01-19,1399.9,1400.0,1360.0,1380.6,23302883,-0.021406294301105744,1384.59,1377.376,,0.012461792471785745,1437.0,-0.039248434237995886
ICICIBANK,Banking,2026-01-20,1374.7,1387.8,1371.5,1375.8,15012785,-0.0034767492394610633,1384.9550000000002,1377.932,,0.012288443805311133,1437.0,-0.04258872651356997
ICICIBANK,Banking,2026-01-21,1367.5,1371.5,1339.5,1349.0,21766068,-0.01947957551969759,1384.255,1377.746,,0.013040221641547677,1437.0,-0.061238691718858734
ICICIBANK,Banking,2026-01-22,1355.1,1358.0,1338.0,1345.5,17179765,-0.0025945144551520194,1383.5400000000002,1377.478,,0.013042242736755513,1437.0,-0.06367432150313153
ICICIBANK,Banking,2026-01-23,1340.5,1355.2,1335.7,1343.4,14056524,-0.0015607580824971157,1383.19,1376.628,,0.012957241278678703,1437.0,-0.06513569937369514
ICICIBANK,Banking,2026-01-27,1340.0,1369.1,1328.6,1361.4,25263634,0.013398838767306742,1384.095,1376.3959999999997,,0.013240918512952372,1437.0,-0.05260960334029221
ICICIBANK,Banking,2026-01-28,1362.6,1380.4,1362.6,1367.7,13242696,0.004627589246364083,1385.355,1376.17,,0.013264415912750526,1437.0,-0.04822546972860122
ICICIBANK,Banking,2026-01-29,1359.0,1387.7,1354.4,1383.6,23118234,0.01162535643781526,1387.3899999999999,1376.374,,0.013472440872604777,1437.0,-0.03716075156576207
ICICIBANK,Banking,2026-01-30,1368.2,1381.9,1353.2,1355.0,24013717,-0.020670714079213615,1388.24,1375.812,,0.014330496639571002,1437.0,-0.05706332637439109
ICICIBANK,Banking,2026-02-02,1329.9,1354.4,1329.1,1352.8,12800245,-0.0016236162361623618,1388.1100000000001,1375.2079999999999,,0.014041387237283475,1437.0,-0.058594293667362594
ICICIBANK,Banking,2026-02-03,1412.0,1417.0,1373.4,1389.7,24896698,0.02727675931401552,1389.02,1375.6119999999999,,0.01510871333246414,1437.0,-0.03291579679888654
ICICIBANK,Banking,2026-02-04,1387.0,1414.0,1386.9,1408.4,11080683,0.01345614161329789,1388.88,1376.412,,0.013939998828638701,1437.0,-0.019902574808629024
ICICIBANK,Banking,2026-02-05,1414.0,1414.0,1393.2,1396.5,8982761,-0.008449304174950378,1387.3200000000002,1377.1860000000001,,0.013776924594612645,1437.0,-0.028183716075156576
ICICIBANK,Banking,2026-02-06,1396.7,1410.5,1394.7,1406.1,10851190,0.006874328678839969,1385.875,1377.808,,0.013823698858167411,1437.0,-0.021503131524008415
ICICIBANK,Banking,2026-02-09,1413.5,1414.0,1388.8,1396.3,7889742,-0.006969632316335961,1385.475,1377.89,,0.01305452309194123,1437.0,-0.028322894919972197
ICICIBANK,Banking,2026-02-10,1401.0,1409.5,1395.5,1406.5,16497628,0.007305020411086494,1385.145,1378.244,,0.013083651681619485,1437.0,-0.021224773834377174
ICICIBANK,Banking,2026-02-11,1407.4,1413.0,1400.4,1406.1,8551341,-0.0002843938855314754,1383.6,1378.5640000000003,,0.01245294200232676,1437.0,-0.021503131524008415
ICICIBANK,Banking,2026-02-12,1406.1,1433.0,1405.3,1430.0,19646265,0.01699736860820722,1384.18,1379.7040000000002,,0.0127395564512048,1437.0,-0.0048712595685455815
ICICIBANK,Banking,2026-02-13,1425.3,1434.4,1410.7,1414.6,12228083,-0.010769230769230864,1383.99,1380.1660000000002,,0.012986308774603297,1437.0,-0.015588030619345923
ICICIBANK,Banking,2026-02-16,1404.0,1414.0,1400.5,1411.6,5000042,-0.0021207408454686494,1384.03,1380.664,,0.012936797701892875,1437.0,-0.017675713291579742
ICICIBANK,Banking,2026-02-17,1406.2,1413.6,1393.6,1407.5,11756187,-0.002904505525644585,1385.375,1380.964,,0.011940545932057367,1437.0,-0.020528879610299235
ICICIBANK,Banking,2026-02-18,1410.1,1412.3,1398.9,1408.2,4758071,0.0004973357015987112,1386.995,1381.336,,0.011894528736079778,1437.0,-0.020041753653444645
ICICIBANK,Banking,2026-02-19,1408.5,1412.3,1384.8,1388.8,14323091,-0.013776452208493217,1388.985,1381.6080000000002,,0.011431211113843154,1437.0,-0.03354210160055675
ICICIBANK,Banking,2026-02-20,1388.5,1403.7,1384.0,1394.5,10337877,0.004104262672811165,1391.435,1382.226,,0.011402511938506747,1437.0,-0.029575504523312455
ICICIBANK,Banking,2026-02-23,1400.0,1408.3,1395.3,1399.4,10728445,0.0035138042309073025,1394.2350000000001,1383.014,,0.011379017228734554,1437.0,-0.026165622825330487
ICICIBANK,Banking,2026-02-24,1400.9,1400.9,1382.3,1384.8,18274784,-0.010433042732599818,1395.405,1383.39,,0.011381961723513532,1437.0,-0.036325678496868505
ICICIBANK,Banking,2026-02-25,1391.8,1407.4,1388.2,1400.5,16297015,0.011337377238590518,1397.0449999999998,1384.096,,0.011594098875064577,1437.0,-0.025400139178844816
ICICIBANK,Banking,2026-02-26,1405.1,1410.0,1392.1,1404.9,27288792,0.0031417350946092437,1398.1100000000001,1384.874,,0.011347060183185882,1437.0,-0.022338204592901815
ICICIBANK,Banking,2026-02-27,1400.0,1402.2,1376.7,1378.9,15096898,-0.018506655277955697,1399.3049999999998,1385.404,,0.011139716037474863,1437.0,-0.04043145441892826
ICICIBANK,Banking,2026-03-02,1355.0,1379.2,1355.0,1374.0,16928683,-0.0035535571832621127,1400.365,1385.7480000000003,,0.011171345241651132,1437.0,-0.04384133611691023
ICICIBANK,Banking,2026-03-04,1326.0,1376.0,1326.0,1365.4,20009132,-0.006259097525473045,1399.15,1385.974,,0.009364630655036283,1437.0,-0.04982602644398045
ICICIBANK,Banking,2026-03-05,1368.9,1370.8,1347.6,1357.6,17590491,-0.005712611688882485,1396.61,1385.756,,0.008787616656618953,1437.0,-0.05525400139178851
ICICIBANK,Banking,2026-03-06,1339.0,1357.6,1310.4,1313.4,22778852,-0.03255745433117252,1392.455,1384.764,,0.011097763396939814,1437.0,-0.08601252609603334
ICICIBANK,Banking,2026-03-09,1272.7,1282.7,1251.1,1278.4,16116652,-0.026648393482564314,1386.0700000000002,1383.136,,0.012020480222297795,1437.0,-0.11036882393876124
ICICIBANK,Banking,2026-03-10,1287.6,1315.0,1285.6,1311.9,19136143,0.02620463078848556,1381.85,1382.366,,0.013839178933808476,1437.0,-0.08705636743215026
ICICIBANK,Banking,2026-03-11,1300.0,1306.5,1290.9,1294.6,13224259,-0.01318698071499369,1376.255,1381.392,,0.01379292253822088,1437.0,-0.09909533750869874
ICICIBANK,Banking,2026-03-12,1275.7,1280.5,1258.3,1266.5,19676187,-0.021705546114629937,1369.275,1379.872,,0.014307567762503194,1437.0,-0.1186499652052888
ICICIBANK,Banking,2026-03-13,1251.9,1262.3,1248.7,1254.8,17344394,-0.009238057639163078,1360.5149999999999,1378.11,,0.013343542179855663,1437.0,-0.12679192762700073
ICICIBANK,Banking,2026-03-16,1255.0,1276.8,1240.1,1272.9,22740688,0.014424609499521956,1353.4299999999998,1376.8080000000002,,0.014081032418504435,1437.0,-0.11419624217118991
ICICIBANK,Banking,2026-03-17,1278.9,1294.4,1273.0,1288.7,22303102,0.012412601146987168,1347.285,1375.474,,0.014611626516789203,1437.0,-0.1032011134307585
ICICIBANK,Banking,2026-03-18,1286.0,1297.1,1270.8,1289.3,12961135,0.0004655854737332099,1341.375,1373.83,,0.01464967686281062,1437.0,-0.10278357689631179
ICICIBANK,Banking,2026-03-19,1267.6,1285.9,1243.7,1250.1,14422899,-0.030404095245482043,1333.47,1370.608,,0.015711094924384737,1437.0,-0.13006263048016709
ICICIBANK,Banking,2026-03-20,1258.4,1274.0,1241.7,1245.4,16421006,-0.003759699224061941,1326.3,1366.9620000000002,,0.01560335964378839,1437.0,-0.13333333333333328
ICICIBANK,Banking,2026-03-23,1226.6,1234.9,1218.1,1222.7,17049534,-0.018227075638349133,1317.71,1362.7160000000001,,0.01569237372822861,1437.0,-0.14913013221990254
ICICIBANK,Banking,2026-03-24,1237.1,1253.9,1223.7,1251.2,20617782,0.023309070090782757,1310.3,1359.654,,0.016928461949795047,1437.0,-0.12929714683368124
ICICIBANK,Banking,2026-03-25,1258.9,1272.9,1254.4,1259.7,17290030,0.006793478260869623,1304.045,1356.5859999999998,,0.01709869189559111,1437.0,-0.12338204592901876
ICICIBANK,Banking,2026-03-27,1256.0,1260.9,1230.1,1233.8,23630905,-0.02056045090100822,1295.71,1352.522,,0.01702297927878844,1437.0,-0.14140570633263747
ICICIBANK,Banking,2026-03-30,1216.5,1222.6,1200.4,1205.9,23952775,-0.022613065326633097,1285.76,1348.2720000000002,,0.017253409361197337,1437.0,-0.1608211551844119
ICICIBANK,Banking,2026-04-01,1228.1,1234.0,1210.0,1212.7,25472333,0.005638941869143377,1277.45,1344.1580000000001,,0.017284952647958766,1437.0,-0.15608907446068193
ICICIBANK,Banking,2026-04-02,1196.0,1222.1,1187.6,1215.8,20851722,0.0025562793765976366,1269.5400000000002,1340.2580000000003,,0.017388961512134652,1437.0,-0.1539318023660404
ICICIBANK,Banking,2026-04-06,1213.0,1234.4,1200.5,1231.4,10058414,0.012831057739759899,1262.84,1337.274,,0.01788807760938498,1437.0,-0.14307585247042443
ICICIBANK,Banking,2026-04-07,1229.0,1250.4,1216.6,1245.5,25600557,0.011450381679389166,1257.2350000000001,1334.6680000000001,,0.018259853494004184,1437.0,-0.13326374391092555
ICICIBANK,Banking,2026-04-08,1310.0,1333.5,1292.4,1309.2,25148651,0.05114411882778014,1257.025,1333.872,,0.020817029808147713,1437.0,-0.08893528183716072
ICICIBANK,Banking,2026-04-09,1299.9,1308.0,1275.9,1281.3,22923062,-0.021310724106324508,1257.1699999999998,1332.5880000000002,,0.02048842775036563,1437.0,-0.10835073068893532
ICICIBANK,Banking,2026-04-10,1289.0,1324.0,1288.5,1321.9,18174755,0.03168656832904082,1257.67,1332.158,,0.020885878607305678,1437.0,-0.08009742519137085
ICICIBANK,Banking,2026-04-13,1304.9,1357.0,1296.7,1351.1,30572141,0.022089416748619195,1260.495,1331.9520000000002,,0.021149474511974367,1437.0,-0.05977731384829512
ICICIBANK,Banking,2026-04-15,1358.0,1364.8,1338.0,1348.1,23827473,-0.0022204129968174113,1264.575,1331.56,,0.020419254820853924,1437.0,-0.061864996520528945
ICICIBANK,Banking,2026-04-16,1352.0,1366.9,1340.2,1345.5,24017236,-0.0019286403085824189,1269.1100000000001,1330.7979999999998,,0.02024728094250008,1437.0,-0.06367432150313153
ICICIBANK,Banking,2026-04-17,1347.0,1352.9,1334.0,1346.8,18151993,0.0009661835748790981,1272.805,1330.634,,0.02009477087906033,1437.0,-0.06276965901183024
ICICIBANK,Banking,2026-04-20,1364.7,1376.4,1353.0,1356.2,21551520,0.006979506979507111,1276.18,1330.7020000000002,,0.019997544065887937,1437.0,-0.056228253305497536
ICICIBANK,Banking,2026-04-21,1368.0,1393.1,1360.0,1388.4,23312455,0.023742810794868063,1281.135,1330.6760000000002,,0.020528268147655186,1437.0,-0.03382045929018783
ICICIBANK,Banking,2026-04-22,1380.0,1380.1,1365.0,1367.6,13613487,-0.014981273408239848,1287.01,1329.86,,0.019431894614193874,1437.0,-0.04829505915100911
ICICIBANK,Banking,2026-04-23,1348.4,1354.0,1343.5,1348.0,20111792,-0.014331675928634047,1292.14,1328.89,,0.0198135847872483,1437.0,-0.061934585942936674
ICICIBANK,Banking,2026-04-24,1336.3,1348.8,1324.0,1326.2,14056743,-0.016172106824925758,1297.315,1327.292,,0.019696413096289386,1437.0,-0.07710508002783574
ICICIBANK,Banking,2026-04-27,1327.9,1335.9,1310.9,1314.1,15385625,-0.00912381239632043,1300.46,1325.648,,0.019377505262272946,1437.0,-0.0855254001391789
ICICIBANK,Banking,2026-04-28,1314.3,1317.7,1286.7,1292.0,16774778,-0.0168175937904268,1302.075,1323.358,,0.019824696300083842,1437.0,-0.10090466249130133
ICICIBANK,Banking,2026-04-29,1294.7,1296.8,1276.2,1281.0,11716030,-0.008513931888544879,1304.435,1320.856,,0.019296695125592032,1437.0,-0.10855949895615867
ICICIBANK,Banking,2026-04-30,1261.0,1272.2,1259.0,1263.4,17740110,-0.013739266198282474,1307.31,1317.524,,0.01879518333568564,1437.0,-0.12080723729993034
ICICIBANK,Banking,2026-05-01,1263.4,1263.4,1263.4,1263.4,0,0.0,1309.845,1314.5,,0.018787868467172345,1437.0,-0.12080723729993034
ICICIBANK,Banking,2026-05-04,1264.3,1282.2,1264.3,1270.8,14597051,0.0058572107012822006,1312.5949999999998,1311.684,,0.018805511756378217,1437.0,-0.11565762004175369
ICICIBANK,Banking,2026-05-05,1264.0,1266.7,1245.5,1251.3,24447935,-0.015344664778092487,1313.5900000000001,1308.56,,0.019035376717909874,1437.0,-0.1292275574112735
ICICIBANK,Banking,2026-05-06,1262.0,1282.8,1252.1,1279.5,22909586,0.022536561975545544,1315.2900000000002,1305.986,,0.019512024920649167,1437.0,-0.10960334029227557
ICICIBANK,Banking,2026-05-07,1284.7,1294.0,1273.2,1279.0,25028552,-0.0003907776475186031,1313.78,1303.79,,0.015631577972323923,1437.0,-0.10995128740431455
ICICIBANK,Banking,2026-05-08,1279.6,1279.6,1261.2,1264.8,11137424,-0.01110242376856918,1312.9550000000002,1301.196,,0.015092589935220202,1437.0,-0.11983298538622132
ICICIBANK,Banking,2026-05-11,1259.4,1275.7,1252.0,1266.4,18980488,0.0012650221378875948,1310.1799999999998,1298.536,,0.013071356209315264,1437.0,-0.11871955462769652
ICICIBANK,Banking,2026-05-12,1256.0,1259.9,1236.3,1240.3,21110708,-0.020609602021478324,1304.64,1295.646,,0.012388348252906876,1437.0,-0.13688239387613085
ICICIBANK,Banking,2026-05-13,1238.3,1249.2,1227.2,1235.6,19490295,-0.0037894057889220623,1299.0149999999999,1292.348,,0.012380141505063532,1437.0,-0.1401530967292972
ICICIBANK,Banking,2026-05-14,1239.1,1256.7,1236.0,1246.0,16535600,0.008416963418582224,1294.04,1289.17,,0.012695454907965129,1437.0,-0.13291579679888657
ICICIBANK,Banking,2026-05-15,1246.6,1258.0,1242.0,1244.5,11745614,-0.0012038523274477964,1288.925,1286.482,,0.012662187627071726,1437.0,-0.13395963813500347
ICICIBANK,Banking,2026-05-18,1235.5,1253.7,1232.0,1251.1,13918850,0.005303334672559279,1283.6699999999998,1284.024,,0.012591976823717599,1437.0,-0.12936673625608913
ICICIBANK,Banking,2026-05-19,1251.1,1256.3,1229.8,1240.8,38929053,-0.008232755175445527,1276.29,1281.5320000000002,,0.010792133972550964,1437.0,-0.13653444676409188
ICICIBANK,Banking,2026-05-20,1230.0,1239.7,1223.3,1237.3,14953103,-0.0028207607994842343,1269.775,1279.126,,0.010573072364848833,1437.0,-0.13897007654836468
ICICIBANK,Banking,2026-05-21,1245.3,1248.3,1234.4,1242.8,14394386,0.004445162854602724,1264.5149999999999,1277.714,,0.010528862496344556,1437.0,-0.135142658315936
ICICIBANK,Banking,2026-05-22,1242.0,1270.8,1242.0,1264.3,11601085,0.017299645960733745,1261.4199999999998,1277.432,,0.01113529622674482,1437.0,-0.1201809324982603
ICICIBANK,Banking,2026-05-25,1271.0,1293.5,1270.9,1291.8,13853923,0.0217511666534842,1260.3049999999998,1277.03,,0.012229982291949635,1437.0,-0.10104384133611694
ICICIBANK,Banking,2026-05-26,1290.0,1301.8,1276.2,1279.1,18400405,-0.009831243226505637,1259.66,1276.72,,0.011841541192108347,1437.0,-0.10988169798190682
ICICIBANK,Banking,2026-05-27,1286.0,1293.4,1266.7,1272.7,18366272,-0.005003518098663062,1259.245,1276.844,,0.011741082157364411,1437.0,-0.11433542101600554
ICICIBANK,Banking,2026-05-28,1272.7,1272.7,1272.7,1272.7,0,0.0,1259.71,1277.202,,0.011304718308288168,1437.0,-0.11433542101600554
ICICIBANK,Banking,2026-05-29,1275.1,1287.8,1247.9,1256.4,31007884,-0.01280741730179924,1259.3600000000001,1276.872,,0.011686497398268691,1437.0,-0.12567849686847593
ICICIBANK,Banking,2026-06-01,1257.1,1261.9,1235.9,1239.7,9911975,-0.013291945240369363,1257.805,1275.892,,0.011944574763414153,1437.0,-0.13729993041057756
ICICIBANK,Banking,2026-06-02,1233.0,1237.7,1220.7,1226.6,17920892,-0.010567072678874023,1256.5700000000002,1274.638,,0.01169127444288333,1437.0,-0.14641614474599868
ICICIBANK,Banking,2026-06-03,1219.9,1248.3,1213.7,1242.0,13934754,0.012555030164682845,1254.6950000000002,1274.476,,0.010817101876176875,1437.0,-0.13569937369519833
ICICIBANK,Banking,2026-06-04,1232.2,1262.3,1232.2,1251.7,19461560,0.007809983896940542,1253.3300000000002,1274.6019999999999,,0.01101226758629032,1437.0,-0.1289491997216423
ICICIBANK,Banking,2026-06-05,1257.0,1265.0,1250.0,1262.1,10166393,0.008308700167771743,1253.195,1275.39,,0.010932055878681722,1437.0,-0.1217118997912318
ICICIBANK,Banking,2026-06-08,1246.4,1254.0,1243.1,1250.2,10714196,-0.009428729894619958,1252.385,1275.37,,0.011124174252080721,1437.0,-0.1299930410577592
ICICIBANK,Banking,2026-06-09,1255.0,1279.9,1252.7,1275.0,22368579,0.01983682610782278,1254.1200000000001,1275.6760000000002,,0.010967544261901972,1437.0,-0.1127348643006263
ICICIBANK,Banking,2026-06-10,1271.3,1306.0,1271.3,1293.3,25951584,0.014352941176470457,1257.0049999999999,1276.866,,0.011258877547386796,1437.0,-0.10000000000000003
ICICIBANK,Banking,2026-06-11,1286.5,1333.0,1286.5,1317.0,35919374,0.018325214567385784,1260.5549999999998,1279.088,,0.011747522617286761,1437.0,-0.08350730688935282
ICICIBANK,Banking,2026-06-12,1330.0,1344.3,1318.7,1340.8,18339846,0.018071374335611123,1265.37,1281.65,,0.01218097178345441,1437.0,-0.06694502435629787
ICICIBANK,Banking,2026-06-15,1354.6,1362.7,1325.3,1327.6,16172921,-0.009844868735083612,1269.1950000000002,1283.886,,0.012548242601163669,1437.0,-0.07613082811412672
ICICIBANK,Banking,2026-06-16,1331.9,1337.3,1326.3,1334.3,13069159,0.005046700813498006,1273.8700000000001,1285.944,,0.012268218400528042,1437.0,-0.07146833681280448
ICICIBANK,Banking,2026-06-17,1342.0,1346.0,1333.4,1336.8,8026424,0.0018736416098328323,1278.8449999999998,1287.77,,0.012181285475638542,1437.0,-0.06972860125260963
ICICIBANK,Banking,2026-06-18,1333.6,1346.9,1331.4,1342.3,13467985,0.004114302812687098,1283.82,1288.432,,0.012180795239777512,1437.0,-0.06590118302018097
ICICIBANK,Banking,2026-06-19,1340.5,1352.3,1332.0,1346.5,9057322,0.0031289577590702944,1287.9299999999998,1289.736,1345.4389999999999,0.011767206937124476,1437.0,-0.06297842727905359
ICICIBANK,Banking,2026-06-22,1353.0,1362.7,1348.4,1352.4,4814845,0.004381730412179818,1290.96,1290.346,1345.146,0.010939394564060415,1437.0,-0.058872651356993676
ICICIBANK,Banking,2026-06-23,1358.0,1369.1,1331.5,1338.3,11884879,-0.01042590949423261,1293.9199999999998,1290.09,1344.8664999999999,0.010975000373556596,1437.0,-0.06868475991649273
ICICIBANK,Banking,2026-06-24,1340.6,1377.6,1340.6,1373.6,16440708,0.026376746618844704,1298.9650000000001,1290.6,1344.7495,0.012061915559892836,1437.0,-0.04411969380654147
ICICIBANK,Banking,2026-06-25,1381.9,1404.0,1380.1,1387.5,17173209,0.01011939429237052,1304.705,1291.44,1344.6594999999998,0.012102290079310983,1437.0,-0.03444676409185804
ICICIBANK,Banking,2026-06-26,1387.5,1387.5,1387.5,1387.5,0,0.0,1311.2599999999998,1292.254,1344.5829999999999,0.011466171868412615,1437.0,-0.03444676409185804
ICICIBANK,Banking,2026-06-29,1390.0,1402.0,1383.2,1387.6,13249405,7.207207207193811e-05,1318.655,1292.882,1344.5075,0.010706012188404527,1437.0,-0.034377174669450304
ICICIBANK,Banking,2026-06-30,1402.0,1402.0,1366.1,1375.2,18398057,-0.008936292879792362,1326.085,1292.618,1344.365,0.010581036241556017,1437.0,-0.04300626304801667
ICICIBANK,Banking,2026-07-01,1371.4,1385.1,1367.7,1379.8,11948034,0.003344968004653781,1332.975,1292.862,1344.2445,0.010470817202827231,1437.0,-0.03980514961725821
ICICIBANK,Banking,2026-07-02,1381.9,1405.0,1376.8,1400.0,15779429,0.014639802869981233,1340.3899999999999,1293.902,1344.2365,0.010665639310045279,1437.0,-0.025748086290883786
ICICIBANK,Banking,2026-07-03,1414.0,1420.0,1405.9,1411.4,12901785,0.00814285714285723,1347.855,1295.606,1344.205,0.010663542368367123,1437.0,-0.017814892136395203
ICICIBANK,Banking,2026-07-06,1412.0,1431.6,1411.6,1426.9,12306949,0.010982003684285147,1356.69,1297.862,1344.2425,0.010105632907153612,1437.0,-0.007028531663187132
ICICIBANK,Banking,2026-07-07,1431.6,1433.0,1410.0,1414.7,15664178,-0.008550003504099846,1363.675,1300.3159999999998,1344.208,0.010153868418960056,1437.0,-0.015518441196938034
ICICIBANK,Banking,2026-07-08,1410.3,1418.3,1375.9,1380.6,10573142,-0.024104050328691673,1368.04,1302.308,1344.015,0.01184238333535928,1437.0,-0.039248434237995886
ICICIBANK,Banking,2026-07-09,1382.9,1403.6,1377.3,1380.7,13948838,7.243227582209855e-05,1371.225,1304.654,1343.81,0.011318325774794488,1437.0,-0.039178844815588
ICICIBANK,Banking,2026-07-10,1389.7,1408.2,1389.6,1401.2,6409645,0.014847541102339434,1374.2450000000001,1307.4099999999999,1343.805,0.011104712608395535,1437.0,-0.024913013221990226
ICICIBANK,Banking,2026-07-13,1393.5,1413.0,1386.3,1409.5,10091437,0.005923494147873187,1378.34,1310.184,1343.845,0.01075397144915773,1437.0,-0.019137091162143353
ICICIBANK,Banking,2026-07-14,1400.0,1411.8,1392.0,1407.7,14133017,-0.0012770485987938507,1382.01,1313.312,1343.912,0.010785172684277653,1437.0,-0.020389700765483614
ICICIBANK,Banking,2026-07-15,1412.9,1428.0,1409.2,1416.2,12961648,0.006038218370391313,1385.98,1316.046,1344.0794999999998,0.010807819003603378,1437.0,-0.014474599860821124
ICICIBANK,Banking,2026-07-16,1420.1,1423.7,1406.2,1418.2,10165264,0.0014122299110295167,1389.775,1318.83,1344.2915,0.010809315579293577,1437.0,-0.013082811412665244
ICICIBANK,Banking,2026-07-17,1422.1,1455.1,1419.7,1444.3,11112550,0.018403610210125487,1394.6650000000002,1322.42,1344.715,0.011358730794322714,1444.3,0.0
ICICIBANK,Banking,2026-07-20,1444.5,1480.0,1439.5,1460.2,22236415,0.01100879318701109,1400.0549999999998,1326.296,1345.2755,0.011479577063205489,1460.2,0.0
ICICIBANK,Banking,2026-07-21,1470.0,1473.9,1456.6,1463.1,18269907,0.0019860293110531835,1406.295,1330.7519999999997,1345.851,0.010989107327924377,1463.1,0.0
ICICIBANK,Banking,2026-07-22,1466.4,1466.4,1438.4,1440.7,8345136,-0.015309958307702765,1409.65,1334.854,1346.1944999999998,0.010571805734567742,1463.1,-0.01530995830770273
ICICIBANK,Banking,2026-07-23,1432.5,1446.0,1426.6,1434.6,12409328,-0.004234052890955908,1412.0049999999999,1338.626,1346.5415,0.010510121350493385,1463.1,-0.01947918802542547
ICICIBANK,Banking,2026-07-24,1428.0,1440.0,1415.4,1432.9,10870914,-0.0011849993029414696,1414.275,1342.394,1346.889,0.010523678060607776,1463.1,-0.020641104504134932
ICICIBANK,Banking,2026-07-27,1435.7,1449.0,1428.8,1445.7,10608300,0.008932933212366434,1417.1799999999998,1346.2859999999998,1347.2379999999998,0.010639023739537127,1463.1,-0.01189255689973335
ICICIBANK,Banking,2026-07-28,1442.3,1445.9,1417.6,1430.8,19486209,-0.010306425952825715,1419.96,1350.086,1347.5404999999998,0.010717993859387324,1463.1,-0.022076413095482167
ICICIBANK,Banking,2026-07-29,1442.5,1448.5,1428.5,1437.9,10856166,0.004962258876153314,1422.865,1354.0980000000002,1347.849,0.010734458640387298,1463.1,-0.01722370309616555
ICICIBANK,Banking,2026-07-30,1431.1,1442.2,1422.6,1433.9,14141173,-0.0027818346199318666,1424.56,1357.92,1348.1170000000002,0.01036549264232591,1463.1,-0.019957624222541055
ICICIBANK,Banking,2026-07-31,1434.3,1441.9,1431.4,1435.4,8752440,0.0010460980542577047,1425.76,1361.3419999999999,1348.397,0.010237731258394212,1463.1,-0.01893240380015024
ICICIBANK,Banking,2026-08-03,1442.0,1460.0,1433.0,1460.0,7706747,0.017138079977706555,1427.415,1364.7059999999997,1348.7765,0.010641594099732105,1463.1,-0.002118788872940954
ICICIBANK,Banking,2026-08-04,1452.0,1454.6,1430.8,1454.6,11458963,-0.0036986301369863472,1429.41,1368.2160000000001,1349.0575,0.01046138983119155,1463.1,-0.005809582393547947
ICICIBANK,Banking,2026-08-05,1454.6,1454.6,1431.2,1450.1,11723296,-0.0030936339887254194,1432.885,1371.7640000000001,1349.2214999999999,0.008660859718901745,1463.1,-0.008885243660720389
ICICIBANK,Banking,2026-08-06,1460.0,1460.0,1448.3,1457.5,14954726,0.005103096338183732,1436.725,1375.46,1349.326,0.008659873469322985,1463.1,-0.003827489576925644
ICICIBANK,Banking,2026-08-07,1451.0,1455.0,1418.2,1421.0,14395789,-0.025042881646655246,1437.715,1378.7520000000002,1349.4795000000001,0.010185310263179951,1463.1,-0.02877451985510212
ICICIBANK,Banking,2026-08-10,1428.1,1441.9,1415.5,1431.8,12749354,0.007600281491907168,1438.83,1382.594,1349.7285000000002,0.010236896211812879,1463.1,-0.02139293281388829
ICICIBANK,Banking,2026-08-11,1432.1,1434.0,1412.2,1429.6,10471914,-0.0015365274479676172,1439.925,1386.654,1350.0580000000002,0.010239877979855847,1463.1,-0.02289658943339485
ICICIBANK,Banking,2026-08-12,1429.4,1435.0,1418.6,1431.7,8201733,0.0014689423614997477,1440.7,1390.4479999999999,1350.328,0.010168097251652616,1463.1,-0.021461280842047615
ICICIBANK,Banking,2026-08-13,1429.0,1429.0,1406.4,1406.8,11408206,-0.017391911713347863,1440.13,1393.55,1350.4740000000002,0.010929306741222064,1463.1,-0.03847993985373519
ICICIBANK,Banking,2026-08-14,1403.0,1417.8,1401.0,1417.0,6097934,0.007250497583167537,1438.7649999999999,1396.648,1350.7435,0.010181181031802895,1463.1,-0.03150844098147763
ICICIBANK,Banking,2026-08-17,1418.0,1423.6,1407.0,1415.3,5605603,-0.0011997177134792647,1436.52,1399.95,1350.968,0.009787715776880132,1463.1,-0.032670357460187247
ICICIBANK,Banking,2026-08-18,1410.0,1416.6,1406.3,1412.0,8345198,-0.002331661131915408,1433.965,1402.69,1351.2160000000001,0.009753998179694951,1463.1,-0.034925842389447
ICICIBANK,Banking,2026-08-19,1412.0,1416.0,1391.5,1402.0,10304210,-0.007082152974504208,1432.03,1404.864,1351.4995000000001,0.009314738831651001,1463.1,-0.04176064520538576
ICICIBANK,Banking,2026-08-20,1407.8,1413.0,1403.3,1411.9,8425049,0.0070613409415121176,1430.895,1406.7619999999997,1351.8269999999998,0.009469837567068496,1463.1,-0.03499419041760633
ICICIBANK,Banking,2026-08-21,1417.0,1420.0,1411.2,1420.0,4565280,0.005736950208938163,1430.25,1408.346,1352.2425,0.009579128606555078,1463.1,-0.029458000136695996
ICICIBANK,Banking,2026-08-24,1420.5,1425.5,1408.7,1415.0,5307113,-0.0035211267605633756,1428.7150000000001,1410.094,1352.7154999999998,0.009341789630383294,1463.1,-0.032875401544665374
ICICIBANK,Banking,2026-08-25,1408.0,1424.9,1408.0,1422.7,7983249,0.0054416961130743235,1428.31,1411.8619999999999,1353.114,0.009181136544852071,1463.1,-0.0276126033763925
ICICIBANK,Banking,2026-08-26,1423.1,1446.0,1423.1,1430.0,4177066,0.005131088774864567,1427.915,1413.7259999999997,1353.524,0.009186251067454902,1463.1,-0.022623197320757234
ICICIBANK,Banking,2026-08-27,1445.0,1453.8,1433.1,1443.0,11539716,0.009090909090909038,1428.37,1415.74,1353.9475,0.009394280058286672,1463.1,-0.013737953660036847
ICICIBANK,Banking,2026-08-28,1435.0,1439.8,1418.9,1422.8,8625738,-0.013998613998614018,1427.7400000000002,1417.266,1354.2669999999998,0.009923749639213993,1463.1,-0.027544255348233175
ICICIBANK,Banking,2026-08-31,1422.8,1454.0,1419.0,1454.0,15331697,0.02192859150969917,1427.44,1419.2979999999998,1354.6075,0.010414840772468351,1463.1,-0.00621967056250421
ICICIBANK,Banking,2026-09-01,1442.9,1446.7,1422.8,1438.0,10599308,-0.011004126547455306,1426.6100000000001,1421.292,1354.9325,0.01067066578456879,1463.1,-0.017155355068006226
INFY,IT,2025-09-01,1476.7,1503.4,1476.2,1499.4,4546057,,,,,,1499.4,0.0
INFY,IT,2025-09-02,1499.4,1512.8,1486.3,1498.7,5218763,-0.00046685340802987696,,,,,1499.4,-0.00046685340802990894
INFY,IT,2025-09-03,1500.0,1501.9,1473.0,1479.1,4623483,-0.01307800093414302,,,,,1499.4,-0.0135387488328666
INFY,IT,2025-09-04,1484.0,1484.0,1460.1,1463.0,5787724,-0.010884997633696103,,,,,1499.4,-0.024276377217553748
INFY,IT,2025-09-05,1470.0,1472.7,1433.0,1444.6,5466487,-0.01257689678742313,,,,,1499.4,-0.03654795251433919
INFY,IT,2025-09-08,1451.0,1458.0,1428.3,1432.9,3811567,-0.008099127786238225,,,,,1499.4,-0.044351073762838464
INFY,IT,2025-09-09,1481.0,1507.2,1472.5,1504.3,13072640,0.04982901807523188,,,,,1504.3,0.0
INFY,IT,2025-09-10,1510.1,1534.9,1509.3,1532.6,7281071,0.01881273682111284,,,,,1532.6,0.0
INFY,IT,2025-09-11,1523.9,1527.5,1506.5,1509.7,8003662,-0.01494192874853184,,,,,1532.6,-0.014941928748531818
INFY,IT,2025-09-12,1537.0,1542.9,1521.1,1525.6,12856963,0.010531893753725763,,,,,1532.6,-0.004567401800861281
INFY,IT,2025-09-15,1525.6,1527.5,1501.2,1508.4,6167414,-0.01127425275301508,,,,,1532.6,-0.015790160511548884
INFY,IT,2025-09-16,1508.4,1514.0,1503.5,1511.3,8923112,0.0019225669583664562,,,,,1532.6,-0.0138979511940493
INFY,IT,2025-09-17,1516.9,1526.7,1514.0,1522.4,4795698,0.007344670151525179,,,,,1532.6,-0.0066553569098263205
INFY,IT,2025-09-18,1550.0,1555.0,1538.5,1540.6,9331945,0.011954808197582656,,,,,1540.6,0.0
INFY,IT,2025-09-19,1544.6,1551.3,1520.1,1540.2,12988129,-0.00025963910164861215,,,,,1540.6,-0.00025963910164861974
INFY,IT,2025-09-22,1482.7,1514.7,1482.0,1499.5,15655204,-0.026425139592260782,,,,,1540.6,-0.02667791769440472
INFY,IT,2025-09-23,1493.0,1513.0,1493.0,1497.5,9832164,-0.0013337779259753324,,,,,1540.6,-0.027976113202648263
INFY,IT,2025-09-24,1487.2,1496.7,1482.7,1494.6,4937004,-0.0019365609348915847,,,,,1540.6,-0.029858496689601454
INFY,IT,2025-09-25,1489.0,1502.7,1476.5,1484.8,9491867,-0.006556938311253813,,,,,1540.6,-0.03621965467999478
INFY,IT,2025-09-26,1475.0,1478.7,1441.2,1448.9,8597058,-0.024178340517241326,1496.905,,,,1540.6,-0.05952226405296626
INFY,IT,2025-09-29,1460.0,1465.0,1436.5,1441.8,10513117,-0.004900269169715088,1494.025,,,0.016703318969294244,1540.6,-0.06413085810723092
INFY,IT,2025-09-30,1443.0,1452.2,1438.1,1441.8,7556305,0.0,1491.18,,,0.016705644157264957,1540.6,-0.06413085810723092
INFY,IT,2025-10-01,1446.0,1449.5,1427.4,1445.8,6250692,0.0027743098904147168,1489.5149999999999,,,0.016517515657446805,1540.6,-0.06153446709074384
INFY,IT,2025-10-03,1439.0,1448.3,1433.2,1446.6,6877533,0.0005533268778530331,1488.695,,,0.01635481959233252,1540.6,-0.061015188887446455
INFY,IT,2025-10-06,1446.6,1478.8,1442.3,1476.0,4630590,0.020323517212774922,1490.2649999999999,,,0.016720121447711747,1540.6,-0.041931714916266336
INFY,IT,2025-10-07,1477.7,1482.9,1454.0,1458.5,5570320,-0.01185636856368566,1491.5449999999998,,,0.016850782946492362,1540.6,-0.05329092561339732
INFY,IT,2025-10-08,1457.0,1498.0,1455.0,1495.0,4657192,0.025025711347274493,1491.08,,,0.013684762878196087,1540.6,-0.02959885758795269
INFY,IT,2025-10-09,1502.0,1514.0,1487.0,1509.3,7028753,0.009565217391304337,1489.9150000000002,,,0.013153733409154584,1540.6,-0.020316759704011395
INFY,IT,2025-10-10,1510.0,1521.7,1498.8,1514.9,3738353,0.0037103292917246566,1490.175,,,0.012744443008258081,1540.6,-0.01668181228092939
INFY,IT,2025-10-13,1497.0,1504.7,1483.4,1493.2,5859355,-0.01432437784672258,1488.5549999999998,,,0.012899942957775488,1540.6,-0.030767233545371846
INFY,IT,2025-10-14,1499.0,1514.4,1486.5,1489.9,5600789,-0.0022100187516742587,1487.63,,,0.012677043396337354,1540.6,-0.03290925613397366
INFY,IT,2025-10-15,1483.9,1488.6,1467.5,1474.4,6986098,-0.010403382777367631,1485.785,,,0.012849448468095648,1540.6,-0.04297027132286111
INFY,IT,2025-10-16,1473.9,1474.5,1460.5,1471.5,8005748,-0.001966901790558917,1483.24,,,0.012692946776127739,1540.6,-0.044852654809814305
INFY,IT,2025-10-17,1454.9,1458.4,1434.0,1441.1,16959378,-0.020659191301393154,1478.265,,,0.012949280985489859,1540.6,-0.0645852265351162
INFY,IT,2025-10-20,1453.7,1467.0,1450.0,1460.9,6994246,0.01373950454513917,1474.3,,,0.013486792321651928,1540.6,-0.05173309100350501
INFY,IT,2025-10-21,1478.0,1486.0,1470.0,1472.4,1698704,0.007871859812444315,1472.9450000000002,,,0.0124307767345921,1540.6,-0.04426846683110465
INFY,IT,2025-10-23,1510.0,1546.0,1506.0,1528.5,20358624,0.03810105949470244,1474.4950000000001,,,0.01517306912354146,1540.6,-0.007854082824873368
INFY,IT,2025-10-24,1539.5,1543.0,1518.0,1525.4,8652257,-0.0020281321557081844,1476.0349999999999,,,0.015174058113786614,1540.6,-0.009866285862650797
INFY,IT,2025-10-27,1510.0,1515.3,1498.1,1504.5,7273211,-0.013701324242821666,1477.02,,,0.015446175073389606,1540.6,-0.023432428923795864
INFY,IT,2025-10-28,1499.7,1506.5,1490.5,1500.2,8211019,-0.0028580923894981902,1479.585,,,0.014328918117927029,1540.6,-0.02622354926651945
INFY,IT,2025-10-29,1500.2,1520.2,1496.9,1510.4,4884976,0.006799093454206151,1483.0149999999999,,,0.014278080712082017,1540.6,-0.01960275217447736
INFY,IT,2025-10-30,1507.0,1508.2,1489.1,1493.8,5608867,-0.010990466101694962,1485.615,,,0.014584444798135459,1540.6,-0.03037777489289884
INFY,IT,2025-10-31,1490.0,1497.1,1480.7,1482.3,4819814,-0.007698487079930372,1487.44,,,0.014737595220073889,1540.6,-0.03784239906529921
INFY,IT,2025-11-03,1482.3,1491.4,1474.2,1485.5,5470600,0.002158807258989537,1489.385,,,0.01473740191874126,1540.6,-0.035765286252109514
INFY,IT,2025-11-04,1479.7,1481.9,1462.9,1467.9,8691330,-0.01184786267250082,1488.98,,,0.0143163703958148,1540.6,-0.04718940672465262
INFY,IT,2025-11-06,1478.6,1483.0,1461.9,1466.7,7944752,-0.0008174943797262246,1489.39,,,0.014052826957581284,1540.6,-0.047968324029598775
INFY,IT,2025-11-07,1470.0,1480.9,1449.1,1476.8,8765759,0.006886207131655997,1488.48,,,0.012917513993798608,1540.6,-0.041412436712968945
INFY,IT,2025-11-10,1490.1,1520.0,1490.0,1513.5,9787975,0.024851029252437762,1488.69,,,0.013956877576645176,1540.6,-0.01759054913669993
INFY,IT,2025-11-11,1525.0,1533.4,1511.1,1530.3,13692989,0.011100099108027672,1489.46,,,0.01415032293625305,1540.6,-0.00668570686745421
INFY,IT,2025-11-12,1540.0,1559.2,1538.1,1551.7,14635417,0.013984186107299346,1492.385,1490.174,,0.013993845130687754,1551.7,0.0
INFY,IT,2025-11-13,1557.1,1557.5,1530.3,1541.8,19655689,-0.006380099245988369,1494.98,1491.0220000000002,,0.014090848344132482,1551.7,-0.00638009924598833
INFY,IT,2025-11-14,1520.0,1530.0,1488.8,1502.8,9739549,-0.025295109612141653,1496.4,1491.104,,0.015125495153482667,1551.7,-0.03151382354836636
INFY,IT,2025-11-17,1496.0,1510.2,1492.5,1507.6,7910354,0.0031940377961139355,1498.2050000000002,1491.674,,0.015115113664950794,1551.7,-0.02842044209576602
INFY,IT,2025-11-18,1506.0,1506.0,1483.2,1486.4,7525119,-0.01406208543380194,1500.4699999999998,1492.142,,0.014675808635754411,1551.7,-0.042082876844750886
INFY,IT,2025-11-19,1490.5,1543.0,1490.5,1541.1,10981126,0.03680032292787927,1504.48,1494.072,,0.016471652389375993,1551.7,-0.00683121737449258
INFY,IT,2025-11-20,1555.0,1555.0,1534.0,1536.5,7387584,-0.002984880929206346,1507.685,1496.144,,0.016474721141245558,1551.7,-0.009795707933234546
INFY,IT,2025-11-21,1531.0,1551.5,1526.3,1545.0,9186302,0.0055320533680442985,1508.51,1496.9579999999999,,0.014197915484530676,1551.7,-0.004317844944254717
INFY,IT,2025-11-24,1563.6,1585.0,1541.0,1548.0,19270381,0.001941747572815622,1509.64,1497.2659999999998,,0.014186512684757393,1551.7,-0.002384481536379484
INFY,IT,2025-11-25,1549.0,1550.6,1525.9,1530.6,8107952,-0.011240310077519466,1510.9450000000002,1497.684,,0.014063975999905632,1551.7,-0.013597989302055897
INFY,IT,2025-11-26,1532.1,1560.3,1532.1,1557.9,7575038,0.017836142689141576,1513.8300000000002,1498.33,,0.014522560013671297,1557.9,0.0
INFY,IT,2025-11-27,1564.0,1574.3,1552.2,1566.4,7552252,0.00545606264843701,1516.6299999999999,1499.49,,0.014502235436135144,1566.4,0.0
INFY,IT,2025-11-28,1565.0,1568.4,1557.0,1560.1,4453221,-0.0040219611848826275,1519.9450000000002,1500.4659999999997,,0.0142573414699458,1566.4,-0.004021961184882649
INFY,IT,2025-12-01,1562.5,1574.0,1556.0,1564.0,5341800,0.002499839753862032,1524.0300000000002,1501.2979999999998,,0.014063116135818001,1566.4,-0.0015321756894791183
INFY,IT,2025-12-02,1567.0,1579.9,1556.1,1561.0,6335969,-0.0019181585677748858,1527.805,1501.7059999999997,,0.014102081641840727,1566.4,-0.0034473953013279433
INFY,IT,2025-12-03,1555.1,1586.0,1554.1,1578.7,12895312,0.011338885329916781,1533.3449999999998,1502.476,,0.013803849502808248,1578.7,0.0
INFY,IT,2025-12-04,1568.0,1599.0,1568.0,1597.6,12609619,0.01197187559384294,1539.8899999999999,1504.4379999999999,,0.01387789006104609,1597.6,0.0
INFY,IT,2025-12-05,1610.0,1631.8,1600.0,1616.2,10344725,0.011642463695543448,1546.8600000000001,1506.812,,0.013963682967248446,1616.2,0.0
INFY,IT,2025-12-08,1617.1,1630.0,1600.2,1610.8,7550413,-0.003341170647197189,1551.725,1509.136,,0.013216051488393936,1616.2,-0.0033411706471971852
INFY,IT,2025-12-09,1601.2,1606.9,1582.4,1599.0,6957599,-0.007325552520486722,1555.16,1511.42,,0.01327862581981604,1616.2,-0.01064224724662792
INFY,IT,2025-12-10,1608.0,1608.0,1582.8,1584.8,5116140,-0.008880550343964955,1556.815,1514.138,,0.013202095039372684,1616.2,-0.019428288578146324
INFY,IT,2025-12-11,1598.0,1607.4,1580.5,1598.0,5159319,0.00832912670368513,1559.625,1517.2620000000002,,0.013170897243595273,1616.2,-0.011260982551664425
INFY,IT,2025-12-12,1601.4,1601.8,1582.6,1598.2,4633912,0.00012515644555688432,1564.395,1520.39,,0.011536178667549937,1616.2,-0.011137235490657097
INFY,IT,2025-12-15,1585.0,1610.8,1585.0,1606.8,4190558,0.005381053685395987,1569.355,1523.61,,0.011547031624268985,1616.2,-0.0058161118673432065
INFY,IT,2025-12-16,1600.0,1603.0,1585.6,1592.9,5499258,-0.008650734378889635,1574.68,1526.5359999999998,,0.011177412760428437,1616.2,-0.014416532607350548
INFY,IT,2025-12-17,1587.2,1606.9,1586.0,1602.0,4817628,0.00571285077531547,1577.725,1529.0559999999998,,0.008022822362312568,1616.2,-0.008786041331518404
INFY,IT,2025-12-18,1610.5,1630.0,1606.7,1626.8,6577293,0.01548064918851444,1582.24,1532.4219999999998,,0.008472489928342911,1626.8,0.0
INFY,IT,2025-12-19,1650.0,1654.9,1629.8,1638.7,13149023,0.0073149741824440895,1586.925,1535.2959999999998,,0.008511006033716167,1638.7,0.0
INFY,IT,2025-12-22,1664.0,1693.2,1664.0,1689.6,23098923,0.03106120705437232,1594.0049999999999,1538.902,,0.010566166878257597,1689.6,0.0
INFY,IT,2025-12-23,1679.0,1679.0,1656.4,1668.3,6593060,-0.01260653409090906,1600.8899999999999,1541.97,,0.010676705567064803,1689.6,-0.012606534090909064
INFY,IT,2025-12-24,1661.0,1667.6,1652.5,1663.4,4271167,-0.0029371216208115003,1606.165,1545.374,,0.010301612246240056,1689.6,-0.01550662878787868
INFY,IT,2025-12-26,1663.4,1668.8,1651.7,1656.1,2006491,-0.004388601659252256,1610.65,1548.698,,0.010429168963202725,1689.6,-0.019827178030303032
INFY,IT,2025-12-29,1658.0,1673.1,1637.1,1644.7,4062817,-0.006883642292132008,1614.8799999999999,1552.104,,0.010547220802728522,1689.6,-0.02657433712121204
INFY,IT,2025-12-30,1647.0,1647.9,1616.8,1621.6,9395937,-0.014045114610567344,1617.7599999999998,1555.106,,0.011192532953301472,1689.6,-0.04024621212121212
INFY,IT,2025-12-31,1621.0,1628.6,1609.2,1615.4,6538656,-0.003823384311790745,1620.48,1558.592,,0.011234492145322962,1689.6,-0.04391571969696959
INFY,IT,2026-01-01,1615.4,1639.6,1614.1,1629.8,3658165,0.00891420081713501,1623.035,1561.97,,0.01113851292515498,1689.6,-0.035392992424242396
INFY,IT,2026-01-02,1635.9,1643.5,1627.5,1640.4,2524526,0.006503865504970063,1625.175,1565.33,,0.010937176680633523,1689.6,-0.029119318181818076
INFY,IT,2026-01-05,1637.0,1637.0,1583.1,1606.4,5917885,-0.02072665203608881,1624.685,1566.8880000000001,,0.0117064044378319,1689.6,-0.049242424242424136
INFY,IT,2026-01-06,1600.1,1619.9,1599.0,1612.2,4466729,0.003610557768924272,1624.7549999999999,1568.624,,0.011712659932836496,1689.6,-0.04580965909090901
INFY,IT,2026-01-07,1615.0,1642.0,1615.0,1639.0,4508079,0.01662324773601287,1626.7549999999999,1571.3139999999999,,0.012129447255159465,1689.6,-0.029947916666666616
INFY,IT,2026-01-08,1638.9,1644.3,1608.6,1613.3,3942131,-0.015680292861500966,1628.1799999999998,1573.576,,0.012519036311410586,1689.6,-0.0451586174242424
INFY,IT,2026-01-09,1610.0,1631.3,1607.0,1614.1,6816681,0.0004958780140085217,1628.9850000000001,1575.65,,0.012398498338292667,1689.6,-0.044685132575757576
INFY,IT,2026-01-12,1610.1,1613.3,1592.6,1595.9,6985362,-0.011275633479957747,1628.87,1577.692,,0.012679132658931025,1689.6,-0.055456912878787776
INFY,IT,2026-01-13,1618.0,1618.0,1586.4,1599.0,8080618,0.0019424775988470255,1628.48,1580.026,,0.012625583382868398,1689.6,-0.05362215909090904
INFY,IT,2026-01-14,1588.0,1617.0,1583.1,1599.8,7557157,0.0005003126954346016,1628.825,1582.312,,0.012466803339959783,1689.6,-0.05314867424242422
INFY,IT,2026-01-15,1599.8,1599.8,1599.8,1599.8,0,0.0,1628.715,1584.95,,0.012401280964625585,1689.6,-0.05314867424242422
INFY,IT,2026-01-16,1663.7,1694.0,1653.4,1689.8,19335957,0.056257032129016116,1631.865,1589.412,,0.017417147177237517,1689.8,0.0
INFY,IT,2026-01-19,1685.0,1685.0,1666.5,1681.2,5104958,-0.005089359687536987,1633.99,1593.5,,0.01744036873339968,1689.8,-0.005089359687536933
INFY,IT,2026-01-20,1673.0,1680.2,1652.9,1658.9,6406503,-0.013264334998810301,1632.455,1596.4080000000001,,0.016251617052098308,1689.8,-0.01828618771452235
INFY,IT,2026-01-21,1651.0,1657.0,1631.2,1654.4,6224582,-0.002712640906624819,1631.76,1598.89,,0.016022073617555217,1689.8,-0.020949224760326585
INFY,IT,2026-01-22,1666.0,1671.2,1653.8,1663.5,6228892,0.00550048355899424,1631.7649999999999,1601.126,,0.016059992810103046,1689.8,-0.015563972067700294
INFY,IT,2026-01-23,1667.2,1675.7,1662.2,1670.8,5869137,0.0043883378418996255,1632.5,1603.7060000000001,,0.01605013894247201,1689.8,-0.011243934193395668
INFY,IT,2026-01-27,1685.8,1689.4,1661.1,1682.7,10673087,0.007122336605219104,1634.4,1607.3039999999999,,0.01601369615324885,1689.8,-0.004201680672268854
INFY,IT,2026-01-28,1680.0,1688.8,1650.0,1666.5,8588664,-0.009627384560527696,1636.645,1610.4820000000002,,0.015820748143809814,1689.8,-0.013788614037164136
INFY,IT,2026-01-29,1658.0,1666.5,1642.1,1659.5,4749582,-0.00420042004200416,1638.85,1613.944,,0.01582762702891826,1689.8,-0.01793111610841517
INFY,IT,2026-01-30,1655.0,1655.0,1618.1,1641.0,9207926,-0.01114793612533893,1639.4100000000003,1615.942,,0.01596574751334587,1689.8,-0.02887915729672148
INFY,IT,2026-02-02,1662.0,1662.0,1618.0,1629.4,6784887,-0.007068860450944459,1638.86,1617.8,,0.015983821162189722,1689.8,-0.03574387501479457
INFY,IT,2026-02-03,1727.2,1728.0,1653.0,1656.0,8805868,0.016325027617527965,1641.3400000000001,1620.02,,0.01562482397140508,1689.8,-0.02000236714404069
INFY,IT,2026-02-04,1574.0,1584.9,1510.1,1535.8,28828622,-0.07258454106280199,1637.52,1619.776,,0.02277222595592868,1689.8,-0.09113504556752279
INFY,IT,2026-02-05,1534.0,1551.0,1515.7,1520.2,10628127,-0.010157572600599019,1631.5800000000002,1619.568,,0.022392912346126222,1689.8,-0.10036690732631076
INFY,IT,2026-02-06,1522.1,1525.0,1480.0,1507.1,13900866,-0.008617287199052859,1626.27,1618.5520000000001,,0.022246154539901263,1689.8,-0.10811930405965206
INFY,IT,2026-02-09,1522.1,1528.0,1493.0,1497.2,8294615,-0.006568907172715743,1620.425,1617.168,,0.022241126128999023,1689.8,-0.1139779855604213
INFY,IT,2026-02-10,1500.0,1515.9,1491.0,1497.8,8657000,0.0004007480630510152,1615.52,1615.922,,0.02217982751452435,1689.8,-0.11362291395431412
INFY,IT,2026-02-11,1501.2,1505.9,1469.0,1471.9,7934411,-0.017292028308185214,1609.1650000000002,1614.08,,0.022373591039814855,1689.8,-0.12895017161794287
INFY,IT,2026-02-12,1428.9,1435.7,1380.5,1386.0,26048896,-0.05835994293090574,1598.475,1610.58,,0.025428154253285238,1689.8,-0.17978458989229493
INFY,IT,2026-02-13,1293.9,1377.3,1281.5,1369.1,45785709,-0.012193362193362312,1586.94,1606.388,,0.025401816983352078,1689.8,-0.18978577346431533
INFY,IT,2026-02-16,1373.7,1376.0,1338.3,1365.6,14621891,-0.0025564239281279377,1570.73,1601.7480000000003,,0.02058723055250022,1689.8,-0.19185702449994085
INFY,IT,2026-02-17,1370.0,1431.0,1367.0,1391.2,25347684,0.018746338605741153,1556.23,1597.2480000000003,,0.021576108776911608,1689.8,-0.17670730263936554
INFY,IT,2026-02-18,1390.9,1401.0,1345.3,1373.7,20241373,-0.012579068430132234,1541.97,1592.506,,0.02156984702617325,1689.8,-0.18706355781749315
INFY,IT,2026-02-19,1385.0,1402.0,1363.2,1370.5,14574228,-0.0023294751401324865,1527.775,1587.9360000000001,,0.021576043435508955,1689.8,-0.18895727305006507
INFY,IT,2026-02-20,1359.2,1365.0,1338.2,1353.2,12633552,-0.012623130244436287,1512.26,1583.3039999999999,,0.02130771127712374,1689.8,-0.1991951710261569
INFY,IT,2026-02-23,1352.0,1352.0,1318.0,1327.5,12887826,-0.01899201891812008,1495.095,1577.894,,0.021114591394099706,1689.8,-0.21440407148775
INFY,IT,2026-02-24,1301.0,1303.6,1264.1,1275.5,27839061,-0.03917137476459509,1474.7350000000001,1571.44,,0.02153188690748075,1689.8,-0.24517694401704343
INFY,IT,2026-02-25,1286.2,1323.6,1286.2,1290.1,16669618,0.01144649157193256,1455.915,1565.106,,0.022237007108010125,1689.8,-0.23653686826843418
INFY,IT,2026-02-26,1305.5,1314.0,1286.3,1289.1,11493914,-0.0007751337105650347,1437.395,1559.03,,0.02231714577885661,1689.8,-0.23712865427861288
INFY,IT,2026-02-27,1326.3,1335.0,1294.2,1300.1,23141724,0.008533085098130444,1420.35,1552.9920000000002,,0.02279954033049864,1689.8,-0.23061900816664696
INFY,IT,2026-03-02,1291.0,1298.8,1273.0,1288.9,9700361,-0.008614721944465664,1403.325,1546.234,,0.02278698371356552,1689.8,-0.23724701148064853
INFY,IT,2026-03-04,1292.0,1317.0,1292.0,1307.4,15154950,0.014353324540305579,1385.895,1539.6080000000002,,0.022664666835991307,1689.8,-0.22629897029234222
INFY,IT,2026-03-05,1320.0,1320.0,1290.1,1305.8,10362147,-0.0012238029677222872,1374.395,1531.932,,0.017590746392768416,1689.8,-0.22724582790862824
INFY,IT,2026-03-06,1303.0,1327.2,1303.0,1308.4,8724291,0.0019911165568999856,1363.8049999999998,1524.734,,0.01771901816287964,1689.8,-0.2257071842821635
INFY,IT,2026-03-09,1290.0,1318.0,1282.5,1315.0,10068514,0.005044328951390842,1354.2,1517.766,,0.0179285205225786,1689.8,-0.221801396614984
INFY,IT,2026-03-10,1320.0,1321.0,1284.1,1295.6,9600171,-0.014752851711026693,1344.12,1510.556,,0.018020016754621893,1689.8,-0.23328204521245122
INFY,IT,2026-03-11,1288.0,1299.5,1271.3,1276.3,7868891,-0.014896573016363046,1333.045,1503.1879999999999,,0.018011887052976745,1689.8,-0.24470351520890046
INFY,IT,2026-03-12,1272.5,1278.6,1258.0,1265.8,7599940,-0.008226905899866854,1322.74,1496.072,,0.017874313459838243,1689.8,-0.25091726831577704
INFY,IT,2026-03-13,1251.0,1269.6,1242.6,1248.3,7366098,-0.013825248854479333,1315.855,1488.73,,0.013400471799622853,1689.8,-0.2612735234939046
INFY,IT,2026-03-16,1240.2,1254.3,1224.2,1249.8,12314450,0.0012016342225427135,1309.8899999999999,1481.13,,0.01336367479490733,1689.8,-0.26038584447863655
INFY,IT,2026-03-17,1245.0,1245.0,1215.1,1232.9,11223276,-0.01352216354616731,1303.255,1472.98,,0.01350555408592578,1689.8,-0.2703870280506568
INFY,IT,2026-03-18,1238.0,1290.8,1234.9,1267.1,12365381,0.027739476032119237,1297.05,1466.194,,0.014454529587162446,1689.8,-0.25014794650254474
INFY,IT,2026-03-19,1244.2,1255.0,1215.1,1220.8,9156461,-0.03654013100781306,1289.405,1458.366,,0.01605811262639571,1689.8,-0.2775476387738194
INFY,IT,2026-03-20,1242.0,1264.8,1229.2,1255.9,27299975,0.028751638269987057,1283.675,1450.704,,0.017815324625311286,1689.8,-0.2567759498165463
INFY,IT,2026-03-23,1238.2,1261.1,1227.4,1256.8,12420293,0.0007166175650925588,1278.855,1443.5739999999998,,0.017733100105999867,1689.8,-0.2562433424073855
INFY,IT,2026-03-24,1269.0,1297.0,1251.0,1278.3,13613495,0.017106938255887938,1276.395,1436.8580000000002,,0.01791358729825571,1689.8,-0.24351994318854303
INFY,IT,2026-03-25,1270.0,1290.6,1257.1,1279.1,10824030,0.0006258311820386275,1276.575,1430.522,,0.01559654790843856,1689.8,-0.2430465143804001
INFY,IT,2026-03-27,1285.2,1294.8,1263.2,1269.7,13092541,-0.007348917207411376,1275.555,1423.9359999999997,,0.015452409896151358,1689.8,-0.24860930287607996
INFY,IT,2026-03-30,1250.0,1265.5,1243.0,1250.6,14108486,-0.01504292352524228,1273.6299999999999,1416.9520000000002,,0.01578270101520636,1689.8,-0.25991241567049356
INFY,IT,2026-04-01,1290.0,1303.0,1269.5,1275.7,8137156,0.020070366224212544,1272.41,1410.47,,0.016364843423336443,1689.8,-0.24505858681500764
INFY,IT,2026-04-02,1260.0,1305.4,1259.8,1300.8,12873492,0.019675472289723217,1273.0049999999999,1402.69,,0.016870441217873965,1689.8,-0.23020475795952183
INFY,IT,2026-04-06,1301.4,1320.0,1299.0,1306.2,10208682,0.004151291512915156,1272.9450000000002,1395.19,,0.016584350204524992,1689.8,-0.22700911350455671
INFY,IT,2026-04-07,1302.0,1345.1,1293.5,1339.4,15355792,0.025417240851324463,1274.625,1388.8,,0.017517371480982983,1689.8,-0.2073618179666232
INFY,IT,2026-04-08,1349.0,1376.9,1331.0,1346.2,16030133,0.005076900104524329,1276.5149999999999,1382.636,,0.017536275313485387,1689.8,-0.20333767309740794
INFY,IT,2026-04-09,1329.9,1337.5,1314.0,1331.6,14894607,-0.010845342445401918,1277.345,1375.9979999999998,,0.017729515621391582,1689.8,-0.2119777488460173
INFY,IT,2026-04-10,1318.0,1318.9,1283.3,1292.5,19233369,-0.029363172123760828,1277.19,1368.4319999999998,,0.018678651182068927,1689.8,-0.2351165818440052
INFY,IT,2026-04-13,1272.0,1289.0,1265.7,1276.8,10366082,-0.012147001934236012,1277.215,1360.3139999999999,,0.01857269987537284,1689.8,-0.2444076222038111
INFY,IT,2026-04-15,1306.3,1322.5,1300.5,1305.3,12098912,0.022321428571428603,1279.19,1353.09,,0.019093463282120304,1689.8,-0.2275417209137176
INFY,IT,2026-04-16,1322.1,1331.0,1309.0,1319.2,18527029,0.01064889297479521,1282.7350000000001,1346.2839999999999,,0.01882776273697069,1689.8,-0.21931589537223337
INFY,IT,2026-04-17,1313.0,1328.3,1306.1,1318.7,12064048,-0.00037901758641600836,1286.18,1339.838,,0.01883873478852483,1689.8,-0.2196117883773227
INFY,IT,2026-04-20,1320.0,1324.9,1308.1,1312.6,7172300,-0.0046257678016229375,1290.165,1333.5019999999997,,0.018534238310855516,1689.8,-0.22322168303941298
INFY,IT,2026-04-21,1310.0,1325.0,1299.3,1313.2,10057440,0.00045710802986453913,1292.47,1326.646,,0.017622423310244887,1689.8,-0.22286661143330566
INFY,IT,2026-04-22,1295.0,1297.7,1255.9,1268.6,20088378,-0.03396283886689011,1294.8600000000001,1321.3020000000001,,0.01733330562735666,1689.8,-0.24926026748727664
INFY,IT,2026-04-23,1254.0,1265.7,1226.0,1240.6,14792854,-0.02207157496452783,1294.095,1315.71,,0.01693594425197064,1689.8,-0.2658302757722808
INFY,IT,2026-04-24,1200.0,1223.9,1152.2,1154.6,42078914,-0.06932129614702565,1288.9850000000001,1308.66,,0.022875746369207806,1689.8,-0.3167238726476507
INFY,IT,2026-04-27,1154.6,1179.9,1154.5,1170.3,19579883,0.013597782781915813,1283.585,1302.122,,0.022718430666419712,1689.8,-0.30743283228784474
INFY,IT,2026-04-28,1162.7,1169.4,1149.8,1152.1,12720276,-0.015551567974023794,1277.235,1295.208,,0.022827050550653857,1689.8,-0.31820333767309744
INFY,IT,2026-04-29,1158.5,1178.2,1156.8,1167.5,8303109,0.013366895234788734,1272.1249999999998,1289.12,,0.023180311935640706,1689.8,-0.30908983311634514
INFY,IT,2026-04-30,1167.5,1189.8,1159.6,1181.8,12205669,0.01224839400428257,1268.685,1285.0359999999998,,0.02329446968912528,1689.8,-0.30062729317078946
INFY,IT,2026-05-01,1181.8,1181.8,1181.8,1181.8,0,0.0,1263.99,1281.29,,0.02269270845320702,1689.8,-0.30062729317078946
INFY,IT,2026-05-04,1195.0,1195.0,1165.2,1168.4,7735811,-0.011338635979014966,1257.37,1277.346,,0.022072152369085996,1689.8,-0.3085572257071842
INFY,IT,2026-05-05,1169.5,1185.2,1160.1,1178.1,8164108,0.008301951386511242,1250.965,1273.0839999999998,,0.022183108485349264,1689.8,-0.30281690140845074
INFY,IT,2026-05-06,1187.0,1191.5,1164.1,1167.2,9856963,-0.009252185722773865,1242.355,1268.954,,0.021012321749541315,1689.8,-0.3092673689193987
INFY,IT,2026-05-07,1173.0,1175.4,1159.2,1162.7,12013987,-0.0038553803975325263,1233.1799999999998,1264.798,,0.020844385635823703,1689.8,-0.31193040596520294
INFY,IT,2026-05-08,1161.0,1183.5,1158.8,1179.2,7582770,0.014191106906338735,1225.56,1261.318,,0.021352492496598267,1689.8,-0.30216593679725406
INFY,IT,2026-05-11,1176.0,1187.0,1172.1,1177.0,7336288,-0.001865671641791078,1219.7849999999999,1258.308,,0.02063099450140631,1689.8,-0.30346786601964726
INFY,IT,2026-05-12,1162.0,1162.0,1123.0,1140.3,16891948,-0.031180968564146205,1212.9599999999998,1255.604,,0.021427792047891848,1689.8,-0.3251864125932063
INFY,IT,2026-05-13,1136.6,1142.6,1121.0,1123.1,6664111,-0.01508374989037975,1203.85,1252.264,,0.02049156467835211,1689.8,-0.33536513196828033
INFY,IT,2026-05-14,1119.8,1121.9,1089.0,1095.0,16914842,-0.02502003383492113,1192.6399999999999,1248.382,,0.020400667252861406,1689.8,-0.35199431885430227
INFY,IT,2026-05-15,1102.0,1133.2,1101.6,1119.0,17482450,0.021917808219177992,1182.655,1244.76,,0.021481067915294583,1689.8,-0.337791454610013
INFY,IT,2026-05-18,1119.0,1146.1,1118.0,1142.5,12096377,0.021000893655049202,1174.15,1241.8319999999999,,0.022433153733169856,1689.8,-0.3238844833708131
INFY,IT,2026-05-19,1162.0,1198.4,1162.0,1196.9,32175705,0.04761487964989075,1168.3349999999998,1239.622,,0.02549163395957676,1689.8,-0.2916913244170907
INFY,IT,2026-05-20,1187.0,1206.9,1184.9,1193.7,15121010,-0.0026735733979447174,1164.59,1237.38,,0.02451775041371753,1689.8,-0.29358503964966265
INFY,IT,2026-05-21,1196.1,1201.8,1177.0,1181.2,10021033,-0.010471642791321067,1161.62,1234.836,,0.024171345719257716,1689.8,-0.3009823647768966
INFY,IT,2026-05-22,1182.5,1191.8,1172.5,1174.5,8803066,-0.005672197764984843,1162.615,1232.026,,0.01835479916405129,1689.8,-0.3049473310450941
INFY,IT,2026-05-25,1183.0,1185.0,1166.1,1168.5,5856136,-0.005108556832694733,1162.525,1229.4840000000002,,0.01815532562318666,1689.8,-0.3084980471061664
INFY,IT,2026-05-26,1166.3,1180.7,1162.9,1167.7,8005767,-0.0006846384253316184,1163.305,1227.312,,0.0177822154216248,1689.8,-0.30897147591430935
INFY,IT,2026-05-27,1161.0,1167.3,1155.0,1159.9,6371871,-0.006679797893294426,1162.925,1225.1940000000002,,0.017601936142729695,1689.8,-0.31358740679370334
INFY,IT,2026-05-28,1159.9,1159.9,1159.9,1159.9,0,0.0,1161.83,1223.4260000000002,,0.017358126461686933,1689.8,-0.31358740679370334
INFY,IT,2026-05-29,1182.0,1210.0,1153.6,1160.9,69085430,0.0008621432882145452,1160.785,1221.648,,0.017361269736793302,1689.8,-0.3129956207835246
INFY,IT,2026-06-01,1175.0,1217.0,1173.7,1202.5,19439331,0.035834266517357216,1162.4900000000002,1221.04,,0.01897626911879342,1689.8,-0.2883773227600899
INFY,IT,2026-06-02,1232.5,1278.9,1232.5,1270.8,36032600,0.05679833679833668,1167.125,1221.114,,0.02262436421368482,1689.8,-0.24795833826488342
INFY,IT,2026-06-03,1242.1,1249.9,1216.0,1222.6,18534303,-0.037928863707900606,1169.895,1221.15,,0.02435331077838087,1689.8,-0.2764824239554977
INFY,IT,2026-06-04,1208.0,1215.2,1196.2,1201.3,12755957,-0.017421887780140644,1171.825,1220.058,,0.02472861656581053,1689.8,-0.28908746597230445
INFY,IT,2026-06-05,1220.0,1223.8,1194.3,1197.5,8692290,-0.0031632398235245107,1172.7400000000002,1218.872,,0.02457944584083159,1689.8,-0.2913362528109835
INFY,IT,2026-06-08,1177.5,1200.7,1176.5,1187.6,8631711,-0.008267223382045996,1173.27,1217.058,,0.02466100861396632,1689.8,-0.2971949343117529
INFY,IT,2026-06-09,1193.6,1193.6,1167.3,1180.3,10984054,-0.006146850791512226,1175.27,1215.082,,0.023566934072740162,1689.8,-0.30151497218605755
INFY,IT,2026-06-10,1160.1,1171.4,1143.3,1145.3,8887626,-0.029653477929340033,1176.3799999999999,1212.594,,0.024335001120069914,1689.8,-0.3222274825423127
INFY,IT,2026-06-11,1129.7,1133.7,1109.0,1114.6,9372176,-0.02680520387671359,1177.3600000000001,1209.874,,0.024439504361970083,1689.8,-0.3403953130547994
INFY,IT,2026-06-12,1120.0,1123.3,1111.5,1116.4,8075333,0.001614929122555342,1177.23,1206.688,,0.02394897540427519,1689.8,-0.33933009823647764
INFY,IT,2026-06-15,1130.0,1151.0,1123.0,1134.9,7856192,0.016571121461841587,1176.85,1203.37,,0.023765796684096185,1689.8,-0.3283820570481713
INFY,IT,2026-06-16,1136.9,1153.8,1123.2,1143.6,10456090,0.007665873645254839,1174.185,1200.118,,0.0210734587170331,1689.8,-0.32323351875961653
INFY,IT,2026-06-17,1149.0,1162.5,1148.0,1157.7,5995119,0.012329485834207787,1172.385,1196.4840000000002,,0.02131634484056558,1689.8,-0.31488933601609653
INFY,IT,2026-06-18,1142.9,1142.9,1125.3,1127.5,16781447,-0.026086205407273133,1169.7,1192.11,,0.021945961803124633,1689.8,-0.3327612735234939
INFY,IT,2026-06-19,1062.3,1066.0,1030.0,1051.4,45665442,-0.06749445676274934,1163.545,1186.5059999999999,1413.451,0.026381625376548444,1689.8,-0.37779618889809435
INFY,IT,2026-06-22,1055.0,1080.3,1055.0,1065.4,10178505,0.013315579227696439,1158.3899999999999,1181.964,1411.2809999999997,0.0267042520850233,1689.8,-0.3695111847555923
INFY,IT,2026-06-23,1053.8,1055.3,1026.0,1029.3,19323064,-0.03388398723484154,1151.47,1177.0140000000001,1408.9340000000002,0.027490138829586033,1689.8,-0.39087465972304414
INFY,IT,2026-06-24,1040.9,1065.5,1037.7,1056.6,12346266,0.026522879626930784,1146.3049999999998,1172.04,1406.8215,0.02842881434913641,1689.8,-0.37471890164516514
INFY,IT,2026-06-25,1065.0,1068.0,1039.1,1041.2,15866779,-0.014575052053757198,1140.3700000000001,1166.48,1404.7125,0.028500400692599938,1689.8,-0.38383240620191733
INFY,IT,2026-06-26,1041.2,1041.2,1041.2,1041.2,0,0.0,1134.3849999999998,1160.93,1402.6955000000003,0.02849172517535515,1689.8,-0.38383240620191733
INFY,IT,2026-06-29,1037.1,1046.6,1029.1,1036.7,15080892,-0.0043219362274299344,1126.0949999999998,1155.412,1400.7144999999998,0.026826026333069634,1689.8,-0.38649544324772156
INFY,IT,2026-06-30,1030.0,1030.4,996.0,1000.4,24128263,-0.035014951287740015,1112.575,1149.156,1398.195,0.022892958616305026,1689.8,-0.40797727541720913
INFY,IT,2026-07-01,1006.0,1014.0,982.4,985.3,13037982,-0.015093962415034023,1100.71,1143.49,1395.4585,0.022067227789132882,1689.8,-0.4169132441709078
INFY,IT,2026-07-02,1006.4,1045.0,1006.0,1040.9,18741111,0.056429513853648805,1092.69,1139.4959999999999,1393.1145000000001,0.02656725216980236,1689.8,-0.3840099420049709
INFY,IT,2026-07-03,1063.0,1068.7,1042.0,1047.2,11653534,0.006052454606590318,1085.1750000000002,1137.348,1390.7225,0.026713218356075326,1689.8,-0.380281690140845
INFY,IT,2026-07-06,1050.1,1053.0,1033.0,1042.2,5559747,-0.004774637127578307,1077.905,1134.7859999999998,1388.3915,0.02671138670129892,1689.8,-0.3832406201917386
INFY,IT,2026-07-07,1040.6,1087.5,1040.6,1071.8,18866296,0.02840145845327191,1072.48,1133.18,1386.1940000000002,0.027807415456166225,1689.8,-0.36572375429044857
INFY,IT,2026-07-08,1071.9,1079.7,1064.4,1069.3,13022221,-0.002332524724762086,1068.68,1131.216,1383.9285,0.027167314495247095,1689.8,-0.3672032193158954
INFY,IT,2026-07-09,1062.7,1062.7,1040.4,1050.8,9003333,-0.01730103806228378,1065.49,1128.596,1381.4795000000001,0.026811150780235108,1689.8,-0.37815126050420167
INFY,IT,2026-07-10,1075.0,1091.3,1064.7,1068.0,9747266,0.016368481157213566,1063.0700000000002,1126.32,1379.1185,0.02713420485599316,1689.8,-0.3679725411291277
INFY,IT,2026-07-13,1057.1,1114.9,1057.1,1102.6,20994760,0.03239700374531829,1061.455,1125.004,1377.134,0.027919418062531086,1689.8,-0.34749674517694407
INFY,IT,2026-07-14,1107.8,1113.5,1090.0,1092.9,14819413,-0.00879738799201868,1058.92,1123.3,1375.111,0.027890986878600667,1689.8,-0.3532370694756775
INFY,IT,2026-07-15,1079.0,1088.1,1073.0,1076.3,8501933,-0.015188946838686213,1054.85,1121.4820000000002,1373.0194999999999,0.027831142815601187,1689.8,-0.36306071724464434
INFY,IT,2026-07-16,1082.5,1097.3,1077.9,1082.4,8592146,0.005667564805351688,1052.595,1119.876,1371.0075,0.02736276059051925,1689.8,-0.35945082258255406
INFY,IT,2026-07-17,1105.0,1116.8,1092.0,1096.5,12547728,0.013026607538802581,1054.85,1118.222,1369.2455000000002,0.02269528699250091,1689.8,-0.3511066398390342
INFY,IT,2026-07-20,1102.0,1103.8,1083.2,1087.1,6372645,-0.008572731418148738,1055.935,1116.424,1367.4719999999998,0.022666143334378833,1689.8,-0.3566694283347142
INFY,IT,2026-07-21,1080.0,1094.5,1067.2,1073.5,9485229,-0.012510348633980262,1058.145,1115.088,1365.6305,0.0213903774564147,1689.8,-0.36471771807314474
INFY,IT,2026-07-22,1064.0,1069.3,1046.2,1052.1,7517203,-0.019934792734047635,1057.92,1113.6680000000001,1363.662,0.02114475897616729,1689.8,-0.37738193869096937
INFY,IT,2026-07-23,1046.9,1058.5,1032.0,1047.4,13794578,-0.004467255964261785,1058.23,1112.7160000000001,1361.6660000000002,0.02089750388480112,1689.8,-0.3801633329388093
INFY,IT,2026-07-24,1028.0,1043.4,1013.9,1040.9,29036900,-0.006205843039908343,1058.2150000000001,1111.154,1359.4905,0.02095134793184187,1689.8,-0.3840099420049709
INFY,IT,2026-07-27,1065.0,1082.0,1057.4,1079.2,15956349,0.03679508117974817,1060.3400000000001,1109.888,1357.5940000000003,0.022448953404728782,1689.8,-0.361344537815126
INFY,IT,2026-07-28,1097.0,1118.5,1097.0,1105.7,28100895,0.02455522609340255,1065.605,1108.0639999999999,1355.6475,0.021159676145110707,1689.8,-0.3456622085453899
INFY,IT,2026-07-29,1147.0,1164.5,1128.4,1155.6,34400369,0.045129782038527466,1074.1200000000001,1107.302,1353.879,0.022366573481152563,1689.8,-0.31613208663747194
INFY,IT,2026-07-30,1168.0,1187.7,1151.3,1155.1,22630218,-0.00043267566632054777,1079.83,1106.78,1352.08,0.019325432881284157,1689.8,-0.3164279796425613
INFY,IT,2026-07-31,1118.9,1139.3,1107.2,1130.1,14367075,-0.021643147779413008,1083.975,1105.892,1350.2645000000002,0.020246096072503605,1689.8,-0.3312226298970293
INFY,IT,2026-08-03,1145.1,1180.0,1138.1,1180.0,8582270,0.044155384479249715,1090.8650000000002,1106.122,1348.715,0.022008439629624597,1689.8,-0.3016925079891111
INFY,IT,2026-08-04,1168.0,1175.7,1153.3,1167.5,9243589,-0.010593220338983023,1095.65,1106.118,1347.1805000000002,0.021686839332796255,1689.8,-0.30908983311634514
INFY,IT,2026-08-05,1174.7,1177.5,1162.3,1174.0,9964155,0.005567451820128522,1100.8849999999998,1106.4,1345.6930000000002,0.02162759635847832,1689.8,-0.30524322405018345
INFY,IT,2026-08-06,1174.1,1185.8,1163.0,1165.0,8521064,-0.0076660988074956915,1106.595,1106.502,1344.3125,0.0212103128670347,1689.8,-0.3105692981417919
INFY,IT,2026-08-07,1160.0,1183.0,1155.6,1175.1,7581410,0.00866952789699571,1111.95,1106.786,1342.8835000000001,0.021069832819345918,1689.8,-0.3045922594389869
INFY,IT,2026-08-10,1178.1,1195.0,1175.2,1183.0,9377001,0.006722832099395948,1115.97,1106.396,1341.4365,0.020071068582841786,1689.8,-0.29991714995857494
INFY,IT,2026-08-11,1188.0,1193.5,1182.0,1190.7,10160091,0.0065088757396449815,1120.8600000000001,1104.7939999999999,1339.7475,0.019859606029154927,1689.8,-0.2953603976801988
INFY,IT,2026-08-12,1185.6,1190.4,1163.3,1176.1,7529777,-0.01226169480137751,1125.85,1103.864,1338.001,0.019717302597166336,1689.8,-0.3040004734288082
INFY,IT,2026-08-13,1170.0,1175.0,1157.0,1175.0,6234215,-0.0009352946178045052,1130.48,1103.338,1336.3535000000002,0.019754180648630437,1689.8,-0.3046514380400047
INFY,IT,2026-08-14,1170.4,1174.1,1158.9,1169.2,5844763,-0.0049361702127659335,1134.115,1102.772,1334.6985,0.019744659026728777,1689.8,-0.30808379689904125
INFY,IT,2026-08-17,1163.9,1166.5,1129.7,1139.9,5817153,-0.025059869996578832,1136.7549999999999,1101.818,1332.846,0.02059651911344702,1689.8,-0.3254231269972777
INFY,IT,2026-08-18,1124.5,1131.9,1112.5,1115.0,8851110,-0.02184402140538655,1138.83,1100.512,1330.9520000000002,0.02105686654715436,1689.8,-0.3401585986507279
INFY,IT,2026-08-19,1125.6,1134.7,1113.8,1119.8,8408573,0.00430493273542587,1142.2150000000001,1100.002,1329.1395000000002,0.020409094480965204,1689.8,-0.33731802580187004
INFY,IT,2026-08-20,1143.0,1144.7,1125.7,1130.0,8559841,0.00910876942311134,1146.345,1100.31,1327.362,0.020362237790734324,1689.8,-0.3312818084980471
INFY,IT,2026-08-21,1133.0,1133.5,1118.0,1121.0,6094967,-0.007964601769911539,1150.35,1100.402,1325.6275,0.020412355711055395,1689.8,-0.33660788258965557
INFY,IT,2026-08-24,1126.5,1144.5,1122.0,1130.0,8565354,0.00802854594112401,1152.8899999999999,1100.3039999999999,1323.944,0.018933018729913677,1689.8,-0.3312818084980471
INFY,IT,2026-08-25,1132.0,1144.0,1119.9,1144.0,8121237,0.012389380530973382,1154.805,1100.312,1322.28,0.018373291478598782,1689.8,-0.322996804355545
INFY,IT,2026-08-26,1142.0,1142.0,1118.3,1120.0,6323984,-0.020979020979020935,1153.025,1099.558,1320.3125,0.01596893196039746,1689.8,-0.3371996685998343
INFY,IT,2026-08-27,1120.0,1130.7,1107.2,1110.8,6933998,-0.00821428571428573,1150.81,1099.224,1318.215,0.01603767072492033,1689.8,-0.34264409989347855
INFY,IT,2026-08-28,1123.6,1145.0,1123.3,1144.0,9621969,0.029888368743248073,1151.5049999999999,1101.076,1316.1765,0.016808307804145998,1689.8,-0.322996804355545
INFY,IT,2026-08-31,1138.6,1143.9,1111.1,1133.8,8808120,-0.008916083916084006,1149.195,1102.4440000000002,1314.1364999999998,0.0134474745340788,1689.8,-0.329033021659368
INFY,IT,2026-09-01,1128.0,1156.0,1125.6,1156.0,13515619,0.019580172869994694,1148.6200000000001,1104.978,1312.4025,0.014098729137166355,1689.8,-0.31589537223340036
ITC,FMCG,2025-09-01,409.75,410.2,405.0,405.85,12268090,,,,,,405.85,0.0
ITC,FMCG,2025-09-02,406.55,407.85,404.45,406.75,19808255,0.0022175680670197817,,,,,406.75,0.0
ITC,FMCG,2025-09-03,408.5,413.25,407.3,411.75,12936588,0.012292562999385304,,,,,411.75,0.0
ITC,FMCG,2025-09-04,423.95,427.0,415.0,415.9,27274123,0.010078931390406831,,,,,415.9,0.0
ITC,FMCG,2025-09-05,416.9,417.0,404.4,407.35,16000675,-0.020557826400576906,,,,,415.9,-0.020557826400576955
ITC,FMCG,2025-09-08,407.45,410.55,406.8,407.55,7419022,0.0004909782742112956,,,,,415.9,-0.020076941572493307
ITC,FMCG,2025-09-09,408.5,410.95,407.4,410.05,8825896,0.006134216660532488,,,,,415.9,-0.014065881221447382
ITC,FMCG,2025-09-10,411.0,413.7,408.95,413.05,9252397,0.007316180953542251,,,,,415.9,-0.006852608800192272
ITC,FMCG,2025-09-11,413.05,416.7,412.45,415.05,8274406,0.004842028810071453,,,,,415.9,-0.0020437605193555325
ITC,FMCG,2025-09-12,415.35,417.05,412.85,413.75,7803379,-0.003132152752680417,,,,,415.9,-0.0051695119018994404
ITC,FMCG,2025-09-15,413.05,414.3,411.75,412.65,5707331,-0.0026586102719033944,,,,,415.9,-0.007814378456359702
ITC,FMCG,2025-09-16,413.2,414.35,412.0,413.1,8239087,0.0010905125408944283,,,,,415.9,-0.0067323875931713266
ITC,FMCG,2025-09-17,413.95,414.6,408.05,409.3,14113882,-0.009198741224885065,,,,,415.9,-0.01586919932676116
ITC,FMCG,2025-09-18,411.35,413.05,410.1,411.55,15647808,0.0054971903249450005,,,,,415.9,-0.010459245010819827
ITC,FMCG,2025-09-19,411.55,412.6,408.95,410.65,19505321,-0.0021868545741708934,,,,,415.9,-0.012623226737196442
ITC,FMCG,2025-09-22,410.65,411.0,406.05,406.95,8930779,-0.009010105929623702,,,,,415.9,-0.021519596056744382
ITC,FMCG,2025-09-23,407.1,408.1,402.1,403.2,14936357,-0.009214891264283098,,,,,415.9,-0.03053618658331327
ITC,FMCG,2025-09-24,403.2,404.65,400.7,401.0,12380865,-0.005456349206349187,,,,,415.9,-0.03582591969223366
ITC,FMCG,2025-09-25,401.45,403.0,398.0,400.1,22006368,-0.0022443890274314038,,,,,415.9,-0.03798990141861013
ITC,FMCG,2025-09-26,400.1,405.9,399.8,405.1,14414044,0.012496875781054628,409.03249999999997,,,,415.9,-0.025967780716518285
ITC,FMCG,2025-09-29,406.9,408.0,403.2,407.25,19717660,0.005307331523080716,409.10249999999996,,,0.008326128506170965,415.9,-0.020798268814618846
ITC,FMCG,2025-09-30,406.75,406.75,400.4,401.55,9465490,-0.013996316758747684,408.8425,,,0.008890129335757963,415.9,-0.034503486415003524
ITC,FMCG,2025-10-01,402.35,406.0,399.75,405.6,17643039,0.010085917071348538,408.53499999999997,,,0.008733952575573271,415.9,-0.0247655686463091
ITC,FMCG,2025-10-03,404.9,405.5,402.3,404.3,16987141,-0.0032051282051281937,407.95500000000004,,,0.008367241081493317,415.9,-0.027891320028853007
ITC,FMCG,2025-10-06,403.0,403.9,399.8,400.75,13989077,-0.008780608459065031,407.625,,,0.007291843812116174,415.9,-0.03642702572733825
ITC,FMCG,2025-10-07,402.5,402.6,399.5,399.8,12298968,-0.002370555208983105,407.23750000000007,,,0.007293436164933834,415.9,-0.038711228660735675
ITC,FMCG,2025-10-08,400.0,401.75,398.0,399.75,8402463,-0.0001250625312656517,406.7225,,,0.00710605001732494,415.9,-0.03883144986775662
ITC,FMCG,2025-10-09,399.0,401.4,398.95,399.9,15656267,0.00037523452157595116,406.065,,,0.00682994622074823,415.9,-0.03847078624669392
ITC,FMCG,2025-10-10,400.45,403.85,399.5,402.8,15085738,0.007251812953238401,405.4525,,,0.0069693005603244235,415.9,-0.03149795623948056
ITC,FMCG,2025-10-13,400.0,400.95,398.55,399.25,9508594,-0.00881330685203574,404.7275,,,0.007153787871498931,415.9,-0.04003366193796581
ITC,FMCG,2025-10-14,400.0,400.85,396.2,396.8,10291102,-0.00613650594865367,403.93500000000006,,,0.007218812194316373,415.9,-0.04592450108199078
ITC,FMCG,2025-10-15,398.0,400.85,397.25,399.9,16043867,0.0078125,403.275,,,0.007517243719588175,415.9,-0.03847078624669392
ITC,FMCG,2025-10-16,401.0,406.0,399.55,405.15,22962049,0.013128282070517638,403.0675,,,0.007972750146364303,415.9,-0.025847559509497478
ITC,FMCG,2025-10-17,405.35,413.85,405.25,412.15,21071344,0.0172775515241268,403.09749999999997,,,0.008826924677994345,415.9,-0.009016590526568887
ITC,FMCG,2025-10-20,412.55,414.85,411.3,413.05,13083621,0.002183670993570308,403.21750000000003,,,0.008821173327494153,415.9,-0.006852608800192272
ITC,FMCG,2025-10-21,413.5,413.95,412.35,412.85,1142130,-0.00048420288100714526,403.5125,,,0.008547910485539238,415.9,-0.007333493628275919
ITC,FMCG,2025-10-23,416.0,420.45,413.55,415.95,24305990,0.0075087804287270465,404.15,,,0.008336707260913002,415.95,0.0
ITC,FMCG,2025-10-24,415.95,417.95,413.45,416.8,14935678,0.0020435148455344443,404.94,,,0.008170046907796213,416.8,0.0
ITC,FMCG,2025-10-27,417.0,422.7,416.6,420.65,11603679,0.009237044145873341,405.96750000000003,,,0.008261510283408748,420.65,0.0
ITC,FMCG,2025-10-28,420.5,421.65,415.9,417.9,17163147,-0.006537501485795794,406.60749999999996,,,0.008149713386397472,420.65,-0.006537501485795793
ITC,FMCG,2025-10-29,418.2,422.2,416.05,421.6,11470661,0.008853792773390934,407.325,,,0.008272552320786448,421.6,0.0
ITC,FMCG,2025-10-30,421.6,421.7,416.15,418.75,12938674,-0.0067599620493359325,408.18500000000006,,,0.007684223403013237,421.6,-0.006759962049335917
ITC,FMCG,2025-10-31,420.5,426.4,418.2,420.35,18599864,0.003820895522388179,408.9225,,,0.007467347141889372,421.6,-0.002964895635673624
ITC,FMCG,2025-11-03,419.95,421.65,413.3,413.95,7635440,-0.015225407398596458,409.405,,,0.008326842739825676,421.6,-0.01814516129032266
ITC,FMCG,2025-11-04,414.0,414.5,408.35,408.9,10085404,-0.012199541007368087,409.8125,,,0.008574225360806317,421.6,-0.030123339658444128
ITC,FMCG,2025-11-06,410.0,413.3,406.55,407.5,10095563,-0.003423820004891165,410.19749999999993,,,0.008599486294622453,421.6,-0.033444022770398533
ITC,FMCG,2025-11-07,406.05,409.1,403.1,404.05,8411611,-0.008466257668711674,410.4125,,,0.008854854726527889,421.6,-0.04162713472485771
ITC,FMCG,2025-11-10,404.05,407.1,403.65,405.55,6650003,0.0037124118302189757,410.695,,,0.008882345086564072,421.6,-0.03806925996204936
ITC,FMCG,2025-11-11,406.0,408.05,404.6,406.85,12005318,0.0032055233633336844,410.8974999999999,,,0.008771589697331966,421.6,-0.03498576850094876
ITC,FMCG,2025-11-12,408.0,408.1,405.55,407.0,7987236,0.00036868624800279193,411.28499999999997,408.546,,0.008492293417163963,421.6,-0.03462998102466799
ITC,FMCG,2025-11-13,407.0,407.5,404.5,405.7,6617185,-0.0031941031941031817,411.73,408.543,,0.008387062403438825,421.6,-0.03771347248576858
ITC,FMCG,2025-11-14,404.7,408.75,400.1,408.15,64020258,0.006038945033275844,412.14250000000004,408.5710000000001,,0.008321957644242144,421.6,-0.031902277039848305
ITC,FMCG,2025-11-17,409.75,412.0,406.0,407.1,7855399,-0.0025725836089671716,412.24000000000007,408.478,,0.007850228290973243,421.6,-0.03439278937381404
ITC,FMCG,2025-11-18,408.25,409.8,404.55,405.85,7661681,-0.0030704986489805686,411.925,408.277,,0.006774837356180756,421.6,-0.03735768500948766
ITC,FMCG,2025-11-19,404.85,405.55,402.8,403.55,7882450,-0.005667118393495207,411.45,408.2010000000001,,0.006823299125011799,421.6,-0.04281309297912716
ITC,FMCG,2025-11-20,403.55,407.0,403.25,405.45,6693410,0.00470821459546511,411.08000000000004,408.15899999999993,,0.006947245620962758,421.6,-0.0383064516129033
ITC,FMCG,2025-11-21,405.0,408.5,404.7,407.85,5808131,0.005919348871624264,410.675,408.115,,0.006854696386691335,421.6,-0.03261385199240987
ITC,FMCG,2025-11-24,408.4,408.8,402.85,403.55,11037491,-0.010543091822974193,410.0125,407.925,,0.007136390099639391,421.6,-0.04281309297912716
ITC,FMCG,2025-11-25,403.55,404.5,400.1,400.8,8199785,-0.00681452112501546,409.02000000000004,407.64,,0.006746653350179481,421.6,-0.04933586337760913
ITC,FMCG,2025-11-26,401.0,403.95,400.95,402.3,11443953,0.0037425149700598404,408.24,407.411,,0.006805567473941131,421.6,-0.045777988614800785
ITC,FMCG,2025-11-27,403.5,405.95,402.1,404.3,8679529,0.004971414367387572,407.37500000000006,407.244,,0.006533259566723211,421.6,-0.041034155597722985
ITC,FMCG,2025-11-28,404.3,405.0,402.5,404.25,6883500,-0.0001236705416769457,406.65,407.06700000000006,,0.0064506590914655635,421.6,-0.041152751423149954
ITC,FMCG,2025-12-01,402.8,405.5,398.2,404.25,13442658,0.0,405.845,406.96600000000007,,0.006332781436418505,421.6,-0.041152751423149954
ITC,FMCG,2025-12-02,404.25,405.5,400.5,400.95,8093808,-0.008163265306122436,405.19500000000005,406.75399999999996,,0.005719744363305971,421.6,-0.04898007590132835
ITC,FMCG,2025-12-03,401.7,402.2,398.85,400.5,10772192,-0.001122334455667784,404.775,406.551,,0.005144552304562239,421.6,-0.05004743833017083
ITC,FMCG,2025-12-04,400.1,403.55,399.05,403.05,8057989,0.006367041198501955,404.5525,406.473,,0.005365342800934883,421.6,-0.04399905123339661
ITC,FMCG,2025-12-05,403.05,405.35,402.0,404.95,4419747,0.004714055328123079,404.59749999999997,406.508,,0.005144835289833767,421.6,-0.039492409867172756
ITC,FMCG,2025-12-08,404.95,405.25,400.55,402.3,6056866,-0.006544017779972822,404.43500000000006,406.534,,0.005277759733277534,421.6,-0.045777988614800785
ITC,FMCG,2025-12-09,402.0,404.5,400.0,401.05,9426717,-0.0031071339796171493,404.145,406.55300000000005,,0.005240107072739068,421.6,-0.048742884250474405
ITC,FMCG,2025-12-10,401.1,404.4,401.0,403.15,6969146,0.0052362548310682655,403.9525,406.51399999999995,,0.0054030835721052325,421.6,-0.0437618595825428
ITC,FMCG,2025-12-11,403.15,404.0,401.1,402.9,6980147,-0.000620116581917407,403.8125,406.42699999999996,,0.005365083485864515,421.6,-0.044354838709677526
ITC,FMCG,2025-12-12,402.9,404.0,399.85,400.1,12407516,-0.006949615289153499,403.41,406.39799999999997,,0.005339294907380409,421.6,-0.05099620493358634
ITC,FMCG,2025-12-15,400.1,403.35,399.5,402.3,7756564,0.005498625343663965,403.17,406.33200000000005,,0.005514879167623403,421.6,-0.045777988614800785
ITC,FMCG,2025-12-16,401.4,405.75,401.05,401.7,12347384,-0.001491424310216316,402.9625,406.28,,0.005488563817749882,421.6,-0.04720113851992418
ITC,FMCG,2025-12-17,401.0,403.1,399.1,399.8,8087490,-0.004729897933781424,402.775,406.2610000000001,,0.005445955920374191,421.6,-0.05170777988614803
ITC,FMCG,2025-12-18,400.0,401.95,399.85,400.4,7227668,0.0015007503751875984,402.5225,406.27299999999997,,0.005332016419779817,421.6,-0.05028462998102477
ITC,FMCG,2025-12-19,400.25,402.65,400.25,401.05,10654835,0.0016233766233766378,402.1825,406.2989999999999,,0.005138016237287133,421.6,-0.048742884250474405
ITC,FMCG,2025-12-22,401.6,403.65,401.2,402.7,6847871,0.00411420022441078,402.14,406.355,,0.004706536793730372,421.6,-0.04482922201138528
ITC,FMCG,2025-12-23,402.5,408.9,401.8,407.35,10081997,0.01154705736280115,402.46750000000003,406.4460000000001,,0.005101095521717421,421.6,-0.033799810246679315
ITC,FMCG,2025-12-24,407.95,409.5,405.65,406.6,5777430,-0.001841168528292636,402.6825,406.593,,0.0050856858720512415,421.6,-0.03557874762808349
ITC,FMCG,2025-12-26,406.5,407.15,403.85,404.15,3152453,-0.006025577963600703,402.675,406.74,,0.005175502129826153,421.6,-0.0413899430740039
ITC,FMCG,2025-12-29,404.1,404.8,401.45,402.6,6647710,-0.003835209699368902,402.5925,406.79400000000004,,0.005246011080863481,421.6,-0.04506641366223909
ITC,FMCG,2025-12-30,403.0,403.45,400.3,400.6,12340527,-0.004967709885742688,402.40999999999997,406.703,,0.00535298445563223,421.6,-0.04981024667931688
ITC,FMCG,2025-12-31,401.1,403.75,400.85,403.0,9945109,0.0059910134797802606,402.5125,406.52,,0.005211933829620207,421.6,-0.04411764705882358
ITC,FMCG,2026-01-01,402.7,402.7,362.7,363.85,282626710,-0.0971464019851116,400.68,405.536,,0.02241088181343523,421.6,-0.13697817836812143
ITC,FMCG,2026-01-02,360.0,360.0,345.25,350.05,118790358,-0.037927717465988775,398.03,404.28,,0.023441948110930772,421.6,-0.16971062618595828
ITC,FMCG,2026-01-05,350.2,353.95,346.05,349.7,48358124,-0.000999857163262452,395.26750000000004,402.955,,0.023329452033544563,421.6,-0.17054079696394694
ITC,FMCG,2026-01-06,350.25,350.7,337.75,342.45,72582738,-0.02073205604804118,392.275,401.468,,0.023528641728966068,421.6,-0.18773719165085395
ITC,FMCG,2026-01-07,343.0,344.55,339.3,341.25,29440734,-0.003504161191414723,389.285,399.88,,0.023524691581599772,421.6,-0.19058349146110062
ITC,FMCG,2026-01-08,341.5,345.15,339.05,340.9,36706319,-0.0010256410256410664,386.1725,398.34,,0.023383825051825752,421.6,-0.1914136622390893
ITC,FMCG,2026-01-09,340.9,341.0,336.1,337.15,35193201,-0.01100029334115582,382.885,396.651,,0.023324749118822676,421.6,-0.20030834914611015
ITC,FMCG,2026-01-12,338.25,339.5,335.8,338.4,16156143,0.003707548568886221,379.8,395.0439999999999,,0.02348549718412516,421.6,-0.19734345351043653
ITC,FMCG,2026-01-13,339.0,339.5,333.7,334.7,24922339,-0.010933806146572023,376.41999999999996,393.33099999999996,,0.02327258493830389,421.6,-0.20611954459203044
ITC,FMCG,2026-01-14,336.0,336.0,333.45,334.75,14913422,0.00014938751120419091,373.0725,391.74699999999996,,0.023302888673154113,421.6,-0.20600094876660346
ITC,FMCG,2026-01-15,334.75,334.75,334.75,334.75,0,0.0,369.82,390.264,,0.023370292171579723,421.6,-0.20600094876660346
ITC,FMCG,2026-01-16,337.5,337.5,328.55,329.2,30526898,-0.0165795369678865,366.26,388.69800000000004,,0.02331003609306606,421.6,-0.21916508538899437
ITC,FMCG,2026-01-19,330.0,334.65,327.3,333.2,15507440,0.012150668286755817,362.86749999999995,387.281,,0.023689474471450634,421.6,-0.20967741935483877
ITC,FMCG,2026-01-20,334.05,334.5,325.5,326.3,18771011,-0.020708283313325304,359.0475,385.69599999999997,,0.0236195261274086,421.6,-0.22604364326375714
ITC,FMCG,2026-01-21,326.0,329.3,324.35,324.75,14177965,-0.004750229849831533,354.91749999999996,384.05400000000003,,0.02310589165682395,421.6,-0.22972011385199245
ITC,FMCG,2026-01-22,326.1,328.7,321.05,324.85,18622852,0.0003079291762895231,350.83000000000004,382.411,,0.02315566542826707,421.6,-0.2294829222011385
ITC,FMCG,2026-01-23,325.55,326.4,322.7,323.4,11950089,-0.004463598583961947,346.79249999999996,380.765,,0.023175566429588103,421.6,-0.23292220113852002
ITC,FMCG,2026-01-27,323.6,324.7,317.85,318.65,47847784,-0.014687693259121781,342.595,378.975,,0.02313058688570378,421.6,-0.2441888045540798
ITC,FMCG,2026-01-28,319.95,323.7,319.35,321.15,28400238,0.007845598619174554,338.6225,377.256,,0.02349147617175712,421.6,-0.23825901328273255
ITC,FMCG,2026-01-29,322.6,322.6,318.05,318.6,17719420,-0.00794021485287233,334.40250000000003,375.5110000000001,,0.023174434936595892,421.6,-0.24430740037950663
ITC,FMCG,2026-01-30,318.8,325.15,316.45,322.15,41975824,0.011142498430633863,332.3175,373.883,,0.012087422576177526,421.6,-0.23588709677419364
ITC,FMCG,2026-02-02,309.45,315.4,302.0,314.7,35227572,-0.02312587304050906,330.55,372.06800000000004,,0.010359071159561594,421.6,-0.25355787476280844
ITC,FMCG,2026-02-03,321.2,324.75,311.6,316.65,33168353,0.006196377502383221,328.8974999999999,370.244,,0.010636010162230125,421.6,-0.24893263757115758
ITC,FMCG,2026-02-04,312.5,314.95,311.35,313.85,11196759,-0.008842570661613647,327.4675,368.45,,0.010018755032394022,421.6,-0.2555740037950664
ITC,FMCG,2026-02-05,313.95,315.35,309.3,310.2,15816704,-0.01162975943922262,325.91499999999996,366.63800000000003,,0.010148564973942389,421.6,-0.26423149905123344
ITC,FMCG,2026-02-06,310.0,327.7,308.3,325.8,68057745,0.05029013539651839,325.15999999999997,365.108,,0.015954845515224424,421.6,-0.22722960151802657
ITC,FMCG,2026-02-09,327.95,328.7,321.65,322.8,20059198,-0.009208103130755041,324.4425,363.47799999999995,,0.015907446704100086,421.6,-0.2343453510436433
ITC,FMCG,2026-02-10,323.0,323.55,320.75,321.4,11489090,-0.004337050805452436,323.5925,361.82099999999997,,0.01585571760373412,421.6,-0.2376660341555978
ITC,FMCG,2026-02-11,321.95,322.2,316.3,318.25,24843366,-0.009800871188549998,322.77,360.101,,0.015825831748067513,421.6,-0.2451375711574953
ITC,FMCG,2026-02-12,317.3,320.4,316.9,317.45,13294561,-0.0025137470542027085,321.90500000000003,358.43100000000004,,0.015814456000836228,421.6,-0.24703510436432644
ITC,FMCG,2026-02-13,316.0,318.4,313.25,313.75,8730618,-0.011655378799810934,320.855,356.6960000000001,,0.015930538830877625,421.6,-0.25581119544592035
ITC,FMCG,2026-02-16,313.75,318.25,313.15,317.95,11693763,0.013386454183266894,320.2925,354.9939999999999,,0.016006568655143615,421.6,-0.24584914611005698
ITC,FMCG,2026-02-17,318.45,328.05,318.15,325.45,39360672,0.02358861456203809,319.90500000000003,353.404,,0.016713108301689237,421.6,-0.22805977229601526
ITC,FMCG,2026-02-18,326.0,332.95,324.8,332.45,35473203,0.021508680288830906,320.2125,352.00699999999995,,0.016764885481358686,421.6,-0.21145635673624297
ITC,FMCG,2026-02-19,334.05,334.25,325.0,326.0,19911747,-0.01940141374642801,320.275,350.506,,0.017342535264285315,421.6,-0.22675521821631883
ITC,FMCG,2026-02-20,325.05,327.85,325.05,327.0,11282027,0.0030674846625766694,320.3825,348.983,,0.017353299512157274,421.6,-0.22438330170777993
ITC,FMCG,2026-02-23,327.0,328.1,324.4,325.4,13486092,-0.004892966360856343,320.48249999999996,347.43300000000005,,0.01735998985994898,421.6,-0.2281783681214422
ITC,FMCG,2026-02-24,324.0,325.4,322.05,323.5,13135859,-0.005838967424708019,320.72499999999997,345.90100000000007,,0.017064137121037597,421.6,-0.23268500948766607
ITC,FMCG,2026-02-25,325.5,326.6,318.1,319.75,13492101,-0.011591962905718733,320.655,344.25,,0.01720023639498138,421.6,-0.24157969639468696
ITC,FMCG,2026-02-26,320.0,321.4,317.6,318.3,11270119,-0.0045347928068802945,320.64,342.58200000000005,,0.017135061623873987,421.6,-0.24501897533206832
ITC,FMCG,2026-02-27,316.0,317.75,312.65,313.6,13892595,-0.014765944077913873,320.2125,340.85799999999995,,0.017234593378045924,421.6,-0.25616698292220114
ITC,FMCG,2026-03-02,307.0,315.75,307.0,314.9,22194311,0.004145408163265252,320.22249999999997,339.148,,0.01647088905013545,421.6,-0.25308349146110065
ITC,FMCG,2026-03-04,310.6,315.5,310.5,311.95,24165489,-0.009368053350269911,319.98749999999995,337.36600000000004,,0.016538153070996552,421.6,-0.26008064516129037
ITC,FMCG,2026-03-05,312.2,313.6,308.2,311.5,19938009,-0.001442538868408394,319.87,335.54200000000003,,0.016426909352584878,421.6,-0.26114800759013285
ITC,FMCG,2026-03-06,310.05,312.3,309.2,309.7,21288269,-0.005778491171749667,319.845,333.589,,0.016264870169164097,421.6,-0.2654174573055029
ITC,FMCG,2026-03-09,305.0,307.2,303.6,306.0,14084931,-0.011947045527930245,318.855,331.577,,0.011359358446240586,421.6,-0.2741935483870968
ITC,FMCG,2026-03-10,309.0,310.0,303.75,309.05,18352950,0.009967320261437873,318.16749999999996,329.675,,0.01162017073815764,421.6,-0.26695920303605314
ITC,FMCG,2026-03-11,309.05,310.65,307.7,309.0,14842485,-0.00016178611875106164,317.5475,327.80300000000005,,0.011615564261125273,421.6,-0.26707779886148014
ITC,FMCG,2026-03-12,307.05,308.0,302.85,304.1,23319679,-0.015857605177993506,316.84000000000003,325.873,,0.011907635621652786,421.6,-0.27870018975332067
ITC,FMCG,2026-03-13,304.0,306.0,300.65,301.45,25659996,-0.008714238737257629,316.04,323.842,,0.011996501074255076,421.6,-0.2849857685009488
ITC,FMCG,2026-03-16,302.55,309.45,302.0,308.25,37472204,0.022557638082600695,315.765,322.73,,0.013020075870793407,421.6,-0.2688567362428843
ITC,FMCG,2026-03-17,309.95,309.95,304.05,304.85,25649286,-0.011030008110299971,315.11,321.82599999999996,,0.012761647631346218,421.6,-0.2769212523719165
ITC,FMCG,2026-03-18,305.9,306.95,303.5,304.05,16702554,-0.0026242414302116712,314.04,320.913,,0.011249102804794164,421.6,-0.2788187855787476
ITC,FMCG,2026-03-19,301.5,305.5,297.1,298.0,17851126,-0.019898043085018968,312.3175,320.024,,0.010197237706597438,421.6,-0.293168880455408
ITC,FMCG,2026-03-20,301.05,308.75,298.15,299.95,58679529,0.00654362416107368,311.015,319.198,,0.009970822802473486,421.6,-0.2885436432637572
ITC,FMCG,2026-03-23,298.9,299.0,289.55,290.45,31788160,-0.031671945324220685,309.1875,318.18899999999996,,0.011555023612636987,421.6,-0.31107685009487673
ITC,FMCG,2026-03-24,295.95,296.0,288.75,291.25,33335721,0.0027543467033912528,307.48,317.27099999999996,,0.011713632896647713,421.6,-0.30917931688804556
ITC,FMCG,2026-03-25,292.7,298.5,292.25,295.7,26184716,0.015278969957081445,306.09000000000003,316.41700000000003,,0.0125964879691505,421.6,-0.2986242884250475
ITC,FMCG,2026-03-27,294.7,296.85,291.55,294.7,22179022,-0.003381805884342226,304.8375,315.617,,0.012483283917097895,421.6,-0.3009962049335864
ITC,FMCG,2026-03-30,293.6,294.45,287.0,287.7,24586921,-0.02375296912114011,303.3075,314.676,,0.01324342546518612,421.6,-0.3175996204933587
ITC,FMCG,2026-04-01,293.0,294.45,290.9,291.7,18604340,0.013903371567605127,302.2125,313.81499999999994,,0.013670561979484956,421.6,-0.3081119544592031
ITC,FMCG,2026-04-02,290.25,293.65,288.4,292.85,18082775,0.003942406582104985,301.11,313.08799999999997,,0.013664642071242947,421.6,-0.3053842504743833
ITC,FMCG,2026-04-06,293.0,295.35,290.25,294.85,18047063,0.006829434864265016,300.255,312.32099999999997,,0.013780181919970446,421.6,-0.30064041745730546
ITC,FMCG,2026-04-07,294.15,299.0,292.75,298.45,26963485,0.01220959810072908,299.6025,311.764,,0.014179360374723985,421.6,-0.29210151802656553
ITC,FMCG,2026-04-08,303.9,304.6,301.55,302.45,22310207,0.013402579996649289,299.23999999999995,311.318,,0.014556952760829687,421.6,-0.28261385199240996
ITC,FMCG,2026-04-09,301.5,304.4,301.25,303.0,17691477,0.0018184823937841266,299.09,310.881,,0.014340035985990618,421.6,-0.28130929791271353
ITC,FMCG,2026-04-10,303.0,305.4,302.6,304.25,17744386,0.004125412541254203,298.85,310.498,,0.01417643504697865,421.6,-0.2783444022770399
ITC,FMCG,2026-04-13,300.0,301.45,298.1,298.65,16522014,-0.018405916187345994,298.33250000000004,310.098,,0.014717552627705265,421.6,-0.2916271347248578
ITC,FMCG,2026-04-15,300.7,304.0,300.55,302.05,18701403,0.01138456387075193,298.23,309.716,,0.014588485552849667,421.6,-0.28356261859582543
ITC,FMCG,2026-04-16,302.95,305.35,301.85,303.4,16512053,0.004469458698890705,298.3275,309.41200000000003,,0.014482723174937161,421.6,-0.280360531309298
ITC,FMCG,2026-04-17,303.85,309.95,303.85,306.8,35111203,0.01120632827949919,298.255,309.105,,0.013774739985695846,421.6,-0.2722960151802657
ITC,FMCG,2026-04-20,307.0,307.95,304.45,305.0,13540471,-0.005867014341590648,298.2625,308.911,,0.013607368571498654,421.6,-0.2765654648956357
ITC,FMCG,2026-04-21,305.0,311.1,304.55,309.65,24411865,0.01524590163934425,298.54249999999996,308.771,,0.01399921494062343,421.6,-0.26553605313092987
ITC,FMCG,2026-04-22,310.0,310.55,305.1,305.5,24500511,-0.013402228322299314,298.91749999999996,308.60400000000004,,0.013557052354371268,421.6,-0.2753795066413663
ITC,FMCG,2026-04-23,304.0,306.35,303.25,305.3,10701849,-0.000654664484451728,299.185,308.506,,0.013506858719774672,421.6,-0.275853889943074
ITC,FMCG,2026-04-24,306.65,306.65,301.1,301.6,17011704,-0.012119226989846021,299.7425,308.022,,0.01159155354377113,421.6,-0.2846299810246679
ITC,FMCG,2026-04-27,303.65,305.65,302.85,303.85,14382348,0.007460212201591432,300.3725,307.64300000000003,,0.011656334323941628,421.6,-0.2792931688804554
ITC,FMCG,2026-04-28,304.4,305.8,302.55,304.45,12907339,0.001974658548625774,300.81,307.304,,0.011241991241754758,421.6,-0.27787001897533214
ITC,FMCG,2026-04-29,305.1,317.5,305.1,316.25,31199038,0.03875841681721148,301.8875,307.26399999999995,,0.013907959004305965,421.6,-0.2498814041745731
ITC,FMCG,2026-04-30,316.25,317.5,313.3,314.9,11541956,-0.004268774703557354,303.2475,307.21299999999997,,0.012500349082416347,421.6,-0.25308349146110065
ITC,FMCG,2026-05-01,314.9,314.9,314.9,314.9,0,0.0,304.40749999999997,307.23600000000005,,0.012341363873204654,421.6,-0.25308349146110065
ITC,FMCG,2026-05-04,317.9,317.9,310.5,311.1,20245091,-0.012067322959669613,305.32000000000005,307.099,,0.012847669313146971,421.6,-0.2620967741935484
ITC,FMCG,2026-05-05,311.1,313.7,309.65,311.45,26795704,0.0011250401800062537,306.15,306.819,,0.012823931763554952,421.6,-0.26126660341555985
ITC,FMCG,2026-05-06,312.8,313.6,309.25,310.7,20287609,-0.0024080911863862964,306.7625,306.384,,0.012676312896527094,421.6,-0.263045540796964
ITC,FMCG,2026-05-07,311.45,311.65,307.0,307.4,25718615,-0.010621177985194796,307.01000000000005,306.012,,0.012686043932008008,421.6,-0.2708728652751424
ITC,FMCG,2026-05-08,308.9,308.9,305.7,307.45,17739844,0.00016265452179564655,307.2325,305.621,,0.012685052867224376,421.6,-0.2707542694497154
ITC,FMCG,2026-05-11,307.0,308.0,305.15,305.85,14968661,-0.005204098227353904,307.3125,305.23,,0.012727986653847721,421.6,-0.2745493358633776
ITC,FMCG,2026-05-12,305.35,306.25,300.1,300.7,15968338,-0.01683831943763292,307.415,304.774,,0.012610769335668386,421.6,-0.28676470588235303
ITC,FMCG,2026-05-13,302.0,305.8,301.05,304.45,13024778,0.012470901230462239,307.53499999999997,304.468,,0.012662728218708563,421.6,-0.27787001897533214
ITC,FMCG,2026-05-14,305.0,309.2,304.85,307.2,11113377,0.009032681885366989,307.725,304.246,,0.012779138832038555,421.6,-0.27134724857685016
ITC,FMCG,2026-05-15,307.2,312.05,306.3,309.45,11954564,0.00732421875,307.85749999999996,304.163,,0.012639869492705907,421.6,-0.26601043643263766
ITC,FMCG,2026-05-18,309.45,312.3,306.5,310.15,14422870,0.002262077880109903,308.11499999999995,304.068,,0.012554590901989564,421.6,-0.26435009487666045
ITC,FMCG,2026-05-19,311.95,314.25,308.35,310.3,17519355,0.0004836369498630866,308.1475,304.035,,0.01209295857788788,421.6,-0.26399430740037955
ITC,FMCG,2026-05-20,309.0,309.65,306.2,307.55,12127920,-0.008862391234289446,308.25,303.956,,0.011865184477621027,421.6,-0.27051707779886147
ITC,FMCG,2026-05-21,309.85,311.3,305.8,308.05,21868988,0.0016257519102584883,308.3875,303.923,,0.011865467825897544,421.6,-0.26933111954459205
ITC,FMCG,2026-05-22,305.9,307.0,301.0,301.7,30751752,-0.02061353676351252,308.3925,303.837,,0.012477713064682984,421.6,-0.2843927893738141
ITC,FMCG,2026-05-25,303.95,305.5,302.35,303.95,15734247,0.007457739476300906,308.3975,303.735,,0.012477636203053174,421.6,-0.27905597722960157
ITC,FMCG,2026-05-26,304.35,304.4,301.1,301.65,37560542,-0.007567034051653265,308.25750000000005,303.58799999999997,,0.012583734435386745,421.6,-0.2845113851992411
ITC,FMCG,2026-05-27,295.65,296.35,291.05,291.95,25446093,-0.032156472733300134,307.0425,303.345,,0.010843607503260112,421.6,-0.3075189753320684
ITC,FMCG,2026-05-28,291.95,291.95,291.95,291.95,0,0.0,305.895,303.155,,0.010878608528285056,421.6,-0.3075189753320684
ITC,FMCG,2026-05-29,292.0,292.4,285.9,286.9,31930439,-0.017297482445624235,304.495,302.728,,0.011248622503864894,421.6,-0.31949715370018983
ITC,FMCG,2026-06-01,287.8,288.55,278.3,279.65,23477875,-0.02527012896479608,302.9225,302.224,,0.012068410138209544,421.6,-0.33669354838709686
ITC,FMCG,2026-06-02,279.5,283.6,277.1,283.25,20206131,0.012873234400143208,301.5125,301.808,,0.012665886490356349,421.6,-0.32815464895635676
ITC,FMCG,2026-06-03,282.35,282.35,275.2,277.0,28001438,-0.02206531332744921,299.8275,301.388,,0.013232195430046495,421.6,-0.3429791271347249
ITC,FMCG,2026-06-04,277.0,280.65,275.05,280.3,22017634,0.011913357400721969,298.47249999999997,300.995,,0.01373557381243546,421.6,-0.3351518026565465
ITC,FMCG,2026-06-05,280.0,281.4,277.85,280.7,16065822,0.0014270424545128613,297.135,300.8,,0.01376111469265269,421.6,-0.334203036053131
ITC,FMCG,2026-06-08,279.0,283.45,276.95,279.45,15779677,-0.004453152832205154,295.815,300.564,,0.013759973864841915,421.6,-0.3371679316888046
ITC,FMCG,2026-06-09,281.7,281.7,277.15,280.0,12302522,0.0019681517266059156,294.78,300.25,,0.013506400612445705,421.6,-0.33586337760910817
ITC,FMCG,2026-06-10,280.0,285.85,278.65,283.65,19823743,0.013035714285714262,293.73999999999995,300.029,,0.013542034467065164,421.6,-0.3272058823529413
ITC,FMCG,2026-06-11,283.0,283.25,281.2,282.4,12603100,-0.004406839414771713,292.5,299.923,,0.013219947297301839,421.6,-0.3301707779886149
ITC,FMCG,2026-06-12,283.55,285.85,283.0,285.1,12893433,0.009560906515580836,291.28249999999997,299.791,,0.013330816043992028,421.6,-0.32376660341555974
ITC,FMCG,2026-06-15,287.0,288.85,286.7,287.9,11194950,0.009821115398105817,290.17,299.692,,0.013621807564169646,421.6,-0.3171252371916509
ITC,FMCG,2026-06-16,288.15,292.15,287.5,291.65,14467499,0.013025356026397983,289.2375,299.628,,0.01410121335041756,421.6,-0.3082305502846301
ITC,FMCG,2026-06-17,291.95,292.35,290.0,290.75,8626353,-0.00308589062232123,288.3975,299.474,,0.014033797994159112,421.6,-0.31036527514231504
ITC,FMCG,2026-06-18,291.05,291.9,288.0,291.15,10409670,0.001375752364574323,287.55249999999995,299.248,,0.014029843290579965,421.6,-0.3094165085388995
ITC,FMCG,2026-06-19,289.8,294.55,288.4,292.5,13874008,0.004636785162287493,287.09250000000003,299.038,350.219,0.013459693017147301,421.6,-0.30621442125237197
ITC,FMCG,2026-06-22,292.8,293.95,290.05,291.25,9947873,-0.004273504273504258,286.4575,298.778,349.64599999999996,0.013305328597230024,421.6,-0.30917931688804556
ITC,FMCG,2026-06-23,291.25,293.15,289.65,290.0,9410364,-0.0042918454935622075,285.875,298.605,349.06225,0.013253867959379889,421.6,-0.3121442125237192
ITC,FMCG,2026-06-24,290.0,291.4,289.45,290.35,6218635,0.0012068965517242347,285.79499999999996,298.371,348.4552499999999,0.011180468436904832,421.6,-0.3113140417457305
ITC,FMCG,2026-06-25,290.35,292.25,289.2,290.0,11230239,-0.0012054417082831836,285.6975,298.103,347.82574999999997,0.01118249743518282,421.6,-0.3121442125237192
ITC,FMCG,2026-06-26,290.0,290.0,290.0,290.0,0,0.0,285.8525,297.767,347.2389999999999,0.010441003292022515,421.6,-0.3121442125237192
ITC,FMCG,2026-06-29,290.45,291.9,289.35,290.7,10110022,0.0024137931034482474,286.405,297.481,346.65475000000004,0.008483910545676923,421.6,-0.310483870967742
ITC,FMCG,2026-06-30,291.5,291.6,285.5,286.95,18180676,-0.012899896800825594,286.59,297.027,346.03925000000004,0.008695960344272642,421.6,-0.3193785578747629
ITC,FMCG,2026-07-01,287.85,291.0,287.1,290.3,6551425,0.01167450775396417,287.255,296.723,345.42550000000006,0.007192973440017098,421.6,-0.3114326375711575
ITC,FMCG,2026-07-02,290.7,291.0,287.7,289.9,12722639,-0.0013778849466070664,287.735,296.415,344.79974999999996,0.006871885831803552,421.6,-0.31238140417457316
ITC,FMCG,2026-07-03,291.3,291.6,289.0,289.95,6517591,0.00017247326664371343,288.1975,296.18199999999996,344.18075,0.006880302290780974,421.6,-0.31226280834914616
ITC,FMCG,2026-07-06,289.95,290.4,287.6,288.25,27126124,-0.005863079841351926,288.6375,295.86999999999995,343.55875,0.00695291157995746,421.6,-0.3162950664136623
ITC,FMCG,2026-07-07,288.3,290.7,286.55,288.75,18491160,0.0017346053772766545,289.075,295.556,342.93699999999995,0.00695241149280084,421.6,-0.3151091081593928
ITC,FMCG,2026-07-08,286.9,287.85,280.0,280.65,21593793,-0.028051948051948106,288.925,294.844,342.29375,0.00911727696901687,421.6,-0.33432163187855796
ITC,FMCG,2026-07-09,281.25,284.4,281.0,282.05,12512120,0.004988419739889727,288.90749999999997,294.187,341.64625,0.009146929394040831,421.6,-0.3310009487666034
ITC,FMCG,2026-07-10,282.85,283.65,280.85,281.75,11774274,-0.001063641198369103,288.74,293.524,341.00174999999996,0.008865278477788981,421.6,-0.3317125237191651
ITC,FMCG,2026-07-13,281.35,281.5,279.5,279.65,12559492,-0.007453416149068359,288.3275,292.895,340.36525,0.008639984058138109,421.6,-0.33669354838709686
ITC,FMCG,2026-07-14,279.25,280.65,275.0,275.55,15018851,-0.014661183622384999,287.5225,292.177,339.72700000000003,0.00841940847744605,421.6,-0.3464184060721063
ITC,FMCG,2026-07-15,276.65,277.7,275.3,276.65,8523722,0.003992015968063756,286.8175,291.496,339.10525,0.008554483567135339,421.6,-0.3438092979127136
ITC,FMCG,2026-07-16,277.0,280.45,276.0,279.35,11220653,0.009759624073739648,286.2275,290.935,338.5015,0.008948048568850458,421.6,-0.33740512333965844
ITC,FMCG,2026-07-17,279.35,281.95,277.8,280.7,15215868,0.004832647216753028,285.63749999999993,290.4,337.87950000000006,0.008955830634700939,421.6,-0.334203036053131
ITC,FMCG,2026-07-20,280.7,283.7,279.5,282.7,9913943,0.007125044531528291,285.21000000000004,289.937,337.25675,0.009165009493003452,421.6,-0.3294592030360532
ITC,FMCG,2026-07-21,283.0,283.95,278.8,281.0,9858768,-0.00601344181110719,284.76000000000005,289.543,336.654,0.009201134819853586,421.6,-0.3334914611005693
ITC,FMCG,2026-07-22,280.5,282.2,278.5,280.8,12995017,-0.000711743772241924,284.28249999999997,289.07,336.03,0.009181028463033163,421.6,-0.33396584440227706
ITC,FMCG,2026-07-23,279.95,284.0,279.65,281.3,21143589,0.0017806267806268483,283.84749999999997,288.552,335.415,0.009212529329634948,421.6,-0.3327798861480076
ITC,FMCG,2026-07-24,279.55,284.85,279.55,283.45,24954082,0.007643085673658012,283.52,288.032,334.82849999999996,0.009433088100255284,421.6,-0.32768026565464903
ITC,FMCG,2026-07-27,287.75,287.9,285.5,285.85,19312804,0.008467101781619357,283.27750000000003,287.546,334.25875,0.009646428201903165,421.6,-0.3219876660341556
ITC,FMCG,2026-07-28,284.9,287.95,282.3,284.65,14843878,-0.004198005947175232,283.1625,287.033,333.68325000000004,0.009260289980027462,421.6,-0.3248339658444024
ITC,FMCG,2026-07-29,285.6,289.05,284.15,286.25,19030590,0.0056209379940277415,282.96,286.60699999999997,333.115,0.008939568314456456,421.6,-0.3210388994307401
ITC,FMCG,2026-07-30,286.1,288.4,283.75,285.05,18283697,-0.004192139737991263,282.7175,286.147,332.52625,0.008973482917336266,421.6,-0.32388519924098674
ITC,FMCG,2026-07-31,285.55,285.8,280.05,281.0,16833813,-0.014208033678302145,282.27,285.733,331.935,0.009454327623379874,421.6,-0.3334914611005693
ITC,FMCG,2026-08-03,284.45,292.55,283.0,287.0,45392755,0.021352313167259718,282.2075,285.394,331.3860000000001,0.010676451634132025,421.6,-0.3192599620493359
ITC,FMCG,2026-08-04,286.05,289.0,284.7,289.0,12689243,0.006968641114982521,282.21999999999997,285.141,330.8315,0.010788965882462536,421.6,-0.3145161290322581
ITC,FMCG,2026-08-05,288.25,288.5,285.0,286.95,11771241,-0.007093425605536385,282.53499999999997,285.041,330.24050000000005,0.008732674657379447,421.6,-0.3193785578747629
ITC,FMCG,2026-08-06,285.45,286.35,283.7,285.9,12447629,-0.003659174072138005,282.7275,284.91999999999996,329.60925,0.008746525118908154,421.6,-0.32186907020872874
ITC,FMCG,2026-08-07,285.0,286.1,284.4,286.1,6128841,0.0006995452955580461,282.945,284.904,328.9745,0.008736540655212306,421.6,-0.32139468690702083
ITC,FMCG,2026-08-10,286.1,286.1,281.4,282.65,9347929,-0.012058720727018635,283.095,284.964,328.32349999999997,0.009021630686921113,421.6,-0.32957779886148014
ITC,FMCG,2026-08-11,282.0,282.6,278.0,279.0,13053722,-0.012913497258092987,283.26750000000004,284.87899999999996,327.63875,0.00887356102101259,421.6,-0.3382352941176471
ITC,FMCG,2026-08-12,279.0,279.55,275.4,276.15,12630816,-0.010215053763440896,283.24249999999995,284.862,326.9355,0.00915689175558207,421.6,-0.344995256166983
ITC,FMCG,2026-08-13,276.2,278.5,276.05,278.5,11335590,0.008509867825457151,283.2,284.826,326.22475,0.00909044459503597,421.6,-0.33942125237191656
ITC,FMCG,2026-08-14,278.35,278.35,275.95,278.2,7338537,-0.001077199281867225,283.075,284.776,325.52625,0.009016970524155293,421.6,-0.34013282732447825
ITC,FMCG,2026-08-17,278.2,278.2,273.0,273.05,12795275,-0.01851186196980581,282.5925,284.64799999999997,324.7835,0.009686984965734025,421.6,-0.3523481973434535
ITC,FMCG,2026-08-18,273.05,273.65,269.15,270.0,14561572,-0.011170115363486555,282.04249999999996,284.44800000000004,324.03974999999997,0.009874905735586073,421.6,-0.3595825426944972
ITC,FMCG,2026-08-19,270.0,270.95,265.85,267.05,13821291,-0.010925925925925895,281.355,284.116,323.27325,0.010069790288866006,421.6,-0.3665796963946869
ITC,FMCG,2026-08-20,268.2,271.65,265.0,271.65,28272797,0.017225238719340785,280.8725,283.901,322.56175,0.010964494051021886,421.6,-0.35566888045540807
ITC,FMCG,2026-08-21,271.6,271.6,269.0,269.4,8312928,-0.008282716731087825,280.17,283.587,321.86424999999997,0.01082871325919222,421.6,-0.36100569259962056
ITC,FMCG,2026-08-24,270.6,270.6,267.0,269.7,8518400,0.00111358574610243,279.3625,283.223,321.17525,0.0105588200614239,421.6,-0.3602941176470589
ITC,FMCG,2026-08-25,269.7,271.4,267.65,271.4,8414719,0.006303299962921782,278.7,282.818,320.512,0.010747713046461233,421.6,-0.3562618595825428
ITC,FMCG,2026-08-26,271.85,273.95,270.25,270.25,11693367,-0.004237288135593098,277.9,282.408,319.8355,0.010588968523374506,421.6,-0.35898956356736245
ITC,FMCG,2026-08-27,269.5,271.25,268.0,269.0,8834890,-0.0046253469010175685,277.09749999999997,281.965,319.14625,0.010592368514796238,421.6,-0.3619544592030361
ITC,FMCG,2026-08-28,269.0,269.0,264.8,266.0,15200847,-0.01115241635687736,276.34749999999997,281.435,318.44125,0.01044072535627581,421.6,-0.36907020872865276
ITC,FMCG,2026-08-31,266.0,266.55,255.5,255.5,24575845,-0.03947368421052633,274.7725,280.72,317.69025,0.011835462512718439,421.6,-0.3939753320683112
ITC,FMCG,2026-09-01,261.5,268.2,261.5,266.6,31232541,0.04344422700587103,273.65250000000003,280.252,316.9825,0.01597979702119145,421.6,-0.3676470588235294
LT,Industrials,2025-09-01,3601.0,3628.6,3581.9,3598.4,1094155,,,,,,3598.4,0.0
LT,Industrials,2025-09-02,3598.4,3619.9,3560.0,3574.9,1230950,-0.006530680302356595,,,,,3598.4,-0.006530680302356603
LT,Industrials,2025-09-03,3594.0,3606.3,3560.0,3600.8,1314831,0.00724495790092039,,,,,3600.8,0.0
LT,Industrials,2025-09-04,3622.9,3624.9,3572.5,3592.6,1434998,-0.002277271717396223,,,,,3600.8,-0.0022772717173962097
LT,Industrials,2025-09-05,3592.8,3609.1,3549.1,3553.6,830812,-0.010855647720313999,,,,,3600.8,-0.013108198178182701
LT,Industrials,2025-09-08,3570.0,3579.9,3525.0,3529.6,1039999,-0.006753714542998668,,,,,3600.8,-0.01977338369251285
LT,Industrials,2025-09-09,3547.2,3550.0,3516.4,3525.0,1522116,-0.0013032638259292684,,,,,3600.8,-0.021050877582759437
LT,Industrials,2025-09-10,3559.0,3577.4,3541.1,3550.0,1136732,0.007092198581560183,,,,,3600.8,-0.014107976005332198
LT,Industrials,2025-09-11,3548.0,3564.7,3533.0,3539.7,1177793,-0.0029014084507043014,,,,,3600.8,-0.01696845145523227
LT,Industrials,2025-09-12,3556.4,3595.4,3548.1,3579.8,1146873,0.011328643670367677,,,,,3600.8,-0.00583203732503888
LT,Industrials,2025-09-15,3581.0,3607.0,3575.5,3586.2,1177076,0.0017878093748253665,,,,,3600.8,-0.004054654521217608
LT,Industrials,2025-09-16,3603.9,3674.0,3593.1,3667.8,2928060,0.022753889911326874,,,,,3667.8,0.0
LT,Industrials,2025-09-17,3672.0,3704.0,3662.7,3685.5,1610471,0.004825781122198558,,,,,3685.5,0.0
LT,Industrials,2025-09-18,3691.0,3700.0,3672.5,3686.0,1270148,0.0001356668023335672,,,,,3686.0,0.0
LT,Industrials,2025-09-19,3679.0,3705.0,3671.0,3675.4,2227521,-0.0028757460661964496,,,,,3686.0,-0.002875746066196394
LT,Industrials,2025-09-22,3693.6,3693.6,3633.9,3644.5,839430,-0.008407248190673178,,,,,3686.0,-0.011258817145957677
LT,Industrials,2025-09-23,3646.9,3673.5,3613.2,3657.6,1262120,0.003594457401564055,,,,,3686.0,-0.007704829083016845
LT,Industrials,2025-09-24,3657.6,3709.2,3637.1,3673.8,1745130,0.00442913385826782,,,,,3686.0,-0.0033098209441128103
LT,Industrials,2025-09-25,3684.0,3704.0,3635.7,3644.4,1999071,-0.008002613098154532,,,,,3686.0,-0.01128594682582743
LT,Industrials,2025-09-26,3664.0,3794.9,3661.0,3729.5,5870301,0.023350894523104015,3614.755,,,,3729.5,0.0
LT,Industrials,2025-09-29,3738.0,3740.0,3679.6,3688.4,2599630,-0.01102024400053625,3619.255,,,0.009750067176460878,3729.5,-0.01102024400053624
LT,Industrials,2025-09-30,3695.0,3696.6,3648.0,3659.0,1676302,-0.007970935907168464,3623.46,,,0.009815894754076354,3729.5,-0.018903338249095052
LT,Industrials,2025-10-01,3658.9,3688.0,3615.0,3670.3,2005028,0.003088275485105374,3626.935,,,0.009724946374095435,3729.5,-0.015873441480091115
LT,Industrials,2025-10-03,3690.0,3746.0,3666.3,3733.1,1959124,0.01711031795766016,3633.96,,,0.010328521545201466,3733.1,0.0
LT,Industrials,2025-10-06,3720.0,3767.0,3703.0,3737.0,1581506,0.0010447081514024514,3643.1299999999997,,,0.009883956582935479,3737.0,0.0
LT,Industrials,2025-10-07,3748.0,3766.0,3725.0,3729.7,1673945,-0.001953438587101952,3653.1350000000007,,,0.009702365152501028,3737.0,-0.001953438587102002
LT,Industrials,2025-10-08,3730.0,3760.0,3715.0,3729.8,1424633,2.681180792030169e-05,3663.375,,,0.009677246861319802,3737.0,-0.001926679154401878
LT,Industrials,2025-10-09,3735.5,3796.4,3730.1,3769.2,1827249,0.010563569092176373,3674.3350000000005,,,0.00978742943810914,3769.2,0.0
LT,Industrials,2025-10-10,3765.0,3799.0,3760.0,3784.0,1129678,0.003926562665817812,3686.55,,,0.009687654544009503,3784.0,0.0
LT,Industrials,2025-10-13,3780.0,3784.0,3745.0,3769.5,1191248,-0.003831923890063371,3696.0350000000008,,,0.009626465063370955,3784.0,-0.003831923890063425
LT,Industrials,2025-10-14,3775.0,3786.8,3730.2,3744.3,1364583,-0.006685236768802172,3703.9399999999996,,,0.00984929044397258,3784.0,-0.010491543340380502
LT,Industrials,2025-10-15,3747.0,3843.9,3744.3,3828.7,2575918,0.022540928878562072,3711.9850000000006,,,0.009825993559011018,3828.7,0.0
LT,Industrials,2025-10-16,3830.3,3885.9,3830.0,3861.8,2330283,0.008645232063102526,3720.8,,,0.009916524855582162,3861.8,0.0
LT,Industrials,2025-10-17,3860.0,3869.5,3830.1,3839.4,1337364,-0.005800403956704114,3728.4700000000003,,,0.010074973618833524,3861.8,-0.005800403956704151
LT,Industrials,2025-10-20,3862.0,3887.6,3845.4,3872.7,1223232,0.00867323019221744,3738.335,,,0.010106379390291206,3872.7,0.0
LT,Industrials,2025-10-21,3892.0,3895.0,3877.2,3888.2,260327,0.004002375603584074,3750.5199999999995,,,0.009765960596392571,3888.2,0.0
LT,Industrials,2025-10-23,3890.0,3966.2,3890.0,3918.7,2815778,0.007844246695128954,3763.575,,,0.009819101147815552,3918.7,0.0
LT,Industrials,2025-10-24,3929.3,3939.9,3897.5,3904.9,1146636,-0.003521576032867957,3775.13,,,0.009939670741090102,3918.7,-0.0035215760328679733
LT,Industrials,2025-10-27,3912.0,3948.0,3907.0,3923.8,1057688,0.004840072729135114,3789.1,,,0.00959335737840703,3923.8,0.0
LT,Industrials,2025-10-28,3922.1,3986.0,3917.3,3972.8,3391806,0.012487894388093279,3801.2649999999994,,,0.008689787262001947,3972.8,0.0
LT,Industrials,2025-10-29,3988.0,4016.7,3920.0,3958.1,2563641,-0.003700161095449128,3814.75,,,0.008199633149451518,3972.8,-0.003700161095449122
LT,Industrials,2025-10-30,3980.0,4062.6,3975.6,3987.5,4959400,0.0074278062706854,3831.175,,,0.007771019175791059,3987.5,0.0
LT,Industrials,2025-10-31,4001.1,4045.9,3980.2,4030.9,2328183,0.010884012539184917,3849.2049999999995,,,0.007899566190592403,4030.9,0.0
LT,Industrials,2025-11-03,4030.0,4041.0,3974.9,3980.5,1154072,-0.012503411148874988,3861.575,,,0.008224825371811574,4030.9,-0.012503411148874963
LT,Industrials,2025-11-04,3985.0,3990.0,3916.8,3924.4,2042881,-0.014093706820751173,3870.9450000000006,,,0.009089193383648048,4030.9,-0.026420898558634547
LT,Industrials,2025-11-06,3945.0,3978.0,3872.1,3881.6,1749063,-0.010906125777188969,3878.5399999999995,,,0.009529277667327132,4030.9,-0.037038874692996646
LT,Industrials,2025-11-07,3877.1,3892.9,3831.1,3882.5,1577294,0.0002318631492168599,3886.175,,,0.009527106591416612,4030.9,-0.03681559949390957
LT,Industrials,2025-11-10,3895.0,3943.8,3894.0,3918.5,1397176,0.009272376046361774,3893.6399999999994,,,0.009470594930120922,4030.9,-0.02788459153042747
LT,Industrials,2025-11-11,3929.0,3966.8,3897.0,3955.0,1775462,0.00931478882225334,3902.1899999999996,,,0.009604377669140945,4030.9,-0.018829541789674786
LT,Industrials,2025-11-12,3970.0,3973.8,3936.9,3954.6,981350,-0.00010113780025289287,3911.4449999999997,3755.88,,0.009515731654727815,4030.9,-0.018928775211491274
LT,Industrials,2025-11-13,3954.6,4022.9,3925.6,4002.5,1834962,0.012112476609517975,3924.3550000000005,3763.962,,0.009495021493758703,4030.9,-0.007045572948969236
LT,Industrials,2025-11-14,4002.0,4011.5,3971.6,4004.4,1916910,0.0004747033104310905,3933.1399999999994,3772.552,,0.008366659785246276,4030.9,-0.006574214195340991
LT,Industrials,2025-11-17,4004.4,4030.0,4000.1,4027.7,1206133,0.0058185995405053426,3941.4350000000004,3781.09,,0.008276856041452318,4030.9,-0.0007938673745318099
LT,Industrials,2025-11-18,4020.0,4026.8,3978.9,3999.6,1748928,-0.0069766864463589595,3949.4449999999997,3789.23,,0.008340170382002007,4030.9,-0.007765015257138649
LT,Industrials,2025-11-19,4007.0,4026.5,3980.3,4019.6,923032,0.0050005000500050745,3956.79,3798.55,,0.00822700253659996,4030.9,-0.00280334416631526
LT,Industrials,2025-11-20,4035.0,4048.0,4007.7,4037.4,1463574,0.004428301323514905,3964.25,3808.706,,0.008233292420365357,4037.4,0.0
LT,Industrials,2025-11-21,4026.0,4057.0,4015.2,4024.9,1241149,-0.0030960519145984966,3969.5600000000004,3818.704,,0.008182018981795975,4037.4,-0.003096051914598504
LT,Industrials,2025-11-24,4025.0,4038.0,4003.7,4013.3,1584741,-0.002882059181594565,3974.9799999999996,3827.97,,0.008163125205135954,4037.4,-0.005969188091345893
LT,Industrials,2025-11-25,4013.0,4055.5,3981.6,3996.7,1749083,-0.004136246978795555,3978.625,3837.11,,0.008210754924345155,4037.4,-0.010080745033932796
LT,Industrials,2025-11-26,3999.0,4074.6,3998.0,4062.0,2058237,0.01633847924537757,3983.0850000000005,3846.7540000000004,,0.008534241054670454,4062.0,0.0
LT,Industrials,2025-11-27,4071.0,4140.0,4059.6,4081.3,2225064,0.0047513540128016896,3989.245,3856.656,,0.008490812073260972,4081.3,0.0
LT,Industrials,2025-11-28,4085.0,4104.2,4054.7,4069.6,1318133,-0.002866733638791641,3993.35,3864.692,,0.00842869281527807,4081.3,-0.0028667336387916283
LT,Industrials,2025-12-01,4087.0,4103.4,4050.0,4073.2,1251770,0.0008846078238646804,3995.465,3872.4460000000004,,0.008105228420383257,4081.3,-0.0019846617499327084
LT,Industrials,2025-12-02,4066.5,4088.6,4023.8,4030.5,1490917,-0.010483158204851128,3997.965,3879.3360000000002,,0.007944947026906152,4081.3,-0.012447014431676225
LT,Industrials,2025-12-03,4032.0,4046.9,3970.1,3988.0,1123990,-0.01054459744448577,4001.1449999999995,3885.5880000000006,,0.007631662649268884,4081.3,-0.02286036311959429
LT,Industrials,2025-12-04,3990.0,4009.2,3961.7,3983.6,1026968,-0.0011033099297893534,4006.2450000000003,3892.37,,0.007136875856127798,4081.3,-0.02393845098375524
LT,Industrials,2025-12-05,3999.0,4048.0,3975.1,4038.2,1073758,0.013706195401144594,4014.03,3899.982,,0.007646359854060594,4081.3,-0.010560360669394645
LT,Industrials,2025-12-08,4047.0,4047.9,3976.9,3996.7,1127841,-0.010276856024961645,4017.94,3906.44,,0.007912094100663942,4081.3,-0.020728689388185225
LT,Industrials,2025-12-09,3990.0,4019.9,3949.1,3997.5,1788464,0.00020016513623755117,4020.065,3913.502,,0.007667788561284394,4081.3,-0.020532673412883194
LT,Industrials,2025-12-10,4000.0,4030.0,3970.0,3991.3,957277,-0.0015509693558473092,4021.9,3918.738,,0.007681233703799483,4081.3,-0.02205179722147355
LT,Industrials,2025-12-11,3993.2,4015.0,3984.6,4003.9,841371,0.003156866183950058,4021.97,3925.048,,0.007214913595231048,4081.3,-0.018964545610467273
LT,Industrials,2025-12-12,4061.0,4114.0,4048.6,4074.1,2207898,0.017532905417218192,4025.4550000000004,3933.35,,0.008208579336494598,4081.3,-0.0017641437777179507
LT,Industrials,2025-12-15,4072.8,4096.0,4063.8,4092.3,1064975,0.0044672442993545225,4028.685,3941.79,,0.008171396469426101,4092.3,0.0
LT,Industrials,2025-12-16,4083.7,4103.8,4051.2,4063.8,2199214,-0.006964298805072988,4031.8950000000004,3948.4040000000005,,0.008170774233330767,4092.3,-0.006964298805072941
LT,Industrials,2025-12-17,4079.0,4079.0,4040.0,4062.4,1087334,-0.0003445051429696866,4034.035,3954.9120000000003,,0.008114338468466565,4092.3,-0.007306404711287073
LT,Industrials,2025-12-18,4067.0,4071.8,4023.4,4031.1,1004303,-0.007704805041354956,4033.7200000000003,3960.94,,0.008262187011171583,4092.3,-0.014954915328788279
LT,Industrials,2025-12-19,4040.1,4091.5,4040.1,4073.5,1327935,0.010518220833023229,4036.15,3967.8140000000003,,0.008553354899662179,4092.3,-0.004593993597732371
LT,Industrials,2025-12-22,4081.0,4098.5,4068.5,4072.4,764774,-0.0002700380508162681,4039.1050000000005,3973.8779999999997,,0.008516690637203663,4092.3,-0.004862791095472006
LT,Industrials,2025-12-23,4089.0,4095.0,4053.3,4058.8,1867147,-0.0033395540713092586,4042.21,3979.374,,0.008494391142905263,4092.3,-0.008186105612980474
LT,Industrials,2025-12-24,4065.0,4080.7,4048.1,4053.6,1021436,-0.0012811668473441395,4041.7899999999995,3985.0559999999996,,0.007672549029297957,4092.3,-0.009456784693204377
LT,Industrials,2025-12-26,4052.0,4061.5,4030.2,4047.3,594330,-0.001554174067495473,4040.09,3991.1160000000004,,0.007592900431297377,4092.3,-0.010996261271167802
LT,Industrials,2025-12-29,4053.0,4061.1,4033.4,4038.7,952143,-0.0021248733723717717,4038.5449999999996,3995.316,,0.007581973055925361,4092.3,-0.013097768980768849
LT,Industrials,2025-12-30,4039.0,4063.9,4006.2,4052.0,1362208,0.003293138881323321,4037.4849999999997,3999.12,,0.0076217019633953486,4092.3,-0.009847762871734765
LT,Industrials,2025-12-31,4058.0,4094.5,4048.0,4083.5,1160164,0.007773938795656576,4040.1349999999998,4004.002,,0.007420134566326844,4092.3,-0.0021503799819173035
LT,Industrials,2026-01-01,4090.0,4146.8,4088.3,4140.4,1360716,0.013934125137749387,4047.755,4009.3559999999998,,0.007489835330033126,4140.4,0.0
LT,Industrials,2026-01-02,4138.1,4172.7,4127.1,4163.4,984027,0.00555501883875964,4056.745,4014.86,,0.007497130028247183,4163.4,0.0
LT,Industrials,2026-01-05,4162.9,4195.0,4132.8,4150.4,1167460,-0.003122447999231448,4062.3550000000005,4019.494,,0.007074530689880186,4163.4,-0.0031224479992313977
LT,Industrials,2026-01-06,4153.0,4185.0,4129.9,4140.6,1205337,-0.0023612181958363454,4069.55,4024.2080000000005,,0.0065921661079278455,4163.4,-0.00547629341403643
LT,Industrials,2026-01-07,4106.0,4180.0,4094.0,4157.0,1213160,0.003960778631116213,4077.525,4028.8720000000003,,0.006598041639495325,4163.4,-0.001537205168852293
LT,Industrials,2026-01-08,4160.0,4169.9,3991.3,4028.4,2328813,-0.03093577098869371,4079.38,4029.9840000000004,,0.009880549657537532,4163.4,-0.03242542153047979
LT,Industrials,2026-01-09,4029.0,4094.0,4006.2,4025.2,1718127,-0.0007943600436898235,4080.4450000000006,4031.3259999999996,,0.009864317992828994,4163.4,-0.033194024114906046
LT,Industrials,2026-01-12,4026.0,4026.9,3944.3,4019.0,1386513,-0.0015402961343535804,4077.69,4031.9559999999997,,0.008995522785871677,4163.4,-0.03468319162223175
LT,Industrials,2026-01-13,4028.0,4028.0,3837.0,3887.4,4978634,-0.032744463796964385,4067.4449999999997,4029.0860000000002,,0.011408020866569243,4163.4,-0.0662919729067588
LT,Industrials,2026-01-14,3900.0,3904.9,3856.6,3865.8,1914244,-0.005556413026701623,4057.5449999999996,4026.792,,0.011383355886345656,4163.4,-0.07148004035163556
LT,Industrials,2026-01-15,3865.8,3865.8,3865.8,3865.8,0,0.0,4047.715,4025.62,,0.011386940926070245,4163.4,-0.07148004035163556
LT,Industrials,2026-01-16,3890.0,3914.0,3848.7,3856.4,1807300,-0.0024315794919551603,4038.9799999999996,4025.1160000000004,,0.011318850061816882,4163.4,-0.07373781044338751
LT,Industrials,2026-01-19,3820.0,3878.4,3808.5,3869.8,1709380,0.003474743283891746,4028.7949999999996,4024.862,,0.0110092532145131,4163.4,-0.07051928712110282
LT,Industrials,2026-01-20,3858.0,3874.3,3800.0,3810.5,1658119,-0.01532378934311851,4015.7,4022.702,,0.011357627337074521,4163.4,-0.0847624537637507
LT,Industrials,2026-01-21,3800.0,3830.0,3722.0,3766.5,2537185,-0.011547041070725572,4001.085,4018.9320000000002,,0.011508088362312562,4163.4,-0.09533073929961082
LT,Industrials,2026-01-22,3798.9,3801.3,3755.1,3793.8,1856812,0.007248108323377078,3988.0950000000003,4015.716,,0.011756484777704206,4163.4,-0.08877359850122483
LT,Industrials,2026-01-23,3798.0,3799.4,3720.1,3743.8,1898703,-0.013179397965100925,3972.9200000000005,4010.542,,0.011954475190303213,4163.4,-0.10078301388288406
LT,Industrials,2026-01-27,3743.8,3815.0,3739.0,3787.8,2162193,0.011752764570756913,3960.375,4006.21,,0.012450572629808141,4163.4,-0.09021472834702395
LT,Industrials,2026-01-28,3804.3,3828.2,3769.1,3794.0,2111741,0.0016368340461481168,3947.475,4001.5359999999996,,0.012411065716961598,4163.4,-0.08872556083969825
LT,Industrials,2026-01-29,3860.0,3960.9,3843.6,3932.9,4227139,0.036610437532946793,3939.9450000000006,4000.2019999999993,,0.015131182491584504,4163.4,-0.0553634049094489
LT,Industrials,2026-01-30,3902.5,3942.4,3891.8,3932.3,2208465,-0.0001525591802487014,3929.54,3998.456,,0.01468301306480585,4163.4,-0.055507517894028795
LT,Industrials,2026-02-02,3830.7,3934.8,3825.0,3921.3,3034613,-0.0027973450652289955,3917.4350000000004,3996.1339999999996,,0.014560947052868383,4163.4,-0.058149589277993824
LT,Industrials,2026-02-03,4117.0,4122.0,4030.6,4038.8,3742190,0.029964552571851266,3911.8549999999996,3996.4120000000003,,0.016307961396831664,4163.4,-0.02992746313109465
LT,Industrials,2026-02-04,4029.0,4107.0,4016.9,4087.1,1403373,0.011958997722095521,3909.1800000000003,3997.888,,0.016568240396798495,4163.4,-0.018326367872411906
LT,Industrials,2026-02-05,4088.0,4088.5,4035.9,4063.3,1433240,-0.005823199823835945,3904.4950000000003,3999.22,,0.01657342444114427,4163.4,-0.024042849594081633
LT,Industrials,2026-02-06,4055.0,4078.0,4042.3,4068.1,1630836,0.0011813058351586303,3906.4799999999996,3999.342,,0.015002630172372123,4163.4,-0.022889945717442413
LT,Industrials,2026-02-09,4073.9,4124.7,4062.4,4113.6,1830267,0.011184582483223293,3910.9,3999.988,,0.015182207093093961,4163.4,-0.01196137772013241
LT,Industrials,2026-02-10,4140.0,4174.6,4122.4,4169.0,1890409,0.013467522364838391,3918.4,4001.9759999999997,,0.015409046704822559,4169.0,0.0
LT,Industrials,2026-02-11,4172.9,4187.7,4140.3,4170.4,1689489,0.0003358119453105157,3932.55,4003.92,,0.013090316732821848,4170.4,0.0
LT,Industrials,2026-02-12,4187.9,4199.0,4160.9,4185.9,2006458,0.0037166698638020357,3948.5550000000003,4007.028,,0.012911931731278772,4185.9,0.0
LT,Industrials,2026-02-13,4174.1,4199.0,4134.1,4173.9,2234376,-0.0028667670035117387,3963.96,4010.7459999999996,,0.012975177551181279,4185.9,-0.00286676700351179
LT,Industrials,2026-02-16,4170.0,4206.0,4135.3,4201.5,852552,0.006612520664127208,3981.215,4015.1040000000003,,0.012899524882923176,4201.5,0.0
LT,Industrials,2026-02-17,4210.1,4287.0,4190.1,4279.8,1763048,0.018636201356658333,4001.715,4019.9359999999997,,0.013283752672600044,4279.8,0.0
LT,Industrials,2026-02-18,4290.5,4335.0,4261.1,4325.9,2042626,0.010771531379971,4027.4849999999997,4026.52,,0.012422565219111363,4325.9,0.0
LT,Industrials,2026-02-19,4326.1,4334.0,4261.9,4280.5,2007080,-0.010494925911370911,4053.185,4032.18,,0.012344388104192031,4325.9,-0.010494925911370962
LT,Industrials,2026-02-20,4267.1,4390.0,4267.1,4380.6,2542442,0.023385118560915963,4082.525,4039.966,,0.012911038216258327,4380.6,0.0
LT,Industrials,2026-02-23,4395.6,4431.6,4371.7,4418.1,2122782,0.00856047116833314,4116.24,4048.25,,0.011977986765941048,4418.1,0.0
LT,Industrials,2026-02-24,4415.5,4440.0,4228.1,4259.2,3673070,-0.03596568660736532,4139.81,4051.952,,0.015504628175649076,4418.1,-0.03596568660736528
LT,Industrials,2026-02-25,4270.0,4344.9,4254.2,4298.5,2481469,0.00922708489857249,4165.035000000001,4056.0760000000005,,0.015485191253005317,4418.1,-0.027070460152554345
LT,Industrials,2026-02-26,4304.9,4340.0,4278.3,4286.5,2370148,-0.0027916715133186054,4182.715,4060.53,,0.013856976678686388,4418.1,-0.02978655983341263
LT,Industrials,2026-02-27,4288.9,4304.7,4254.4,4278.3,2357853,-0.0019129826198529543,4200.014999999999,4064.848,,0.013892998337606495,4418.1,-0.03164256128199909
LT,Industrials,2026-03-02,4061.0,4141.4,3975.4,4066.7,6542141,-0.04945889722553354,4207.285000000001,4065.56,,0.018352837927434713,4418.1,-0.07953645232113364
LT,Industrials,2026-03-04,3950.0,3959.0,3760.0,3882.6,7635350,-0.045270120736715214,4199.475,4061.742,,0.01995626314429624,4418.1,-0.12120594825830117
LT,Industrials,2026-03-05,3924.2,4072.9,3908.9,4038.7,4996312,0.040205017256477626,4197.054999999999,4061.0679999999998,,0.021885749707290923,4418.1,-0.08587401824313631
LT,Industrials,2026-03-06,4015.0,4015.0,3941.0,3949.8,2379314,-0.02201203357516024,4191.379999999999,4058.8880000000004,,0.02239176575094108,4418.1,-0.1059957900454947
LT,Industrials,2026-03-09,3850.0,3852.0,3743.0,3842.1,4248784,-0.027267203402704054,4180.08,4054.658,,0.02312579774132628,4418.1,-0.1303727846811979
LT,Industrials,2026-03-10,3936.0,3972.0,3851.0,3876.0,3330102,0.008823299757944936,4168.2,4051.2319999999995,,0.023057663276884393,4418.1,-0.12269980308277322
LT,Industrials,2026-03-11,3879.7,3896.7,3832.0,3838.8,2066473,-0.009597523219814219,4151.6900000000005,4047.2340000000004,,0.02278083032436522,4418.1,-0.13111971209343387
LT,Industrials,2026-03-12,3825.0,3830.0,3704.9,3719.5,4255443,-0.031077420027091796,4129.145,4040.5840000000003,,0.023545796908516107,4418.1,-0.1581222697539667
LT,Industrials,2026-03-13,3696.0,3697.0,3424.5,3439.0,10778730,-0.075413362011023,4091.8,4027.6940000000004,,0.028128665535311258,4418.1,-0.22161109979402918
LT,Industrials,2026-03-16,3453.5,3494.8,3396.6,3469.4,8459233,0.008839779005524795,4056.575,4014.2740000000003,,0.02839223434638452,4418.1,-0.21473031393585482
LT,Industrials,2026-03-17,3478.0,3550.0,3450.0,3542.8,5003418,0.021156395918602744,4023.6400000000003,4001.8619999999996,,0.02898803396081039,4418.1,-0.19811683755460494
LT,Industrials,2026-03-18,3569.0,3638.8,3555.0,3607.9,4190485,0.018375296375747974,3990.0449999999996,3991.012,,0.028975432922527095,4418.1,-0.18338199678594877
LT,Industrials,2026-03-19,3526.7,3528.3,3422.0,3434.5,4898518,-0.04806119903545003,3945.475,3976.89,,0.02992984796495593,4418.1,-0.22262963717435102
LT,Industrials,2026-03-20,3475.0,3524.0,3410.0,3434.8,4743217,8.734895909157103e-05,3903.19,3962.446,,0.030033305574831994,4418.1,-0.22256173468232954
LT,Industrials,2026-03-23,3405.1,3409.9,3288.1,3342.4,5645839,-0.026901129614533614,3851.28,3948.7259999999997,,0.029138059420140604,4418.1,-0.24347570222493836
LT,Industrials,2026-03-24,3440.0,3547.1,3390.5,3516.8,6037848,0.0521780756342749,3806.2149999999992,3938.5580000000004,,0.03229933115024443,4418.1,-0.20400172019646456
LT,Industrials,2026-03-25,3569.9,3660.0,3546.0,3649.3,5090205,0.037676296633303075,3775.72,3931.164,,0.03346115962222589,4418.1,-0.17401145288698763
LT,Industrials,2026-03-27,3640.0,3640.0,3547.0,3564.1,3991388,-0.02334694324939035,3739.0,3924.698,,0.033414288254427056,4418.1,-0.19329576062108156
LT,Industrials,2026-03-30,3500.0,3543.6,3491.1,3504.1,3549203,-0.016834544485283764,3699.8799999999997,3917.4640000000004,,0.03342918417252067,4418.1,-0.206876259025373
LT,Industrials,2026-04-01,3655.0,3682.9,3597.3,3607.5,4099786,0.02950829028851909,3666.3399999999992,3912.2980000000007,,0.03452445708327291,4418.1,-0.1834725334419774
LT,Industrials,2026-04-02,3539.3,3629.0,3470.0,3613.1,4121638,0.001552321552321434,3643.66,3907.4319999999993,,0.033151100801511055,4418.1,-0.18220502025757687
LT,Industrials,2026-04-06,3616.6,3737.0,3577.0,3727.7,3353246,0.031717915363538296,3635.915,3904.59,,0.032741323663781116,4418.1,-0.15626626830538026
LT,Industrials,2026-04-07,3680.0,3736.2,3658.0,3723.3,3083714,-0.001180352496177206,3620.1450000000004,3902.8459999999995,,0.03123883210845879,4418.1,-0.1572621715216949
LT,Industrials,2026-04-08,3948.0,4032.0,3931.0,4005.9,7368477,0.0759004109257917,3622.95,3907.634,,0.03557143409597236,4418.1,-0.09329802403748223
LT,Industrials,2026-04-09,3988.0,3988.0,3885.6,3896.2,4415151,-0.027384607703637154,3625.655,3909.6820000000002,,0.03557640707185675,4418.1,-0.11812770195332847
LT,Industrials,2026-04-10,3932.0,3965.0,3915.6,3959.9,2822017,0.016349263384836554,3629.85,3914.0039999999995,,0.03569974829366566,4418.1,-0.10370973948077233
LT,Industrials,2026-04-13,3825.0,3971.7,3815.6,3954.3,4897563,-0.0014141771256849234,3635.625,3917.3340000000003,,0.03561050787566428,4418.1,-0.10497725266517284
LT,Industrials,2026-04-15,4045.4,4104.0,4031.1,4076.3,4562142,0.03085248969476262,3653.465,3922.98,,0.03526586432105398,4418.1,-0.07736357257644692
LT,Industrials,2026-04-16,4128.0,4149.0,4089.0,4119.8,5092608,0.010671442239285733,3687.5049999999997,3926.7180000000003,,0.02973017537458169,4418.1,-0.06751771123333564
LT,Industrials,2026-04-17,4134.0,4142.9,4072.8,4096.1,2796673,-0.005752706442060274,3718.84,3929.994,,0.029925318813617874,4418.1,-0.07288200810303071
LT,Industrials,2026-04-20,4100.0,4130.0,4024.0,4051.0,3545024,-0.011010473377114915,3744.25,3932.5880000000006,,0.03008783092808964,4418.1,-0.08309001607025653
LT,Industrials,2026-04-21,4039.0,4091.8,4032.0,4075.4,2426718,0.006023204147124206,3767.625,3933.32,,0.029971817054416674,4418.1,-0.07756728005251132
LT,Industrials,2026-04-22,4070.0,4070.0,4011.0,4021.1,2178082,-0.013323845512096977,3796.9550000000004,3932.0,,0.02755035685129421,4418.1,-0.0898576311083951
LT,Industrials,2026-04-23,4009.9,4064.0,3978.5,4054.1,2229134,0.008206709606823903,3827.9200000000005,3931.816,,0.02748319953062446,4418.1,-0.08238835698603482
LT,Industrials,2026-04-24,4072.0,4088.1,3983.2,4014.3,2162213,-0.009817222071483167,3861.5149999999994,3930.74,,0.02656959904311949,4418.1,-0.09139675426088141
LT,Industrials,2026-04-27,4058.0,4089.5,4030.2,4053.6,2000348,0.009790000747328165,3888.3550000000005,3929.54,,0.024606566802833938,4418.1,-0.08250152780607058
LT,Industrials,2026-04-28,4060.0,4087.9,4023.9,4037.7,1750237,-0.00392243931320313,3907.775,3926.914,,0.02365315539205197,4418.1,-0.08610035988320783
LT,Industrials,2026-04-29,4060.0,4126.0,4051.3,4096.1,2175030,0.014463679817718234,3934.375,3925.428,,0.02273369401239475,4418.1,-0.07288200810303071
LT,Industrials,2026-04-30,4083.0,4100.0,3990.0,4014.0,2569328,-0.020043455970313317,3959.8700000000003,3921.99,,0.022922931062884167,4418.1,-0.09146465675290291
LT,Industrials,2026-05-01,4014.0,4014.0,4014.0,4014.0,0,0.0,3980.1950000000006,3918.792,,0.02234430990177151,4418.1,-0.09146465675290291
LT,Industrials,2026-05-04,4026.0,4139.5,4026.0,4100.8,2173027,0.021624314897857655,4004.5800000000004,3916.778,,0.022602971670190167,4418.1,-0.0718182023946946
LT,Industrials,2026-05-05,4085.0,4090.0,4024.0,4054.5,3849402,-0.011290479906359785,4020.9200000000005,3912.272,,0.022127134060353663,4418.1,-0.08229782033000618
LT,Industrials,2026-05-06,3974.0,4021.0,3900.0,4008.5,9540104,-0.011345418670612895,4035.1800000000003,3905.9239999999995,,0.022378274966213328,4418.1,-0.09270953577329628
LT,Industrials,2026-05-07,4028.0,4065.8,3991.0,4023.0,3477185,0.0036173132094299287,4036.0350000000008,3900.7739999999994,,0.01464294968805531,4418.1,-0.0894275819922592
LT,Industrials,2026-05-08,4010.0,4014.0,3960.0,3974.5,1620273,-0.012055679840914713,4039.95,3892.652,,0.013471080155184985,4418.1,-0.1004051515357281
LT,Industrials,2026-05-11,3948.0,3953.5,3886.1,3940.2,2027769,-0.008630016354258419,4038.965,3883.094,,0.013134771159825113,4418.1,-0.10816866979018142
LT,Industrials,2026-05-12,3925.1,3940.0,3847.0,3856.5,2255075,-0.021242576518958334,4034.075,3875.04,,0.013956426600892862,4418.1,-0.12711346506416793
LT,Industrials,2026-05-13,3848.0,3953.0,3848.0,3915.8,2486330,0.015376636846881953,4026.05,3867.386,,0.012434171407634512,4418.1,-0.11369140580792651
LT,Industrials,2026-05-14,3942.0,3988.0,3925.0,3940.4,2982228,0.0062822411767708974,4017.0800000000004,3860.4640000000004,,0.01223717003325637,4418.1,-0.10812340146216705
LT,Industrials,2026-05-15,3949.4,3949.4,3893.0,3909.0,1339185,-0.007968734138666167,4007.725,3853.0780000000004,,0.012281436108611415,4418.1,-0.11523052896041291
LT,Industrials,2026-05-18,3873.9,3924.7,3852.0,3917.8,1771638,0.002251215144538188,4001.065,3850.1,,0.01214152138778482,4418.1,-0.11323872252778347
LT,Industrials,2026-05-19,3940.9,3960.0,3900.0,3921.0,2318170,0.0008167849303180041,3993.3450000000003,3850.868,,0.012024720563862529,4418.1,-0.11251442927955463
LT,Industrials,2026-05-20,3901.6,3943.5,3883.1,3910.7,1972259,-0.0026268808977302216,3987.825,3848.3080000000004,,0.011722095700342466,4418.1,-0.11484574817229137
LT,Industrials,2026-05-21,3970.0,3970.0,3912.7,3928.5,1624945,0.0045516148004194346,3981.5449999999996,3847.882,,0.011593444228098423,4418.1,-0.1108168669790182
LT,Industrials,2026-05-22,3907.0,3960.0,3900.1,3926.6,1330428,-0.0004836451571846867,3977.1600000000008,3849.572,,0.01142805844440524,4418.1,-0.11124691609515412
LT,Industrials,2026-05-25,3970.0,4038.4,3961.5,4033.4,2099927,0.02719910355014532,3976.15,3852.7200000000007,,0.01286872163253008,4418.1,-0.08707362893551532
LT,Industrials,2026-05-26,4029.6,4052.9,4014.2,4037.8,1552847,0.0010908910596518773,3976.155,3856.7,,0.01284060490145098,4418.1,-0.0860777257192006
LT,Industrials,2026-05-27,4043.0,4069.9,4017.9,4047.5,1607028,0.0024022982812421656,3973.725,3863.26,,0.012405335731602745,4418.1,-0.08388221181050685
LT,Industrials,2026-05-28,4047.5,4047.5,4047.5,4047.5,0,0.0,3975.4,3875.43,,0.011523710269250404,4418.1,-0.08388221181050685
LT,Industrials,2026-05-29,4045.8,4128.0,4045.0,4076.5,4882940,0.007164916615194583,3978.525,3887.572,,0.01161902976634416,4418.1,-0.07731830424843265
LT,Industrials,2026-06-01,4089.0,4105.8,4002.1,4010.8,1409388,-0.016116766834294083,3974.025,3896.9320000000002,,0.011119235259761941,4418.1,-0.09218895000113174
LT,Industrials,2026-06-02,3980.0,4017.0,3923.5,4000.9,2085054,-0.0024683354941658076,3971.345,3904.792,,0.010863675675392646,4418.1,-0.09442973223783985
LT,Industrials,2026-06-03,4000.9,4008.0,3894.0,3953.2,1872929,-0.011922317478567424,3968.5799999999995,3915.1659999999997,,0.010894404816119353,4418.1,-0.1052262284692516
LT,Industrials,2026-06-04,3945.0,3974.9,3930.1,3942.1,1398297,-0.0028078518668420704,3964.535,3925.312,,0.010856984786264038,4418.1,-0.1077386206740455
LT,Industrials,2026-06-05,3960.0,3978.0,3923.9,3953.2,1278243,0.0028157580984753405,3963.47,3937.5280000000002,,0.010562279778290436,4418.1,-0.1052262284692516
LT,Industrials,2026-06-08,3901.1,3916.7,3863.1,3875.5,1678709,-0.01965496306789427,3960.2349999999997,3944.702,,0.011287343283942448,4418.1,-0.12281297390280897
LT,Industrials,2026-06-09,3924.9,3924.9,3885.0,3900.6,1506501,0.006476583666623625,3962.44,3949.728,,0.0102994190479176,4418.1,-0.11713179873701374
LT,Industrials,2026-06-10,3904.0,3962.8,3900.0,3917.5,2033070,0.0043326667692149545,3962.525,3956.796,,0.009747836551772684,4418.1,-0.11330662501980497
LT,Industrials,2026-06-11,3900.0,3909.8,3854.4,3862.0,2224659,-0.014167198468410969,3958.6050000000005,3963.9539999999997,,0.010126695180000752,4418.1,-0.12586858604377454
LT,Industrials,2026-06-12,3930.0,4059.8,3921.0,4049.3,3065790,0.04849818746763335,3965.62,3972.79,,0.01484220987422707,4418.1,-0.08347479685837807
LT,Industrials,2026-06-15,4130.0,4214.9,4130.0,4169.8,3978153,0.029758229817499426,3978.22,3983.9240000000004,,0.01610073681735,4418.1,-0.056200629229759436
LT,Industrials,2026-06-16,4205.0,4235.4,4177.1,4186.4,2647549,0.003981006283274802,3991.4900000000002,3993.098,,0.01609118524057125,4418.1,-0.05244335800457226
LT,Industrials,2026-06-17,4200.1,4214.7,4172.0,4207.7,1312925,0.005087903688133055,4006.34,4002.7860000000005,,0.016031433700998823,4418.1,-0.04762228107104876
LT,Industrials,2026-06-18,4207.7,4244.9,4165.6,4190.0,1485427,-0.004206573662570934,4019.415,4006.468,,0.016128768143114033,4418.1,-0.051628528100314694
LT,Industrials,2026-06-19,4190.0,4217.5,4161.6,4209.4,1397746,0.004630071599045271,4033.5549999999994,4012.732,3923.5025,0.016105328637049988,4418.1,-0.04723750028292721
LT,Industrials,2026-06-22,4228.0,4235.4,4190.0,4201.3,1169466,-0.0019242647408180824,4041.95,4017.56,3926.5170000000003,0.015147892865597135,4418.1,-0.04907086756750643
LT,Industrials,2026-06-23,4210.0,4242.4,4166.0,4179.4,2198497,-0.005212672268107621,4049.0299999999997,4022.062,3929.5394999999994,0.015236376545382273,4418.1,-0.054027749485072926
LT,Industrials,2026-06-24,4176.5,4215.0,4170.0,4181.7,1367416,0.0005503182274968488,4055.7400000000002,4024.17,3932.4440000000004,0.015238364243853254,4418.1,-0.05350716371290838
LT,Industrials,2026-06-25,4207.0,4272.3,4187.1,4216.4,3104020,0.008298060597364598,4064.185,4026.1019999999994,3935.5630000000006,0.015301311645312822,4418.1,-0.04565310880242655
LT,Industrials,2026-06-26,4216.4,4216.4,4216.4,4216.4,0,0.0,4071.1799999999994,4028.5080000000003,3938.8769999999995,0.015261681848335493,4418.1,-0.04565310880242655
LT,Industrials,2026-06-29,4225.0,4252.0,4157.8,4165.2,2706906,-0.012143060430699126,4078.9,4030.792,3942.055,0.015040453053668502,4418.1,-0.057241800774088525
LT,Industrials,2026-06-30,4183.0,4193.8,4134.1,4143.4,1539094,-0.005233842312494019,4086.025,4032.1519999999996,3945.147,0.015096265987423326,4418.1,-0.06217604852764779
LT,Industrials,2026-07-01,4130.1,4142.8,4081.1,4092.6,1437109,-0.012260462422165275,4092.995,4033.5820000000003,3947.86,0.015112691893192852,4418.1,-0.07367420384328115
LT,Industrials,2026-07-02,4100.0,4110.0,4012.0,4059.4,2481554,-0.00811220251185063,4098.86,4033.688,3950.4585,0.015244536835360227,4418.1,-0.0811887462936557
LT,Industrials,2026-07-03,4080.0,4094.0,4019.0,4026.6,1505428,-0.00808001182440754,4102.53,4033.9339999999997,3952.6925,0.01539186525664837,4418.1,-0.08861275208800172
LT,Industrials,2026-07-06,4027.7,4068.0,4016.5,4041.0,1252054,0.0035762181493070866,4110.804999999999,4033.6819999999993,3954.9665000000005,0.014605101216808174,4418.1,-0.08535343247097175
LT,Industrials,2026-07-07,4044.5,4046.3,3975.0,3991.9,2442514,-0.01215045780747337,4115.37,4032.7659999999996,3956.587,0.01490829412383642,4418.1,-0.09646680699848356
LT,Industrials,2026-07-08,3950.0,3988.0,3871.0,3892.1,2252308,-0.025000626268193105,4114.099999999999,4028.6859999999997,3957.62,0.0159935987756954,4418.1,-0.1190557026776217
LT,Industrials,2026-07-09,3916.0,3947.3,3867.8,3886.0,5117653,-0.0015672773053106992,4115.299999999999,4026.1259999999997,3958.62,0.01565936424344453,4418.1,-0.12043638668205797
LT,Industrials,2026-07-10,3905.0,3953.8,3905.0,3945.8,1283990,0.015388574369531671,4110.125,4024.762,3959.9719999999998,0.011510007162756576,4418.1,-0.1069011566057808
LT,Industrials,2026-07-13,3895.0,3939.0,3875.6,3928.5,1744547,-0.004384408738405399,4098.0599999999995,4021.3160000000003,3961.3919999999994,0.00891021594994174,4418.1,-0.1108168669790182
LT,Industrials,2026-07-14,3892.0,3897.9,3843.0,3848.7,2409089,-0.020313096601756397,4081.1749999999993,4017.2,3962.3475,0.009550280163146456,4418.1,-0.12887892985672586
LT,Industrials,2026-07-15,3868.0,3868.0,3778.6,3783.9,3602201,-0.016836854002650226,4059.9849999999997,4012.708,3962.8980000000006,0.009691029696631548,4418.1,-0.14354586813336054
LT,Industrials,2026-07-16,3795.0,3802.0,3762.3,3775.6,2936753,-0.0021935040566611885,4039.2649999999994,4007.76,3963.554,0.009712857383019968,4418.1,-0.14542450374595423
LT,Industrials,2026-07-17,3788.9,3828.9,3767.7,3814.5,1942610,0.010302998198961744,4019.5199999999995,4004.56,3963.9790000000003,0.01008900213363132,4418.1,-0.13661981394717193
LT,Industrials,2026-07-20,3815.0,3850.0,3807.0,3838.8,1450930,0.006370428627605174,4001.3949999999995,4002.532,3964.7309999999998,0.010382463223207569,4418.1,-0.13111971209343387
LT,Industrials,2026-07-21,3839.0,3859.5,3815.7,3846.6,1393919,0.002031884964051267,3984.755,4002.334,3965.6690000000003,0.010480371761865186,4418.1,-0.12935424730087602
LT,Industrials,2026-07-22,3835.0,3843.3,3806.2,3817.4,1157406,-0.007591119430146009,3966.5399999999995,4000.3660000000004,3966.4044999999996,0.010448801324976179,4418.1,-0.1359634231909645
LT,Industrials,2026-07-23,3800.0,3827.6,3777.7,3792.4,1278355,-0.006548960025148043,3945.34,3997.406,3966.7009999999996,0.010010279000056965,4418.1,-0.14162196419275258
LT,Industrials,2026-07-24,3751.0,3805.0,3720.0,3785.6,1994087,-0.0017930598038181644,3923.8,3994.938,3966.9439999999995,0.009968848302631065,4418.1,-0.143161087345239
LT,Industrials,2026-07-27,3820.0,3837.3,3798.7,3806.0,1454211,0.0053888419273036,3905.8399999999992,3992.702,3967.3255,0.010107790029920937,4418.1,-0.1385437178877799
LT,Industrials,2026-07-28,3812.0,3837.0,3793.0,3832.0,1702441,0.006831318970047295,3890.2699999999995,3990.922,3967.8364999999994,0.010413970068171942,4418.1,-0.13265883524592026
LT,Industrials,2026-07-29,3895.4,3978.2,3891.1,3931.4,3115802,0.025939457202505345,3882.2100000000005,3991.336,3968.6475,0.012148329864765257,4418.1,-0.11016047622281076
LT,Industrials,2026-07-30,3931.4,3951.7,3883.5,3937.7,2141252,0.001602482576181341,3876.125,3991.5199999999995,3969.416,0.012082467310985346,4418.1,-0.10873452389036023
LT,Industrials,2026-07-31,3962.9,3973.1,3923.2,3938.9,1753377,0.00030474642557853926,3871.7400000000002,3991.7660000000005,3970.263,0.011985438449932018,4418.1,-0.10846291392227433
LT,Industrials,2026-08-03,3974.0,4025.0,3962.5,4025.0,1890377,0.021858894615247815,3870.94,3991.598,3971.6665,0.013008930013188194,4418.1,-0.08897489871211614
LT,Industrials,2026-08-04,4007.2,4042.4,3988.2,3990.0,1827982,-0.008695652173912993,3870.845,3990.6420000000003,3972.473,0.012862864014288648,4418.1,-0.09689685611461948
LT,Industrials,2026-08-05,4025.0,4074.0,4024.8,4057.0,1910224,0.01679197994987458,3879.09,3990.8320000000003,3973.4489999999996,0.011939857492192436,4418.1,-0.08173196622982738
LT,Industrials,2026-08-06,4056.0,4070.0,4045.0,4061.8,1401341,0.0011831402514173028,3887.88,3991.118,3974.5609999999997,0.011910660998474671,4418.1,-0.08064552635748402
LT,Industrials,2026-08-07,4040.1,4062.0,4030.0,4056.0,901290,-0.001427938352454583,3893.3900000000003,3990.708,3975.4775,0.011524005728007915,4418.1,-0.0819583078698989
LT,Industrials,2026-08-10,4055.7,4080.0,4025.8,4080.0,1082855,0.00591715976331364,3900.965,3992.092,3976.4365000000003,0.01148006126829887,4418.1,-0.07652610850818233
LT,Industrials,2026-08-11,4075.1,4075.5,4028.5,4037.4,1401285,-0.010441176470588176,3910.4,3992.8219999999997,3977.03,0.01065473899922841,4418.1,-0.08616826237522923
LT,Industrials,2026-08-12,4038.0,4044.1,3990.0,4020.0,2226623,-0.004309704265121117,3922.2050000000004,3994.158,3977.6054999999997,0.00979477940171823,4418.1,-0.09010660691247377
LT,Industrials,2026-08-13,4010.0,4070.7,3990.0,4070.7,2299928,0.01261194029850743,3936.9600000000005,3996.73,3978.34,0.009934044353456727,4418.1,-0.07863108576084754
LT,Industrials,2026-08-14,4068.7,4072.5,4033.1,4057.0,934044,-0.003365514530670355,3949.0850000000005,3998.8059999999996,3978.761,0.009934473670119251,4418.1,-0.08173196622982738
LT,Industrials,2026-08-17,4041.0,4086.7,4026.0,4086.7,1066164,0.007320680305644478,3961.4800000000005,4003.0299999999993,3979.4040000000005,0.00995302712211195,4418.1,-0.07500961951970316
LT,Industrials,2026-08-18,4068.0,4085.0,4050.0,4064.3,1355575,-0.005481195096287861,3972.3650000000002,4006.304,3979.788,0.010138709319610173,4418.1,-0.08007967225730521
LT,Industrials,2026-08-19,4064.0,4069.0,4024.8,4041.3,1190832,-0.005659031075461951,3983.5600000000004,4008.78,3979.84,0.01004319537075778,4418.1,-0.08528552997895027
LT,Industrials,2026-08-20,4050.5,4084.9,4048.3,4081.0,1056060,0.009823571622992633,3997.9899999999993,4013.16,3980.3425,0.009898572958058663,4418.1,-0.0762997668681108
LT,Industrials,2026-08-21,4081.0,4100.0,4061.4,4093.0,1258912,0.002940455770644501,4013.3600000000006,4014.0339999999997,3981.1855,0.009816061735401291,4418.1,-0.07358366718725251
LT,Industrials,2026-08-24,4100.0,4107.1,4077.7,4090.0,1369496,-0.0007329587099926815,4027.5600000000004,4012.438,3982.2275,0.009864382015052572,4418.1,-0.07426269210746708
LT,Industrials,2026-08-25,4085.0,4125.3,4066.6,4119.0,1316074,0.007090464547677255,4041.9100000000008,4011.09,3983.41,0.009868949014404823,4418.1,-0.0676987845453929
LT,Industrials,2026-08-26,4114.0,4124.9,4038.1,4038.1,1384669,-0.019640689487739782,4047.245,4007.698,3984.008,0.009715762138307719,4418.1,-0.0860098232271792
LT,Industrials,2026-08-27,4058.0,4067.3,4023.0,4027.0,1161440,-0.0027488175131868964,4051.71,4004.438,3984.368,0.009759247899821438,4418.1,-0.0885222154319731
LT,Industrials,2026-08-28,4045.0,4060.0,4021.3,4045.8,893956,0.004668487707971236,4057.0550000000003,4001.1659999999997,3984.824,0.009787694044811278,4418.1,-0.08426699259862841
LT,Industrials,2026-08-31,4035.1,4044.9,3976.0,4044.9,1553171,-0.00022245291413314217,4058.05,3998.0380000000005,3985.0359999999996,0.00851998713668956,4418.1,-0.08447070007469279
LT,Industrials,2026-09-01,4038.0,4038.0,3980.1,3980.1,944212,-0.016020173551880235,4057.5550000000003,3994.0519999999997,3984.9145000000003,0.009066076136069917,4418.1,-0.09913763835132759
MARUTI,Automobile,2025-09-01,14790.0,14938.0,14654.0,14887.0,572927,,,,,,14887.0,0.0
MARUTI,Automobile,2025-09-02,14859.0,14934.0,14783.0,14842.0,379167,-0.0030227715456438986,,,,,14887.0,-0.0030227715456438505
MARUTI,Automobile,2025-09-03,14875.0,14991.0,14750.0,14927.0,561656,0.005726990971567147,,,,,14927.0,0.0
MARUTI,Automobile,2025-09-04,15240.0,15240.0,14630.0,14662.0,784369,-0.01775306491592421,,,,,14927.0,-0.017753064915924165
MARUTI,Automobile,2025-09-05,14740.0,14957.0,14701.0,14895.0,473806,0.01589141999727195,,,,,14927.0,-0.0021437663294700876
MARUTI,Automobile,2025-09-08,14921.0,15319.0,14850.0,15258.0,691077,0.02437059415911369,,,,,15258.0,0.0
MARUTI,Automobile,2025-09-09,15249.0,15384.0,15201.0,15365.0,605860,0.007012714641499551,,,,,15365.0,0.0
MARUTI,Automobile,2025-09-10,15366.0,15384.0,15072.0,15108.0,489062,-0.016726326065733765,,,,,15365.0,-0.01672632606573381
MARUTI,Automobile,2025-09-11,15111.0,15191.0,15038.0,15095.0,657161,-0.0008604712734975317,,,,,15365.0,-0.01757240481614058
MARUTI,Automobile,2025-09-12,15160.0,15373.0,15153.0,15325.0,420101,0.015236833388539317,,,,,15365.0,-0.0026033192320208264
MARUTI,Automobile,2025-09-15,15350.0,15378.0,15249.0,15265.0,170587,-0.003915171288743857,,,,,15365.0,-0.006508298080052067
MARUTI,Automobile,2025-09-16,15300.0,15594.0,15284.0,15573.0,381944,0.02017687520471667,,,,,15573.0,0.0
MARUTI,Automobile,2025-09-17,15592.0,15818.0,15570.0,15801.0,624986,0.014640724330572175,,,,,15801.0,0.0
MARUTI,Automobile,2025-09-18,15916.0,15939.0,15703.0,15817.0,642175,0.0010125941396115223,,,,,15817.0,0.0
MARUTI,Automobile,2025-09-19,16000.0,16060.0,15811.0,15864.0,652443,0.002971486375418886,,,,,15864.0,0.0
MARUTI,Automobile,2025-09-22,15879.0,16000.0,15779.0,15816.0,302234,-0.00302571860816947,,,,,15864.0,-0.0030257186081694403
MARUTI,Automobile,2025-09-23,16120.0,16325.0,16031.0,16097.0,873114,0.017766818411734997,,,,,16097.0,0.0
MARUTI,Automobile,2025-09-24,16188.0,16375.0,16063.0,16249.0,663647,0.009442753308069873,,,,,16249.0,0.0
MARUTI,Automobile,2025-09-25,16249.0,16370.0,16067.0,16269.0,490262,0.001230844975075307,,,,,16269.0,0.0
MARUTI,Automobile,2025-09-26,16235.0,16435.0,16202.0,16286.0,490957,0.0010449320794148065,15470.05,,,,16286.0,0.0
MARUTI,Automobile,2025-09-29,16300.0,16340.0,15950.0,15984.0,627326,-0.018543534323959276,15524.9,,,0.012372299089956943,16286.0,-0.018543534323959228
MARUTI,Automobile,2025-09-30,15985.0,16054.0,15921.0,16029.0,390006,0.0028153153153154253,15584.25,,,0.012275470291499616,16286.0,-0.015780424904826233
MARUTI,Automobile,2025-10-01,16026.0,16109.0,15850.0,15965.0,426075,-0.003992763116850706,15636.15,,,0.012392256734111897,16286.0,-0.019710180523148716
MARUTI,Automobile,2025-10-03,15949.0,16025.0,15736.0,15806.0,470216,-0.009959285937989337,15693.35,,,0.011799091570051448,16286.0,-0.02947316713741864
MARUTI,Automobile,2025-10-06,15840.0,16057.0,15708.0,15998.0,268497,0.012147285840820032,15748.5,,,0.011626076936995163,16286.0,-0.017683900282451186
MARUTI,Automobile,2025-10-07,16014.0,16159.0,15977.0,16108.0,330326,0.006875859482435409,15791.0,,,0.01059701783402966,16286.0,-0.010929632813459413
MARUTI,Automobile,2025-10-08,16108.0,16236.0,15979.0,16012.0,306518,-0.00595977154209093,15823.35,,,0.010719805565617744,16286.0,-0.01682426624094314
MARUTI,Automobile,2025-10-09,16070.0,16075.0,15853.0,15985.0,300499,-0.0016862353235074234,15867.2,,,0.009817800060783186,16286.0,-0.01848213189242294
MARUTI,Automobile,2025-10-10,15980.0,16315.0,15911.0,16265.0,423031,0.017516421645292546,15925.7,,,0.010298377249216584,16286.0,-0.0012894510622620656
MARUTI,Automobile,2025-10-13,16264.0,16432.0,16218.0,16323.0,337617,0.003565939133107987,15975.6,,,0.009940031413580883,16323.0,0.0
MARUTI,Automobile,2025-10-14,16350.0,16350.0,16121.0,16261.0,307925,-0.003798321386999981,16025.4,,,0.00993565868788495,16323.0,-0.003798321386999939
MARUTI,Automobile,2025-10-15,16300.0,16380.0,16200.0,16212.0,266435,-0.0030133448127421802,16057.35,,,0.009175748120990273,16323.0,-0.006800220547693438
MARUTI,Automobile,2025-10-16,16246.0,16332.0,16200.0,16298.0,265727,0.0053047125585985455,16082.2,,,0.008728206013730753,16323.0,-0.0015315812044354592
MARUTI,Automobile,2025-10-17,16298.0,16549.0,16298.0,16401.0,411608,0.006319793839735022,16111.4,,,0.008790317174936293,16401.0,0.0
MARUTI,Automobile,2025-10-20,16500.0,16518.0,16380.0,16424.0,374246,0.0014023535150295974,16139.4,,,0.008786793409381273,16424.0,0.0
MARUTI,Automobile,2025-10-21,16453.0,16476.0,16330.0,16396.0,28990,-0.001704822211398005,16168.4,,,0.008753730404560843,16424.0,-0.0017048222113979542
MARUTI,Automobile,2025-10-23,16660.0,16660.0,16340.0,16393.0,481753,-0.0001829714564527407,16183.2,,,0.007914684165238394,16424.0,-0.001887481734047735
MARUTI,Automobile,2025-10-24,16392.0,16423.0,16200.0,16274.0,208520,-0.007259195998291945,16184.45,,,0.007851337645629177,16424.0,-0.00913297613248904
MARUTI,Automobile,2025-10-27,16350.0,16410.0,16275.0,16388.0,209829,0.007005038712055933,16190.4,,,0.007999635163145138,16424.0,-0.00219191427179737
MARUTI,Automobile,2025-10-28,16399.0,16495.0,16261.0,16311.0,383383,-0.004698559921894052,16191.65,,,0.008077780304219672,16424.0,-0.006880175353141744
MARUTI,Automobile,2025-10-29,16360.0,16428.0,16046.0,16138.0,232815,-0.010606339280240351,16199.35,,,0.0072675644552263165,16424.0,-0.017413541159279105
MARUTI,Automobile,2025-10-30,16190.0,16275.0,16077.0,16206.0,230383,0.004213657206593169,16208.2,,,0.007297629123944924,16424.0,-0.013273258645884072
MARUTI,Automobile,2025-10-31,16204.0,16516.0,15949.0,16186.0,719402,-0.001234110823151946,16219.25,,,0.007232540682857764,16424.0,-0.01449098879688261
MARUTI,Automobile,2025-11-03,16016.0,16100.0,15530.0,15651.0,942850,-0.033053255900160616,16211.5,,,0.010242973338503499,16424.0,-0.04706527033609352
MARUTI,Automobile,2025-11-04,15607.0,15633.0,15355.0,15374.0,748848,-0.017698549613443193,16180.3,,,0.010483555382266856,16424.0,-0.06393083292742328
MARUTI,Automobile,2025-11-06,15534.0,15534.0,15309.0,15452.0,429800,0.005073500715493617,16147.5,,,0.01041133148817594,16424.0,-0.05918168533852898
MARUTI,Automobile,2025-11-07,15459.0,15499.0,15260.0,15479.0,227247,0.0017473466217965417,16120.85,,,0.01040064333765146,16424.0,-0.05753774963468095
MARUTI,Automobile,2025-11-10,15380.0,15647.0,15380.0,15583.0,274191,0.006718780282964021,16100.75,,,0.010567124132089597,16424.0,-0.05120555284948855
MARUTI,Automobile,2025-11-11,15640.0,15680.0,15512.0,15645.0,181524,0.003978694731438193,16069.75,,,0.009702012897157927,16424.0,-0.047430589381393086
MARUTI,Automobile,2025-11-12,15674.0,15731.0,15555.0,15696.0,244015,0.003259827420901251,16038.4,15812.88,,0.009693180276402287,16424.0,-0.04432537749634681
MARUTI,Automobile,2025-11-13,15661.0,15800.0,15660.0,15749.0,250711,0.0033766564729866833,16012.8,15830.12,,0.00975225907455788,16424.0,-0.041098392596200684
MARUTI,Automobile,2025-11-14,15725.0,15735.0,15572.0,15684.0,253698,-0.004127246174360222,15986.4,15846.96,,0.009764214221229549,16424.0,-0.045056015586945934
MARUTI,Automobile,2025-11-17,15689.0,15892.0,15655.0,15878.0,301069,0.01236929354756433,15965.4,15865.98,,0.010147711034015957,16424.0,-0.033244033122260104
MARUTI,Automobile,2025-11-18,15878.0,15999.0,15750.0,15930.0,392903,0.0032749716588991173,15941.85,15891.34,,0.01005046295555546,16424.0,-0.030077934729663906
MARUTI,Automobile,2025-11-19,15950.0,15950.0,15715.0,15768.0,286434,-0.01016949152542368,15909.05,15908.8,,0.010211995041917195,16424.0,-0.03994154895275207
MARUTI,Automobile,2025-11-20,15810.0,15823.0,15618.0,15801.0,249492,0.002092846270928428,15879.3,15919.66,,0.010252721330917142,16424.0,-0.03793229420360448
MARUTI,Automobile,2025-11-21,15790.0,16150.0,15737.0,15977.0,586351,0.011138535535725635,15858.5,15931.9,,0.010651261626684236,16424.0,-0.027216268874817342
MARUTI,Automobile,2025-11-24,16005.0,16085.0,15911.0,15958.0,525788,-0.0011892094886398752,15842.7,15948.9,,0.010556476875582622,16424.0,-0.028373112518265953
MARUTI,Automobile,2025-11-25,15958.0,16050.0,15842.0,15889.0,214525,-0.004323850106529692,15817.75,15964.78,,0.010411438738144327,16424.0,-0.03257428153921091
MARUTI,Automobile,2025-11-26,15950.0,16210.0,15950.0,16156.0,314946,0.016804078293158886,15810.0,15981.4,,0.01114720838708511,16424.0,-0.01631758402338042
MARUTI,Automobile,2025-11-27,16166.0,16171.0,15875.0,15903.0,339986,-0.015659816786333214,15798.25,15994.16,,0.011443641724203674,16424.0,-0.031721870433511934
MARUTI,Automobile,2025-11-28,15906.0,16049.0,15850.0,15900.0,352340,-0.00018864365214110723,15782.95,16000.7,,0.011386952676515603,16424.0,-0.03190452995616171
MARUTI,Automobile,2025-12-01,15975.0,16177.0,15851.0,16097.0,434052,0.01238993710691827,15778.5,16006.62,,0.011766504319477003,16424.0,-0.019909887968826107
MARUTI,Automobile,2025-12-02,16127.0,16261.0,16095.0,16239.0,383165,0.00882151953780208,15807.9,16015.06,,0.009019614818203125,16424.0,-0.011264003896736484
MARUTI,Automobile,2025-12-03,16219.0,16248.0,16010.0,16082.0,264397,-0.00966808301003752,15843.3,16019.42,,0.008247673222347577,16424.0,-0.02082318558207501
MARUTI,Automobile,2025-12-04,16058.0,16135.0,15887.0,15994.0,248812,-0.005471956224350261,15870.4,16022.98,,0.00839584225965042,16424.0,-0.02618119824646858
MARUTI,Automobile,2025-12-05,16000.0,16338.0,15979.0,16282.0,332032,0.018006752532199632,15910.55,16026.68,,0.00914817651122029,16424.0,-0.008645884072089625
MARUTI,Automobile,2025-12-08,16200.0,16256.0,16094.0,16187.0,220513,-0.005834664046185933,15940.75,16025.44,,0.009278391032474374,16424.0,-0.014430102289332683
MARUTI,Automobile,2025-12-09,16051.0,16226.0,15985.0,16020.0,276388,-0.010316920985976363,15959.5,16020.46,,0.009656343564409147,16424.0,-0.024598149050170482
MARUTI,Automobile,2025-12-10,16090.0,16125.0,15925.0,16019.0,293374,-6.242197253436554e-05,15975.65,16015.12,,0.009648145718732076,16424.0,-0.02465903555772041
MARUTI,Automobile,2025-12-11,16049.0,16296.0,15983.0,16248.0,268701,0.014295524065172538,16000.6,16020.4,,0.010084982860529437,16424.0,-0.01071602532878714
MARUTI,Automobile,2025-12-12,16248.0,16536.0,16247.0,16522.0,404711,0.016863613983259418,16042.5,16030.26,,0.010538641179237775,16522.0,0.0
MARUTI,Automobile,2025-12-15,16500.0,16500.0,16360.0,16415.0,225221,-0.0064762135334704984,16069.35,16039.26,,0.010466955069760414,16522.0,-0.0064762135334705245
MARUTI,Automobile,2025-12-16,16400.0,16451.0,16320.0,16354.0,156134,-0.003716113310996083,16090.55,16050.22,,0.010528717792449559,16522.0,-0.010168260501149981
MARUTI,Automobile,2025-12-17,16389.0,16490.0,16357.0,16398.0,257406,0.0026904732787085273,16122.05,16058.22,,0.010173810457265875,16522.0,-0.007505144655610701
MARUTI,Automobile,2025-12-18,16440.0,16486.0,16221.0,16329.0,213981,-0.004207830223197928,16148.45,16062.64,,0.01026821534731373,16522.0,-0.011681394504297301
MARUTI,Automobile,2025-12-19,16329.0,16475.0,16329.0,16414.0,360190,0.005205462673770533,16170.3,16070.68,,0.010064707648748828,16522.0,-0.006536738893596417
MARUTI,Automobile,2025-12-22,16464.0,16693.0,16414.0,16649.0,271590,0.014317046423784507,16204.85,16083.96,,0.010444973179916602,16649.0,0.0
MARUTI,Automobile,2025-12-23,16709.0,16720.0,16558.0,16585.0,215650,-0.0038440747192023395,16239.65,16090.36,,0.010429805641743247,16649.0,-0.0038440747192023546
MARUTI,Automobile,2025-12-24,16640.0,16720.0,16542.0,16703.0,258486,0.007114862827856561,16267.0,16097.96,,0.009928608567264088,16703.0,0.0
MARUTI,Automobile,2025-12-26,16703.0,16703.0,16516.0,16596.0,212925,-0.0064060348440400094,16301.65,16104.66,,0.00927018952829456,16703.0,-0.006406034844039993
MARUTI,Automobile,2025-12-29,16600.0,16682.0,16499.0,16542.0,251796,-0.0032537960954447387,16333.75,16111.26,,0.009336433648455537,16703.0,-0.009638987008321859
MARUTI,Automobile,2025-12-30,16575.0,16818.0,16482.0,16647.0,1055843,0.006347479143997026,16361.25,16118.24,,0.009077459757646282,16703.0,-0.003352691133329342
MARUTI,Automobile,2025-12-31,16581.0,16776.0,16581.0,16697.0,314427,0.0030035441821349984,16384.15,16124.16,,0.008929936030144444,16703.0,-0.0003592169071424295
MARUTI,Automobile,2026-01-01,16700.0,16798.0,16602.0,16708.0,171293,0.0006588009822123819,16415.45,16129.84,,0.008544743701508078,16708.0,0.0
MARUTI,Automobile,2026-01-02,16750.0,16999.0,16723.0,16960.0,388562,0.01508259516399324,16463.75,16141.12,,0.008836744824198989,16960.0,0.0
MARUTI,Automobile,2026-01-05,17025.0,17370.0,16980.0,17155.0,305668,0.011497641509433887,16507.4,16156.36,,0.008360986333720073,17155.0,0.0
MARUTI,Automobile,2026-01-06,17170.0,17306.0,17142.0,17292.0,192182,0.007986009909647374,16562.65,16176.72,,0.008192439978841132,17292.0,0.0
MARUTI,Automobile,2026-01-07,17230.0,17249.0,16524.0,16809.0,427979,-0.02793199167244964,16602.1,16185.14,,0.010389977383411695,17292.0,-0.02793199167244969
MARUTI,Automobile,2026-01-08,16808.0,16808.0,16541.0,16664.0,238421,-0.008626331132131626,16634.35,16192.2,,0.010671969515890042,17292.0,-0.03631737219523479
MARUTI,Automobile,2026-01-09,16663.0,16704.0,16417.0,16501.0,286302,-0.009781565050408059,16647.0,16199.46,,0.010573089029208777,17292.0,-0.04574369650705529
MARUTI,Automobile,2026-01-12,16456.0,16615.0,16271.0,16582.0,288686,0.004908793406460221,16650.0,16206.98,,0.009937532662560119,17292.0,-0.04105944945639602
MARUTI,Automobile,2026-01-13,16662.0,16726.0,16293.0,16426.0,312205,-0.009407791581232616,16650.55,16211.78,,0.010062466511268407,17292.0,-0.050080962294702755
MARUTI,Automobile,2026-01-14,16390.0,16412.0,16090.0,16152.0,240043,-0.01668087178862776,16640.45,16221.8,,0.010716371431125478,17292.0,-0.0659264399722415
MARUTI,Automobile,2026-01-15,16152.0,16152.0,16152.0,16152.0,0,0.0,16628.15,16237.36,,0.010690190986119702,17292.0,-0.0659264399722415
MARUTI,Automobile,2026-01-16,16000.0,16197.0,15770.0,15859.0,703056,-0.018140168400198164,16604.65,16245.5,,0.01136348591940988,17292.0,-0.08287069164931761
MARUTI,Automobile,2026-01-19,15859.0,16242.0,15813.0,16176.0,385141,0.019988649977930484,16592.75,16259.44,,0.01226095465329095,17292.0,-0.06453851492019431
MARUTI,Automobile,2026-01-20,16200.0,16233.0,15850.0,15879.0,289609,-0.018360534124629124,16554.25,16265.36,,0.012337367549778515,17292.0,-0.08171408743927829
MARUTI,Automobile,2026-01-21,15675.0,15973.0,15675.0,15770.0,345738,-0.006864412116632024,16513.5,16267.86,,0.012375788275630597,17292.0,-0.0880175803839926
MARUTI,Automobile,2026-01-22,15950.0,15971.0,15714.0,15765.0,352320,-0.0003170577045021883,16466.6,16269.24,,0.01218377692967005,17292.0,-0.08830673143650243
MARUTI,Automobile,2026-01-23,15819.0,15846.0,15439.0,15469.0,338669,-0.018775769108785312,16410.25,16263.64,,0.012679547869496802,17292.0,-0.10542447374508443
MARUTI,Automobile,2026-01-27,15300.0,15387.0,15013.0,15245.0,565768,-0.01448057405132841,16345.4,16254.86,,0.012917460429403978,17292.0,-0.11837844089752486
MARUTI,Automobile,2026-01-28,15161.0,15294.0,14431.0,14877.0,1584483,-0.024139061987536903,16256.9,16234.84,,0.013421740906570103,17292.0,-0.13965995836224843
MARUTI,Automobile,2026-01-29,14870.0,14870.0,14353.0,14502.0,716545,-0.02520669489816496,16147.15,16206.28,,0.013950853356104433,17292.0,-0.16134628730048578
MARUTI,Automobile,2026-01-30,14502.0,14679.0,14300.0,14599.0,946509,0.00668873258860847,16041.7,16182.9,,0.014186643128373795,17292.0,-0.15573675688179506
MARUTI,Automobile,2026-02-02,14251.0,14446.0,14058.0,14384.0,621514,-0.0147270360983629,15912.9,16154.56,,0.013325418061548959,17292.0,-0.16817025213971779
MARUTI,Automobile,2026-02-03,15200.0,15281.0,14482.0,14782.0,638870,0.027669632925472643,15794.25,16130.66,,0.014967841670717666,17292.0,-0.14515382835993523
MARUTI,Automobile,2026-02-04,14800.0,15170.0,14723.0,15071.0,451065,0.019550805033148322,15683.2,16112.92,,0.01579062819860174,17292.0,-0.12844089752486698
MARUTI,Automobile,2026-02-05,15090.0,15150.0,14900.0,15059.0,374759,-0.0007962311724504234,15595.7,16096.32,,0.015020149170380357,17292.0,-0.1291348600508906
MARUTI,Automobile,2026-02-06,15084.0,15118.0,14871.0,14997.0,276529,-0.0041171392522744155,15512.35,16073.14,,0.015002606836523144,17292.0,-0.13272033310201248
MARUTI,Automobile,2026-02-09,15125.0,15126.0,14905.0,14978.0,200034,-0.0012669200506768563,15436.2,16054.64,,0.01498504168950228,17292.0,-0.13381910710154984
MARUTI,Automobile,2026-02-10,14999.0,15349.0,14983.0,15146.0,360240,0.011216450794498511,15364.4,16039.56,,0.015262254685387576,17292.0,-0.12410363173721953
MARUTI,Automobile,2026-02-11,15180.0,15432.0,15174.0,15412.0,360742,0.017562392710946728,15313.7,16025.86,,0.015972243686784775,17292.0,-0.1087207957436965
MARUTI,Automobile,2026-02-12,15459.0,15459.0,15265.0,15326.0,201895,-0.00558006747988582,15272.4,16007.6,,0.01566389637542747,17292.0,-0.1136941938468656
MARUTI,Automobile,2026-02-13,15309.0,15434.0,15190.0,15237.0,208645,-0.0058071251468093665,15226.65,15990.7,,0.01566884457511714,17292.0,-0.1188410825815406
MARUTI,Automobile,2026-02-16,15237.0,15299.0,14960.0,15051.0,210175,-0.012207127387280914,15186.25,15971.84,,0.015417174767286978,17292.0,-0.1295975017349063
MARUTI,Automobile,2026-02-17,15031.0,15211.0,14960.0,15179.0,166765,0.008504418311075623,15136.4,15949.78,,0.01473430520160407,17292.0,-0.12219523479065464
MARUTI,Automobile,2026-02-18,15208.0,15239.0,15074.0,15164.0,280772,-0.0009882073917912848,15100.65,15929.32,,0.014291019284656412,17292.0,-0.12306268794818413
MARUTI,Automobile,2026-02-19,15163.0,15279.0,14853.0,14903.0,152788,-0.01721181746241096,15057.3,15906.98,,0.01465137336796962,17292.0,-0.13815637288919733
MARUTI,Automobile,2026-02-20,14903.0,15077.0,14848.0,14977.0,515847,0.004965443199355768,15017.9,15886.14,,0.014744318718743012,17292.0,-0.1338769373120518
MARUTI,Automobile,2026-02-23,15050.0,15118.0,14984.0,15072.0,242968,0.006343059357681868,14998.05,15862.62,,0.014345565255114327,17292.0,-0.12838306731436502
MARUTI,Automobile,2026-02-24,15001.0,15062.0,14904.0,14926.0,300991,-0.009686836518046693,14982.1,15830.7,,0.014150741720730216,17292.0,-0.1368262780476521
MARUTI,Automobile,2026-02-25,14860.0,15133.0,14837.0,15070.0,356495,0.0096475948010184,14991.75,15803.8,,0.013224606627033848,17292.0,-0.12849872773536897
MARUTI,Automobile,2026-02-26,15145.0,15224.0,15046.0,15213.0,308213,0.009489051094890621,15027.3,15780.98,,0.011847485228666584,17292.0,-0.12022900763358779
MARUTI,Automobile,2026-02-27,15110.0,15192.0,14804.0,14857.0,478164,-0.02340103858542042,15040.2,15750.16,,0.013124273009789465,17292.0,-0.14081656257228775
MARUTI,Automobile,2026-03-02,14407.0,14684.0,14204.0,14388.0,603744,-0.031567611227031,15040.4,15711.34,,0.014636648132287568,17292.0,-0.16793893129770993
MARUTI,Automobile,2026-03-04,14150.0,14184.0,13794.0,14158.0,710366,-0.01598554350847925,15009.2,15666.22,,0.01352417063836837,17292.0,-0.18123987971316216
MARUTI,Automobile,2026-03-05,14300.0,14570.0,14081.0,14415.0,448650,0.018152281395677372,14976.4,15621.54,,0.013409645362945252,17292.0,-0.16637751561415684
MARUTI,Automobile,2026-03-06,14339.0,14466.0,14115.0,14159.0,390629,-0.017759278529309697,14931.4,15573.02,,0.013849629273971067,17292.0,-0.1811820495026602
MARUTI,Automobile,2026-03-09,13800.0,13800.0,13365.0,13508.0,676224,-0.04597782329260536,14856.95,15509.12,,0.016864671804231526,17292.0,-0.21882951653944022
MARUTI,Automobile,2026-03-10,13721.0,13909.0,13505.0,13867.0,353715,0.026576843352087653,14801.4,15454.54,,0.018285259175894256,17292.0,-0.19806847096923433
MARUTI,Automobile,2026-03-11,13850.0,13948.0,13441.0,13497.0,392182,-0.02668205091223763,14718.95,15393.64,,0.018620310114821143,17292.0,-0.21946564885496184
MARUTI,Automobile,2026-03-12,13430.0,13430.0,12966.0,13011.0,544683,-0.03600800177817298,14598.9,15320.92,,0.018965806634096312,17292.0,-0.2475711311589174
MARUTI,Automobile,2026-03-13,12899.0,12962.0,12483.0,12591.0,939594,-0.032280378141572474,14462.15,15238.8,,0.019693077806627084,17292.0,-0.27185981956974326
MARUTI,Automobile,2026-03-16,12532.0,12874.0,12400.0,12757.0,1416170,0.01318402033198307,14338.15,15159.78,,0.02033275998487586,17292.0,-0.26226000462641685
MARUTI,Automobile,2026-03-17,12790.0,13100.0,12686.0,12972.0,1178941,0.016853492200360476,14234.2,15080.02,,0.021089083583996568,17292.0,-0.2498265093684941
MARUTI,Automobile,2026-03-18,13100.0,13176.0,13015.0,13048.0,458827,0.005858772741288876,14127.65,14997.88,,0.020993528634815576,17292.0,-0.24543141337034466
MARUTI,Automobile,2026-03-19,12768.0,12838.0,12505.0,12599.0,569346,-0.03441140404659715,13999.4,14904.02,,0.021778276139660876,17292.0,-0.2713971778857275
MARUTI,Automobile,2026-03-20,12605.0,12756.0,12556.0,12601.0,725481,0.0001587427573617184,13884.3,14819.86,,0.021779714304637564,17292.0,-0.27128151746472356
MARUTI,Automobile,2026-03-23,12501.0,12501.0,12278.0,12355.0,517985,-0.019522260138084224,13753.2,14733.68,,0.0216931271084301,17292.0,-0.28550774924820727
MARUTI,Automobile,2026-03-24,12600.0,12650.0,12332.0,12464.0,583568,0.008822339133953916,13622.8,14652.94,,0.02179437701672263,17292.0,-0.27920425630349294
MARUTI,Automobile,2026-03-25,12549.0,12780.0,12506.0,12711.0,540649,0.01981707317073167,13512.05,14575.52,,0.02273962752041645,17292.0,-0.2649201943095073
MARUTI,Automobile,2026-03-27,12626.0,12646.0,12342.0,12389.0,775339,-0.025332389269136946,13378.0,14494.78,,0.022676075523887358,17292.0,-0.2835415220911404
MARUTI,Automobile,2026-03-30,12300.0,12424.0,12201.0,12306.0,635675,-0.006699491484381315,13232.65,14417.86,,0.02224742967526708,17292.0,-0.2883414295628036
MARUTI,Automobile,2026-04-01,12900.0,12900.0,12333.0,12509.0,501882,0.016496018202502905,13115.25,14345.0,,0.022793844696301906,17292.0,-0.27660189683090447
MARUTI,Automobile,2026-04-02,12389.0,12673.0,12239.0,12631.0,438227,0.009752977855943756,13027.4,14280.44,,0.022445317856368087,17292.0,-0.2695466111496646
MARUTI,Automobile,2026-04-06,12631.0,12720.0,12420.0,12688.0,382650,0.0045127068323964625,12953.9,14210.68,,0.022445338447872852,17292.0,-0.26625028915105253
MARUTI,Automobile,2026-04-07,12640.0,12835.0,12496.0,12798.0,359542,0.00866960907944514,12873.05,14149.06,,0.02202169925657856,17292.0,-0.2598889659958362
MARUTI,Automobile,2026-04-08,13350.0,13745.0,13210.0,13602.0,1026292,0.06282231598687305,12845.2,14105.7,,0.026595531465121763,17292.0,-0.21339347675225537
MARUTI,Automobile,2026-04-09,13570.0,13773.0,13330.0,13589.0,549914,-0.0009557418026761022,12849.25,14062.18,,0.024468079228956,17292.0,-0.21414526948878093
MARUTI,Automobile,2026-04-10,13650.0,13797.0,13590.0,13709.0,471921,0.0088306718669513,12841.35,14026.98,,0.023788101205798072,17292.0,-0.20720564422854498
MARUTI,Automobile,2026-04-13,13402.0,13420.0,12966.0,13076.0,1347910,-0.04617404624699106,12820.3,13983.6,,0.025278240923638125,17292.0,-0.24381216747628962
MARUTI,Automobile,2026-04-15,13250.0,13473.0,13200.0,13289.0,699458,0.016289385133068324,12834.2,13951.84,,0.0241777672757978,17292.0,-0.2314943326393708
MARUTI,Automobile,2026-04-16,13380.0,13435.0,13237.0,13335.0,527309,0.0034615095191512513,12871.4,13928.5,,0.022846634625002114,17292.0,-0.22883414295628035
MARUTI,Automobile,2026-04-17,13300.0,13647.0,13256.0,13453.0,549308,0.008848893888264042,12906.2,13905.58,,0.022766568846989247,17292.0,-0.22201017811704835
MARUTI,Automobile,2026-04-20,13474.0,13533.0,13329.0,13450.0,348629,-0.00022299858767560465,12930.1,13886.9,,0.022534953773249985,17292.0,-0.22218366874855425
MARUTI,Automobile,2026-04-21,13456.0,13543.0,13421.0,13461.0,292879,0.0008178438661710086,12950.75,13860.48,,0.022518309550904277,17292.0,-0.22154753643303263
MARUTI,Automobile,2026-04-22,13452.0,13530.0,13300.0,13337.0,434640,-0.009211797043310321,12987.65,13825.8,,0.02104218806399884,17292.0,-0.22871848253527644
MARUTI,Automobile,2026-04-23,13250.0,13358.0,13125.0,13160.0,541086,-0.013271350378645907,13015.6,13787.82,,0.021351632753262177,17292.0,-0.23895442979412446
MARUTI,Automobile,2026-04-24,13200.0,13253.0,12978.0,13048.0,464098,-0.008510638297872353,13050.25,13748.84,,0.020893992896005784,17292.0,-0.24543141337034466
MARUTI,Automobile,2026-04-27,13153.0,13270.0,13043.0,13222.0,312786,0.013335377069282561,13088.15,13713.72,,0.02098505754857699,17292.0,-0.23536895674300254
MARUTI,Automobile,2026-04-28,13222.0,13307.0,12828.0,12892.0,836679,-0.024958402662229595,13097.2,13668.64,,0.021497079928022807,17292.0,-0.2544529262086514
MARUTI,Automobile,2026-04-29,13090.0,13548.0,13090.0,13257.0,754798,0.028312131554452336,13140.6,13625.54,,0.021394883528926066,17292.0,-0.23334489937543373
MARUTI,Automobile,2026-04-30,13134.0,13360.0,12970.0,13314.0,612975,0.004299615297578718,13191.0,13585.3,,0.021256926107805326,17292.0,-0.23004857737682166
MARUTI,Automobile,2026-05-01,13314.0,13314.0,13314.0,13314.0,0,0.0,13231.25,13546.84,,0.02107219585354941,17292.0,-0.23004857737682166
MARUTI,Automobile,2026-05-04,13559.0,13976.0,13435.0,13580.0,722127,0.019978969505783484,13278.7,13517.42,,0.021358305632592875,17292.0,-0.21466574138329864
MARUTI,Automobile,2026-05-05,13560.0,13568.0,13360.0,13426.0,419490,-0.01134020618556697,13315.6,13482.36,,0.021624675174058743,17292.0,-0.22357159380060143
MARUTI,Automobile,2026-05-06,13555.0,13762.0,13379.0,13722.0,435208,0.02204677491434537,13361.8,13453.52,,0.02201103394654257,17292.0,-0.20645385149201942
MARUTI,Automobile,2026-05-07,13722.0,13870.0,13672.0,13770.0,726199,0.003498032356799241,13370.2,13430.86,,0.01706984665932758,17292.0,-0.20367800138792505
MARUTI,Automobile,2026-05-08,13672.0,13789.0,13626.0,13726.0,270505,-0.0031953522149600344,13377.05,13405.84,,0.017088986402741882,17292.0,-0.20622253065001156
MARUTI,Automobile,2026-05-11,13547.0,13657.0,13231.0,13483.0,634354,-0.017703628150954387,13365.75,13374.06,,0.017446044819223572,17292.0,-0.22027527180198936
MARUTI,Automobile,2026-05-12,13442.0,13455.0,13150.0,13172.0,302512,-0.023066083215901534,13370.55,13338.98,,0.014846380942379436,17292.0,-0.23826046726810085
MARUTI,Automobile,2026-05-13,13187.0,13285.0,12986.0,13103.0,307027,-0.005238384451867639,13361.25,13299.64,,0.014413194549209779,17292.0,-0.24225075179273653
MARUTI,Automobile,2026-05-14,13234.0,13234.0,12926.0,13075.0,286648,-0.002136915210257162,13348.25,13256.88,,0.014384376551303618,17292.0,-0.24386999768679157
MARUTI,Automobile,2026-05-15,13079.0,13325.0,13079.0,13221.0,268206,0.011166347992351833,13336.65,13224.16,,0.014475964569086829,17292.0,-0.23542678695350452
MARUTI,Automobile,2026-05-18,13127.0,13139.0,12850.0,13016.0,373184,-0.015505634974661509,13314.95,13196.72,,0.014844240808070825,17292.0,-0.2472819801064076
MARUTI,Automobile,2026-05-19,13034.0,13104.0,12900.0,12956.0,342737,-0.004609711124769489,13289.7,13172.68,,0.014848590822147009,17292.0,-0.25075179273652554
MARUTI,Automobile,2026-05-20,12850.0,13072.0,12753.0,13003.0,300695,0.0036276628589071436,13273.0,13144.44,,0.0147889661447005,17292.0,-0.24803377284293315
MARUTI,Automobile,2026-05-21,13103.0,13150.0,12933.0,13010.0,213095,0.0005383373067753272,13265.5,13121.46,,0.014513731493734701,17292.0,-0.2476289613694194
MARUTI,Automobile,2026-05-22,13100.0,13152.0,12974.0,12987.0,387975,-0.001767870868562671,13262.45,13111.04,,0.014395029483010156,17292.0,-0.24895905621096462
MARUTI,Automobile,2026-05-25,13145.0,13236.0,13101.0,13170.0,276553,0.014091014091013987,13259.85,13097.1,,0.014433188915014477,17292.0,-0.2383761276891048
MARUTI,Automobile,2026-05-26,13188.0,13329.0,13134.0,13208.0,256901,0.002885345482156465,13275.65,13091.32,,0.013199138955909503,17292.0,-0.23617857969003006
MARUTI,Automobile,2026-05-27,13208.0,13417.0,13102.0,13364.0,322020,0.011811023622047223,13281.0,13098.38,,0.011870225629992315,17292.0,-0.22715706685172335
MARUTI,Automobile,2026-05-28,13364.0,13364.0,13364.0,13364.0,0,0.0,13283.5,13113.84,,0.011836083548193935,17292.0,-0.22715706685172335
MARUTI,Automobile,2026-05-29,13456.0,13508.0,13050.0,13127.0,963291,-0.0177342113139779,13274.15,13121.24,,0.012501684572133825,17292.0,-0.24086282674068935
MARUTI,Automobile,2026-06-01,13200.0,13267.0,12913.0,12946.0,295359,-0.013788375104745954,13242.45,13120.72,,0.011833867014985955,17292.0,-0.2513300948415452
MARUTI,Automobile,2026-06-02,12700.0,13051.0,12700.0,13022.0,586599,0.005870539162675659,13222.25,13120.2,,0.011769084534186444,17292.0,-0.2469349988433958
MARUTI,Automobile,2026-06-03,13014.0,13206.0,12911.0,13044.0,607808,0.0016894486254031005,13188.35,13129.1,,0.010433555718908086,17292.0,-0.24566273421235255
MARUTI,Automobile,2026-06-04,12990.0,13264.0,12949.0,13064.0,465070,0.0015332720024532343,13153.05,13138.36,,0.010383451628395641,17292.0,-0.24450613000231322
MARUTI,Automobile,2026-06-05,13151.0,13175.0,12915.0,13050.0,295703,-0.001071647274954124,13119.25,13152.26,,0.010387649697627092,17292.0,-0.24531575294934074
MARUTI,Automobile,2026-06-08,12900.0,13029.0,12841.0,12912.0,372902,-0.010574712643678152,13090.7,13161.22,,0.009950537352916723,17292.0,-0.2532963219986121
MARUTI,Automobile,2026-06-09,13079.0,13157.0,12851.0,13120.0,428323,0.01610904584882289,13088.1,13169.4,,0.009452395756073087,17292.0,-0.2412676382142031
MARUTI,Automobile,2026-06-10,13118.0,13205.0,13050.0,13073.0,203885,-0.0035823170731706933,13086.6,13183.08,,0.009412694117697925,17292.0,-0.24398565810779552
MARUTI,Automobile,2026-06-11,13070.0,13217.0,12968.0,13098.0,308710,0.001912338407404679,13087.75,13198.92,,0.009409499934676992,17292.0,-0.24253990284524635
MARUTI,Automobile,2026-06-12,13232.0,13418.0,13130.0,13366.0,559038,0.02046113910520697,13095.0,13216.06,,0.010181173989238483,17292.0,-0.2270414064307194
MARUTI,Automobile,2026-06-15,13550.0,13961.0,13520.0,13805.0,613280,0.03284453089929662,13134.45,13239.54,,0.01177287322272285,17292.0,-0.20165394402035625
MARUTI,Automobile,2026-06-16,13861.0,13874.0,13661.0,13691.0,280511,-0.008257877580586714,13171.2,13259.6,,0.011924469112818512,17292.0,-0.2082465880175804
MARUTI,Automobile,2026-06-17,13700.0,13740.0,13560.0,13630.0,241534,-0.0044554817033087835,13202.55,13276.24,,0.012032497107121669,17292.0,-0.21177423085820032
MARUTI,Automobile,2026-06-18,13646.0,13714.0,13433.0,13484.0,373512,-0.010711665443873808,13226.25,13273.88,,0.012383219406273996,17292.0,-0.2202174415914874
MARUTI,Automobile,2026-06-19,13484.0,13507.0,13353.0,13395.0,719756,-0.006600415307030594,13246.65,13270.0,14853.575,0.012504354074086043,17292.0,-0.22536433032616238
MARUTI,Automobile,2026-06-22,13450.0,13495.0,13380.0,13421.0,254533,0.001941022769690104,13259.2,13264.24,14846.245,0.012156981861289277,17292.0,-0.22386074485311128
MARUTI,Automobile,2026-06-23,13420.0,13549.0,13236.0,13451.0,398558,0.0022353028835406796,13271.35,13271.74,14839.29,0.012152583731680985,17292.0,-0.2221258385380523
MARUTI,Automobile,2026-06-24,13440.0,13440.0,13201.0,13248.0,327495,-0.015091814734963904,13265.55,13270.92,14830.895,0.012377628051008846,17292.0,-0.2338653712699514
MARUTI,Automobile,2026-06-25,13358.0,13917.0,13326.0,13745.0,981556,0.0375150966183575,13284.6,13279.12,14826.31,0.015000353890817324,17292.0,-0.20512375665047422
MARUTI,Automobile,2026-06-26,13745.0,13745.0,13745.0,13745.0,0,0.0,13315.5,13284.96,14820.56,0.014311093221205521,17292.0,-0.20512375665047422
MARUTI,Automobile,2026-06-29,13740.0,13840.0,13371.0,13412.0,1358592,-0.024226991633321204,13338.8,13284.2,14811.33,0.015101066175617711,17292.0,-0.22438121674762895
MARUTI,Automobile,2026-06-30,13744.0,14201.0,13510.0,14115.0,1511415,0.05241574709215624,13393.45,13297.28,14805.08,0.018866150559805832,17292.0,-0.1837265787647467
MARUTI,Automobile,2026-07-01,14151.0,14549.0,14070.0,14395.0,1397790,0.01983705278072967,13461.0,13318.44,14801.515,0.019172755339513084,17292.0,-0.16753411982419616
MARUTI,Automobile,2026-07-02,14431.0,14490.0,14275.0,14348.0,327088,-0.0032650225772837826,13525.2,13342.2,14797.78,0.01924975517539234,17292.0,-0.17025213971778858
MARUTI,Automobile,2026-07-03,14450.0,14520.0,14333.0,14366.0,384188,0.0012545302481181686,13591.0,13368.56,14792.985,0.019218957955186473,17292.0,-0.1692111959287532
MARUTI,Automobile,2026-07-06,14348.0,14526.0,14291.0,14456.0,214686,0.00626479186969231,13668.2,13393.24,14788.94,0.018866920520199316,17292.0,-0.16400647698357623
MARUTI,Automobile,2026-07-07,14463.0,14598.0,14414.0,14538.0,524759,0.005672385168788097,13739.1,13426.16,14783.765,0.0187113418212873,17292.0,-0.159264399722415
MARUTI,Automobile,2026-07-08,14475.0,14500.0,13880.0,13951.0,481076,-0.040376943183381475,13783.0,13440.04,14774.515,0.021265940975761836,17292.0,-0.19321073328706917
MARUTI,Automobile,2026-07-09,14000.0,14037.0,13700.0,13728.0,576451,-0.015984517238907592,13814.5,13448.32,14764.07,0.02170683128525237,17292.0,-0.20610687022900764
MARUTI,Automobile,2026-07-10,13800.0,13987.0,13776.0,13854.0,430154,0.009178321678321666,13838.9,13459.12,14754.02,0.021361347143988768,17292.0,-0.1988202637057599
MARUTI,Automobile,2026-07-13,13682.0,13841.0,13536.0,13695.0,458633,-0.011476829796448706,13833.4,13461.42,14743.415,0.020264942587372783,17292.0,-0.20801526717557253
MARUTI,Automobile,2026-07-14,13619.0,13690.0,13470.0,13489.0,368645,-0.015041986126323459,13823.3,13462.68,14730.375,0.02046261492305826,17292.0,-0.21992829053897756
MARUTI,Automobile,2026-07-15,13503.0,13606.0,13435.0,13583.0,456369,0.006968641114982521,13820.95,13459.9,14717.045,0.020507137247695626,17292.0,-0.21449225075179273
MARUTI,Automobile,2026-07-16,13605.0,13845.0,13584.0,13783.0,356847,0.01472428771258194,13835.9,13460.16,14704.615,0.020594758549791686,17292.0,-0.2029262086513995
MARUTI,Automobile,2026-07-17,13750.0,13885.0,13700.0,13803.0,237330,0.001451062903576883,13856.3,13461.7,14692.2,0.020510778457059106,17292.0,-0.20176960444136016
MARUTI,Automobile,2026-07-20,13824.0,13832.0,13377.0,13514.0,517730,-0.020937477359994183,13860.95,13462.32,14679.85,0.02112539157383542,17292.0,-0.2184825352764284
MARUTI,Automobile,2026-07-21,13520.0,13655.0,13348.0,13597.0,341101,0.006141778895959682,13868.25,13470.82,14667.69,0.021159769123702005,17292.0,-0.2136826278047652
MARUTI,Automobile,2026-07-22,13596.0,13719.0,13491.0,13545.0,299404,-0.0038243730234610585,13883.1,13479.66,14655.59,0.020863680194794433,17292.0,-0.21668979875086744
MARUTI,Automobile,2026-07-23,13541.0,13568.0,13372.0,13403.0,327912,-0.010483573274270963,13866.0,13486.22,14643.575,0.0191724658117895,17292.0,-0.22490168864214666
MARUTI,Automobile,2026-07-24,13340.0,13495.0,13197.0,13442.0,223369,0.0029097963142579175,13850.85,13490.64,14630.795,0.0191921666310003,17292.0,-0.22264631043256997
MARUTI,Automobile,2026-07-27,13579.0,13760.0,13501.0,13730.0,333477,0.021425383127510855,13866.75,13504.92,14618.905,0.018990527064253488,17292.0,-0.2059912098080037
MARUTI,Automobile,2026-07-28,13729.0,13848.0,13669.0,13802.0,481068,0.005243991260014624,13851.1,13521.84,14607.855,0.01477491294963249,17292.0,-0.20182743465186212
MARUTI,Automobile,2026-07-29,13780.0,13980.0,13720.0,13948.0,515674,0.01057817707578601,13828.75,13540.74,14597.67,0.014221838280856002,17292.0,-0.19338422391857507
MARUTI,Automobile,2026-07-30,13939.0,14250.0,13825.0,14188.0,626000,0.017206767995411543,13820.75,13564.3,14587.285,0.014811022517280562,17292.0,-0.17950497339810317
MARUTI,Automobile,2026-07-31,14250.0,14348.0,14124.0,14234.0,535417,0.003242176487172177,13814.15,13589.24,14576.84,0.014829756014160898,17292.0,-0.17684478371501272
MARUTI,Automobile,2026-08-03,14300.0,14440.0,13901.0,14150.0,961183,-0.0059013629338203755,13798.85,13608.84,14566.285,0.014793364922998525,17292.0,-0.18170252139717788
MARUTI,Automobile,2026-08-04,14124.0,14254.0,14015.0,14168.0,619717,0.0012720848056537726,13780.35,13628.04,14556.065,0.01472201665784312,17292.0,-0.1806615776081425
MARUTI,Automobile,2026-08-05,14240.0,14249.0,14089.0,14190.0,312540,0.0015527950310558758,13792.3,13644.56,14545.525,0.01147430786820221,17292.0,-0.17938931297709923
MARUTI,Automobile,2026-08-06,14181.0,14181.0,13985.0,14080.0,333510,-0.007751937984496138,13809.9,13658.88,14533.92,0.010972965830415436,17292.0,-0.18575063613231552
MARUTI,Automobile,2026-08-07,13811.0,14038.0,13811.0,14037.0,324104,-0.0030539772727272707,13819.05,13677.08,14521.985,0.010852372231809095,17292.0,-0.18823733518390007
MARUTI,Automobile,2026-08-10,14039.0,14119.0,13954.0,14097.0,299446,0.004274417610600656,13839.15,13700.1,14510.49,0.01048662127816582,17292.0,-0.1847675225537821
MARUTI,Automobile,2026-08-11,14120.0,14175.0,13980.0,13990.0,334931,-0.007590267432787123,13864.2,13719.46,14498.475,0.009988511879806745,17292.0,-0.19095535507749248
MARUTI,Automobile,2026-08-12,13990.0,14067.0,13875.0,13875.0,354408,-0.008220157255182325,13878.8,13736.08,14486.48,0.010156643339268188,17292.0,-0.1976058292852186
MARUTI,Automobile,2026-08-13,13884.0,13938.0,13825.0,13905.0,220061,0.00216216216216214,13884.9,13752.9,14474.065,0.009646197508139213,17292.0,-0.19587092297015962
MARUTI,Automobile,2026-08-14,13905.0,13943.0,13760.0,13834.0,216810,-0.005106076950737171,13886.45,13768.58,14461.68,0.009722758975722466,17292.0,-0.19997686791579922
MARUTI,Automobile,2026-08-17,13834.0,13920.0,13760.0,13760.0,177071,-0.005349139800491565,13898.75,13785.54,14449.79,0.008489309304077009,17292.0,-0.2042563034929447
MARUTI,Automobile,2026-08-18,13762.0,13890.0,13691.0,13691.0,267433,-0.005014534883720945,13903.45,13796.96,14437.215,0.0084958017748131,17292.0,-0.2082465880175804
MARUTI,Automobile,2026-08-19,13744.0,13745.0,13628.0,13690.0,175646,-7.304068366076333e-05,13910.7,13809.3,14424.735,0.008439348780073859,17292.0,-0.20830441822808235
MARUTI,Automobile,2026-08-20,13758.0,13826.0,13681.0,13809.0,186272,0.008692476260043769,13931.0,13823.52,14415.525,0.008203923928204824,17292.0,-0.20142262317834836
MARUTI,Automobile,2026-08-21,13809.0,13809.0,13565.0,13565.0,224951,-0.01766963574480407,13937.15,13827.5,14406.48,0.00924554848310378,17292.0,-0.21553319454082812
MARUTI,Automobile,2026-08-24,13623.0,13694.0,13505.0,13620.0,230499,0.004054552156284474,13931.65,13823.8,14397.32,0.00789290360112277,17292.0,-0.21235253296322
MARUTI,Automobile,2026-08-25,13609.0,13678.0,13450.0,13678.0,296429,0.004258443465491979,13925.45,13823.54,14388.315,0.007858996399420561,17292.0,-0.20899838075410596
MARUTI,Automobile,2026-08-26,13750.0,13750.0,13514.0,13520.0,197113,-0.01155139640298286,13904.05,13821.34,14378.0,0.007786273382827709,17292.0,-0.2181355540134166
MARUTI,Automobile,2026-08-27,13520.0,13580.0,13404.0,13440.0,315555,-0.00591715976331364,13866.65,13820.46,14366.975,0.006462113603622115,17292.0,-0.2227619708535739
MARUTI,Automobile,2026-08-28,13500.0,13525.0,13318.0,13376.0,277509,-0.004761904761904745,13823.75,13820.08,14355.375,0.006322085430802317,17292.0,-0.22646310432569974
MARUTI,Automobile,2026-08-31,13375.0,13547.0,13268.0,13547.0,443131,0.012784090909090828,13793.6,13822.6,14344.365,0.007203191948399207,17292.0,-0.21657413832986352
MARUTI,Automobile,2026-09-01,13540.0,13540.0,12851.0,12950.0,915695,-0.04406879751974602,13732.7,13812.58,14330.695,0.011761850557239877,17292.0,-0.25109877399953734
RELIANCE,Energy,2025-09-01,1356.0,1363.2,1340.6,1353.9,11232238,,,,,,1353.9,0.0
RELIANCE,Energy,2025-09-02,1354.8,1384.5,1354.5,1366.5,11517006,0.009306448038998383,,,,,1366.5,0.0
RELIANCE,Energy,2025-09-03,1369.7,1376.5,1360.5,1372.6,7847563,0.0044639590193924494,,,,,1372.6,0.0
RELIANCE,Energy,2025-09-04,1371.8,1374.0,1357.1,1359.3,13223177,-0.00968964009908202,,,,,1372.6,-0.009689640099082002
RELIANCE,Energy,2025-09-05,1363.0,1381.0,1359.3,1375.0,5777575,0.011550062532185823,,,,,1375.0,0.0
RELIANCE,Energy,2025-09-08,1380.0,1386.0,1372.4,1378.5,6986720,0.0025454545454546285,,,,,1378.5,0.0
RELIANCE,Energy,2025-09-09,1376.6,1381.2,1368.7,1376.2,9754452,-0.0016684802321363934,,,,,1378.5,-0.0016684802321363472
RELIANCE,Energy,2025-09-10,1383.9,1388.5,1374.1,1377.0,7790815,0.0005813108559802327,,,,,1378.5,-0.001088139281828074
RELIANCE,Energy,2025-09-11,1376.0,1385.5,1375.0,1383.3,9766072,0.004575163398692794,,,,,1383.3,0.0
RELIANCE,Energy,2025-09-12,1383.3,1396.3,1380.5,1395.0,7403368,0.008458035133376729,,,,,1395.0,0.0
RELIANCE,Energy,2025-09-15,1393.0,1400.8,1388.6,1399.3,5396697,0.003082437275985672,,,,,1399.3,0.0
RELIANCE,Energy,2025-09-16,1404.7,1408.0,1398.2,1405.3,8686961,0.004287858214821805,,,,,1405.3,0.0
RELIANCE,Energy,2025-09-17,1407.0,1416.2,1406.9,1413.8,7519417,0.006048530562869248,,,,,1413.8,0.0
RELIANCE,Energy,2025-09-18,1420.4,1422.0,1410.7,1415.0,9332642,0.0008487763474325227,,,,,1415.0,0.0
RELIANCE,Energy,2025-09-19,1414.9,1417.0,1403.6,1407.4,13461373,-0.005371024734982299,,,,,1415.0,-0.005371024734982268
RELIANCE,Energy,2025-09-22,1403.9,1410.7,1388.0,1390.6,7757970,-0.011936904931078685,,,,,1415.0,-0.017243816254417024
RELIANCE,Energy,2025-09-23,1391.0,1395.0,1376.8,1389.8,14014702,-0.0005752912411908229,,,,,1415.0,-0.017809187279151976
RELIANCE,Energy,2025-09-24,1385.3,1396.0,1380.4,1383.0,5922759,-0.004892790329543817,,,,,1415.0,-0.022614840989399292
RELIANCE,Energy,2025-09-25,1381.3,1384.5,1369.0,1372.4,11411143,-0.007664497469269671,,,,,1415.0,-0.030106007067137744
RELIANCE,Energy,2025-09-26,1372.0,1382.7,1366.0,1377.6,9879109,0.0037889828038470963,1384.575,,,,1415.0,-0.02643109540636049
RELIANCE,Energy,2025-09-29,1381.6,1389.0,1368.0,1372.8,14231999,-0.0034843205574912606,1385.52,,,0.006373399789060028,1415.0,-0.02982332155477035
RELIANCE,Energy,2025-09-30,1377.1,1377.1,1362.8,1364.0,14604684,-0.0064102564102563875,1385.395,,,0.006225235755147869,1415.0,-0.03604240282685512
RELIANCE,Energy,2025-10-01,1367.0,1378.6,1362.7,1368.7,12045916,0.003445747800586485,1385.2,,,0.006190243285932898,1415.0,-0.03272084805653707
RELIANCE,Energy,2025-10-03,1363.2,1371.6,1356.9,1363.4,12842347,-0.003872287572148747,1385.4050000000002,,,0.005844114128525924,1415.0,-0.036466431095406295
RELIANCE,Energy,2025-10-06,1360.0,1377.4,1359.0,1375.0,12396580,0.008508141411177839,1385.4050000000002,,,0.005565195080386735,1415.0,-0.028268551236749116
RELIANCE,Energy,2025-10-07,1376.0,1395.9,1375.9,1384.8,11244040,0.007127272727272649,1385.72,,,0.0057655537038770665,1415.0,-0.021342756183745617
RELIANCE,Energy,2025-10-08,1384.8,1389.0,1364.5,1367.4,8525081,-0.012564991334488629,1385.28,,,0.0064320850428709764,1415.0,-0.03363957597173139
RELIANCE,Energy,2025-10-09,1374.0,1380.0,1369.1,1377.8,8826633,0.007605675003656387,1385.3200000000002,,,0.006670171900474878,1415.0,-0.02628975265017671
RELIANCE,Energy,2025-10-10,1377.8,1388.0,1375.1,1381.7,6373084,0.0028305995064596967,1385.24,,,0.006619094657568835,1415.0,-0.023533568904593606
RELIANCE,Energy,2025-10-13,1376.9,1377.7,1367.8,1375.0,7600682,-0.004849098936093199,1384.24,,,0.006384900532726235,1415.0,-0.028268551236749116
RELIANCE,Energy,2025-10-14,1380.0,1388.0,1370.1,1375.9,9768174,0.0006545454545454632,1383.0700000000002,,,0.006332014944039289,1415.0,-0.0276325088339222
RELIANCE,Energy,2025-10-15,1383.0,1384.0,1372.7,1374.3,10882743,-0.001162875208954195,1381.52,,,0.0062166779608933175,1415.0,-0.02876325088339226
RELIANCE,Energy,2025-10-16,1375.1,1400.5,1375.0,1398.3,12315932,0.01746343593101951,1380.745,,,0.007331241296315738,1415.0,-0.01180212014134279
RELIANCE,Energy,2025-10-17,1401.0,1423.3,1399.1,1416.8,19335561,0.013230351140670837,1380.835,,,0.007950061084753428,1416.8,0.0
RELIANCE,Energy,2025-10-20,1440.0,1473.8,1433.3,1466.8,24721978,0.03529079616036146,1383.805,,,0.011067219773342747,1466.8,0.0
RELIANCE,Energy,2025-10-21,1468.0,1474.0,1460.0,1465.2,2066169,-0.0010908099263702287,1387.535,,,0.010597594388946016,1466.8,-0.001090809926370268
RELIANCE,Energy,2025-10-23,1475.0,1482.9,1444.6,1448.4,18707090,-0.01146601146601145,1390.465,,,0.011043483537138538,1466.8,-0.012544314153258702
RELIANCE,Energy,2025-10-24,1450.0,1459.8,1441.0,1451.6,9700837,0.002209334438000532,1393.895,,,0.010919457685778275,1466.8,-0.010362694300518166
RELIANCE,Energy,2025-10-27,1463.0,1485.0,1458.0,1484.1,14113867,0.022389087903003535,1399.48,,,0.011502373837241548,1484.1,0.0
RELIANCE,Energy,2025-10-28,1484.1,1492.0,1477.6,1486.9,17631577,0.001886665319048797,1404.9450000000002,,,0.011511916792456205,1486.9,0.0
RELIANCE,Energy,2025-10-29,1490.0,1508.3,1488.1,1504.2,11884745,0.011634945187974921,1411.5149999999999,,,0.011498795132565829,1504.2,0.0
RELIANCE,Energy,2025-10-30,1500.0,1503.1,1484.0,1488.5,9318663,-0.01043744182954398,1417.74,,,0.011735367026025437,1504.2,-0.010437441829543974
RELIANCE,Energy,2025-10-31,1490.4,1497.5,1482.3,1486.4,8758053,-0.0014108162579777872,1423.625,,,0.011807085772947996,1504.2,-0.011833532774896925
RELIANCE,Energy,2025-11-03,1486.0,1495.0,1479.3,1484.7,8452085,-0.0011437029063509074,1429.69,,,0.011724391348342763,1504.2,-0.012963701635420821
RELIANCE,Energy,2025-11-04,1483.9,1492.8,1470.1,1473.1,10007806,-0.007813026200579332,1434.5949999999998,,,0.011983792630909706,1504.2,-0.02067544209546612
RELIANCE,Energy,2025-11-06,1484.0,1501.6,1476.2,1496.1,16772678,0.015613332428212612,1440.16,,,0.012265191817164433,1504.2,-0.005384922217790278
RELIANCE,Energy,2025-11-07,1494.6,1498.4,1475.9,1478.0,7821765,-0.012098121783303162,1445.69,,,0.012232519474367492,1504.2,-0.017417896556309032
RELIANCE,Energy,2025-11-10,1477.9,1501.0,1475.5,1489.3,7068438,0.007645466847090665,1451.2649999999999,,,0.012233145692182453,1504.2,-0.009905597659885714
RELIANCE,Energy,2025-11-11,1497.0,1498.8,1480.2,1493.4,7127506,0.0027529711945211144,1456.85,,,0.012233538155202152,1504.2,-0.007179896290386886
RELIANCE,Energy,2025-11-12,1505.0,1524.7,1500.0,1511.5,12384459,0.012119994643096321,1463.675,1413.912,,0.012178387675438648,1511.5,0.0
RELIANCE,Energy,2025-11-13,1515.0,1522.1,1506.8,1510.9,7196443,-0.00039695666556394116,1470.425,1417.0520000000001,,0.012199538119900764,1511.5,-0.00039695666556394907
RELIANCE,Energy,2025-11-14,1505.5,1520.9,1505.5,1518.9,7682823,0.0052948573697795265,1477.6550000000002,1420.1,,0.012119700470784511,1518.9,0.0
RELIANCE,Energy,2025-11-17,1520.9,1523.7,1511.5,1518.3,5871416,-0.00039502271380609244,1483.6550000000002,1423.014,,0.011813615231447064,1518.9,-0.00039502271380613364
RELIANCE,Energy,2025-11-18,1521.7,1527.8,1510.5,1519.4,11045042,0.0007244945004281078,1488.7849999999999,1426.2160000000001,,0.011639656407510737,1519.4,0.0
RELIANCE,Energy,2025-11-19,1517.4,1522.3,1512.0,1518.9,5692366,-0.0003290772673423259,1491.3899999999999,1429.094,,0.008942462571424297,1519.4,-0.000329077267342372
RELIANCE,Energy,2025-11-20,1530.0,1550.9,1526.7,1549.1,18171724,0.01988280992823732,1495.5849999999998,1432.506,,0.009778256052401482,1549.1,0.0
RELIANCE,Energy,2025-11-21,1541.0,1557.8,1540.1,1546.6,9615271,-0.0016138402943645103,1500.4950000000001,1435.914,,0.009254094986058078,1549.1,-0.0016138402943644697
RELIANCE,Energy,2025-11-24,1550.0,1550.0,1531.8,1535.9,18433951,-0.0069184016552436,1504.7099999999998,1439.092,,0.009532930620164068,1549.1,-0.008521076754244282
RELIANCE,Energy,2025-11-25,1535.9,1559.6,1525.1,1539.7,15033482,0.0024741194088155893,1507.49,1442.22,,0.008353904615020476,1549.1,-0.0060680395068103184
RELIANCE,Energy,2025-11-26,1542.3,1571.6,1540.5,1569.9,14054299,0.019614210560498835,1511.6399999999999,1445.7179999999998,,0.009247987857234416,1569.9,0.0
RELIANCE,Energy,2025-11-27,1575.0,1575.5,1556.0,1563.4,9794643,-0.004140391107713914,1514.6,1449.0,,0.009123103251096608,1569.9,-0.004140391107713867
RELIANCE,Energy,2025-11-28,1568.0,1581.3,1563.0,1567.5,8959508,0.0026224894460789017,1518.55,1452.2440000000001,,0.00864294368992769,1569.9,-0.0015287597936174857
RELIANCE,Energy,2025-12-01,1575.0,1577.5,1563.6,1566.1,8920233,-0.0008931419457736123,1522.535,1455.29,,0.008630990379883253,1569.9,-0.0024205363398943766
RELIANCE,Energy,2025-12-02,1561.1,1567.5,1542.0,1546.3,11389150,-0.012642870825617769,1525.615,1457.9160000000002,,0.00925730891930235,1569.9,-0.015032804637238127
RELIANCE,Energy,2025-12-03,1545.2,1552.4,1533.0,1538.8,6090883,-0.004850287783741858,1528.9,1460.5439999999999,,0.009113333504367903,1569.9,-0.01981017899229259
RELIANCE,Energy,2025-12-04,1536.0,1560.5,1517.6,1535.6,11867930,-0.0020795425006499,1530.875,1463.444,,0.008588777316023354,1569.9,-0.02184852538378252
RELIANCE,Energy,2025-12-05,1530.4,1545.8,1520.6,1540.6,10183266,0.0032560562646521962,1534.0049999999999,1466.46,,0.0079898479190566,1569.9,-0.018663609147079548
RELIANCE,Energy,2025-12-08,1539.2,1551.0,1535.0,1543.0,11301491,0.001557834609892339,1536.69,1469.66,,0.007882967603954094,1569.9,-0.017134849353462062
RELIANCE,Energy,2025-12-09,1540.3,1542.5,1520.1,1529.4,11503971,-0.008813998703823711,1538.4900000000002,1472.8,,0.008226363532074076,1569.9,-0.025797821517294095
RELIANCE,Energy,2025-12-10,1534.0,1547.5,1531.4,1536.9,7991629,0.004903883876029802,1539.76,1475.986,,0.007874002881832178,1569.9,-0.021020447162239633
RELIANCE,Energy,2025-12-11,1536.9,1550.0,1524.0,1545.0,4706197,0.005270349404645547,1541.465,1479.43,,0.007928069385053233,1569.9,-0.015860882858780873
RELIANCE,Energy,2025-12-12,1550.8,1559.8,1546.1,1556.5,5106655,0.007443365695792847,1543.3449999999998,1483.28,,0.008001458481340264,1569.9,-0.008535575514364029
RELIANCE,Energy,2025-12-15,1551.2,1558.6,1546.5,1556.2,5774543,-0.00019274012206871305,1545.24,1487.03,,0.00799939239374313,1569.9,-0.00872667048856618
RELIANCE,Energy,2025-12-16,1545.0,1551.7,1538.8,1542.3,11731856,-0.008932013879964118,1546.385,1490.6080000000002,,0.008318704359059988,1569.9,-0.017580737626600507
RELIANCE,Energy,2025-12-17,1550.0,1550.0,1539.3,1544.4,7116649,0.0013616028010114967,1547.66,1493.996,,0.008315420395864517,1569.9,-0.01624307280718517
RELIANCE,Energy,2025-12-18,1535.2,1551.5,1535.2,1544.4,6580829,0.0,1547.425,1497.188,,0.007007897086570604,1569.9,-0.01624307280718517
RELIANCE,Energy,2025-12-19,1554.4,1574.2,1551.0,1565.1,13937275,0.013403263403263255,1548.35,1501.1419999999998,,0.007618307263227957,1569.9,-0.0030575195872349714
RELIANCE,Energy,2025-12-22,1573.5,1577.5,1565.3,1575.4,10184852,0.006581049134240846,1550.325,1505.0940000000003,,0.007512338077049492,1575.4,0.0
RELIANCE,Energy,2025-12-23,1580.9,1580.9,1568.1,1570.7,7506564,-0.0029833693030342223,1551.875,1508.874,,0.007566260820942799,1575.4,-0.002983369303034179
RELIANCE,Energy,2025-12-24,1572.7,1575.7,1553.6,1558.2,8815745,-0.007958235181766082,1551.29,1512.5379999999998,,0.006426942617773723,1575.4,-0.010917862130252663
RELIANCE,Energy,2025-12-26,1554.7,1561.0,1554.3,1559.2,2311495,0.0006417661404183317,1551.0800000000002,1516.204,,0.006367354158004209,1575.4,-0.010283102704075184
RELIANCE,Energy,2025-12-29,1554.9,1558.1,1543.6,1545.6,5972105,-0.008722421754746135,1549.985,1519.63,,0.006611290744252333,1575.4,-0.01891583090008898
RELIANCE,Energy,2025-12-30,1547.0,1553.6,1537.8,1539.8,8815884,-0.0037525879917184035,1548.67,1522.46,,0.006646908844427257,1575.4,-0.022597435571918328
RELIANCE,Energy,2025-12-31,1541.0,1577.0,1541.0,1570.4,5771830,0.019872710741654753,1549.875,1525.5320000000002,,0.0075231064468113465,1575.4,-0.0031737971308873937
RELIANCE,Energy,2026-01-01,1573.7,1592.5,1571.1,1575.6,6408128,0.0033112582781456013,1551.7150000000001,1527.708,,0.007421129684589026,1575.6,0.0
RELIANCE,Energy,2026-01-02,1580.0,1594.6,1578.2,1592.3,6602230,0.010599136836760614,1554.55,1530.25,,0.0076630617225584155,1592.3,0.0
RELIANCE,Energy,2026-01-05,1593.0,1611.8,1575.3,1578.1,8704973,-0.008917917477862192,1556.425,1532.844,,0.008020047853929775,1592.3,-0.00891791747786224
RELIANCE,Energy,2026-01-06,1569.0,1569.0,1496.3,1507.6,27417125,-0.044673975033267865,1554.655,1533.9640000000002,,0.0130235370324103,1592.3,-0.05319349368837534
RELIANCE,Energy,2026-01-07,1510.0,1520.0,1498.0,1504.2,11199340,-0.002255240116741719,1553.395,1534.366,,0.012900482311282838,1592.3,-0.05532876970420141
RELIANCE,Energy,2026-01-08,1500.0,1503.9,1468.8,1470.6,16518684,-0.02233745512564822,1550.0800000000002,1534.04,,0.013686284740093405,1592.3,-0.07643032091942477
RELIANCE,Energy,2026-01-09,1465.0,1479.9,1465.0,1475.3,8335311,0.0031959744322045402,1546.595,1533.4619999999998,,0.013635158630105662,1592.3,-0.07347861583872387
RELIANCE,Energy,2026-01-12,1475.3,1485.3,1451.0,1483.2,8883745,0.005354843082762795,1542.93,1533.3559999999998,,0.01356510725260836,1592.3,-0.06851723921371596
RELIANCE,Energy,2026-01-13,1485.0,1485.8,1444.7,1452.8,13499760,-0.02049622437971954,1537.76,1532.684,,0.014144852236137956,1592.3,-0.0876091188846323
RELIANCE,Energy,2026-01-14,1444.0,1467.0,1440.2,1458.8,8321764,0.00412995594713661,1533.585,1532.1660000000002,,0.014174362578374688,1592.3,-0.08384098473905671
RELIANCE,Energy,2026-01-15,1458.8,1458.8,1458.8,1458.8,0,0.0,1529.3049999999998,1531.88,,0.014157176791077005,1592.3,-0.08384098473905671
RELIANCE,Energy,2026-01-16,1458.8,1480.0,1455.1,1457.9,17167161,-0.0006169454346036662,1524.98,1531.116,,0.014151539564971878,1592.3,-0.08440620486089297
RELIANCE,Energy,2026-01-19,1450.6,1450.6,1403.3,1413.6,20392765,-0.030386171891076286,1517.405,1529.8280000000002,,0.014884247134379035,1592.3,-0.11222759530239279
RELIANCE,Energy,2026-01-20,1410.7,1416.0,1390.0,1394.0,13189498,-0.013865308432371215,1508.3349999999998,1527.922,,0.014750636427211472,1592.3,-0.12453683351127298
RELIANCE,Energy,2026-01-21,1389.5,1412.9,1373.0,1404.6,17352720,0.007604017216642722,1500.0300000000002,1526.1459999999997,,0.015051247205782783,1592.3,-0.11787979652075617
RELIANCE,Energy,2026-01-22,1410.1,1419.5,1395.0,1402.5,15721693,-0.0014950875694147436,1492.2450000000001,1523.9659999999997,,0.015064245939836608,1592.3,-0.11919864347170757
RELIANCE,Energy,2026-01-23,1401.8,1407.0,1381.0,1386.1,9837802,-0.011693404634581128,1483.59,1521.47,,0.015067562140761914,1592.3,-0.12949821013628088
RELIANCE,Energy,2026-01-27,1380.0,1391.6,1368.0,1380.5,26302396,-0.004040112545992236,1475.335,1518.7020000000002,,0.015055436492482739,1592.3,-0.13301513533881804
RELIANCE,Energy,2026-01-28,1385.0,1409.9,1384.9,1396.7,11121657,0.011734878667149617,1468.18,1516.27,,0.015541740152714218,1592.3,-0.12284117314576394
RELIANCE,Energy,2026-01-29,1402.9,1402.9,1384.0,1391.0,20846683,-0.004081048185007541,1459.21,1513.7019999999998,,0.014427510744369473,1592.3,-0.12642090058406077
RELIANCE,Energy,2026-01-30,1382.6,1398.0,1378.5,1395.4,11239835,0.003163191948238664,1450.1999999999998,1511.2320000000002,,0.014422547368890544,1592.3,-0.12365760221063862
RELIANCE,Energy,2026-02-02,1340.0,1392.9,1335.5,1390.4,15711165,-0.0035832019492618716,1440.105,1508.058,,0.013905223164853887,1592.3,-0.12679771399861828
RELIANCE,Energy,2026-02-03,1473.9,1489.5,1430.2,1437.1,25456171,0.0335874568469503,1433.0549999999998,1505.8680000000002,,0.01654089892650144,1592.3,-0.09746906989888843
RELIANCE,Energy,2026-02-04,1444.0,1464.0,1440.3,1456.8,8333387,0.01370816227124072,1430.515,1504.2859999999998,,0.014048771801254105,1592.3,-0.08509702945424857
RELIANCE,Energy,2026-02-05,1457.0,1461.5,1439.5,1443.4,11763658,-0.009198242723778005,1427.475,1502.36,,0.014150743697731958,1592.3,-0.09351252904603395
RELIANCE,Energy,2026-02-06,1441.5,1452.8,1433.5,1450.8,8277304,0.0051267839822639605,1426.485,1499.978,,0.0133814680997907,1592.3,-0.08886516359982416
RELIANCE,Energy,2026-02-09,1458.0,1465.9,1453.0,1461.6,5775864,0.007444168734491274,1425.8,1497.9419999999998,,0.01347813714097678,1592.3,-0.08208252213778813
RELIANCE,Energy,2026-02-10,1471.0,1471.0,1452.2,1458.5,10259630,-0.002120963327859826,1424.565,1495.7619999999997,,0.01341423020493829,1592.3,-0.08402939144633546
RELIANCE,Energy,2026-02-11,1459.6,1470.0,1453.6,1468.7,7106877,0.006993486458690468,1425.3600000000001,1493.8139999999999,,0.012672740212077482,1592.3,-0.07762356339885694
RELIANCE,Energy,2026-02-12,1470.0,1473.0,1445.5,1448.9,11135399,-0.013481310002042557,1424.865,1491.866,,0.013023073289019223,1592.3,-0.09005840607925635
RELIANCE,Energy,2026-02-13,1445.5,1450.7,1416.3,1419.6,10755693,-0.02022223755952801,1422.9050000000002,1489.4819999999997,,0.013765680839155726,1592.3,-0.10845946115681722
RELIANCE,Energy,2026-02-16,1420.1,1439.6,1409.3,1437.1,5896514,0.012327416173570027,1421.865,1487.5120000000002,,0.014098337275219398,1592.3,-0.09746906989888843
RELIANCE,Energy,2026-02-17,1431.1,1431.8,1418.6,1423.0,10731630,-0.00981142578804528,1422.335,1485.16,,0.012468803140868224,1592.3,-0.106324185140991
RELIANCE,Energy,2026-02-18,1427.0,1442.1,1419.2,1441.3,5521096,0.012860154602951424,1424.7,1483.126,,0.012289777671433726,1592.3,-0.09483137599698549
RELIANCE,Energy,2026-02-19,1443.0,1443.0,1400.0,1409.5,11884664,-0.02206341497259412,1424.945,1480.728,,0.01329425954937467,1592.3,-0.11480248696853605
RELIANCE,Energy,2026-02-20,1409.5,1427.4,1406.1,1419.4,8177670,0.007023767293366401,1425.79,1478.378,,0.013371389714575148,1592.3,-0.10858506562833628
RELIANCE,Energy,2026-02-23,1425.0,1434.9,1418.3,1428.0,7758856,0.006058898125968604,1427.885,1476.0379999999998,,0.013092846241284468,1592.3,-0.10318407335301134
RELIANCE,Energy,2026-02-24,1425.3,1433.3,1415.0,1428.8,12529409,0.0005602240896358524,1430.3,1473.484,,0.013029330904217755,1592.3,-0.10268165546693463
RELIANCE,Energy,2026-02-25,1435.0,1440.5,1393.5,1398.5,10728792,-0.021206606942889117,1430.3899999999999,1470.33,,0.013768650487275876,1592.3,-0.12171073290209129
RELIANCE,Energy,2026-02-26,1398.5,1412.9,1391.9,1406.8,16683858,0.005934930282445405,1431.1799999999998,1467.62,,0.013788632334879218,1592.3,-0.1164981473340451
RELIANCE,Energy,2026-02-27,1398.0,1410.4,1388.1,1393.9,12031440,-0.009169746943417545,1431.105,1464.61,,0.013945443199324246,1592.3,-0.1245996357470325
RELIANCE,Energy,2026-03-02,1375.5,1378.6,1341.5,1358.0,23728722,-0.025755075686921702,1429.4850000000001,1460.8819999999998,,0.015083348756920101,1592.3,-0.14714563838472647
RELIANCE,Energy,2026-03-04,1330.0,1352.8,1307.0,1345.0,32495007,-0.009572901325478611,1424.88,1456.48,,0.012774655303850442,1592.3,-0.15530992903347357
RELIANCE,Energy,2026-03-05,1353.1,1399.0,1353.1,1389.4,25957532,0.03301115241635699,1421.5099999999998,1452.76,,0.01470493014501676,1592.3,-0.1274257363562142
RELIANCE,Energy,2026-03-06,1396.5,1424.3,1390.3,1404.8,19311971,0.011083921117028828,1419.5800000000002,1449.4419999999998,,0.01489955979008264,1592.3,-0.11775419204923696
RELIANCE,Energy,2026-03-09,1375.0,1429.4,1370.0,1424.0,24870822,0.013667425968109326,1418.2400000000002,1446.7579999999998,,0.015211044685815597,1592.3,-0.10569616278339507
RELIANCE,Energy,2026-03-10,1430.6,1431.5,1400.6,1408.8,18071259,-0.010674157303370846,1415.6,1443.75,,0.01523235281655452,1592.3,-0.11524210261885323
RELIANCE,Energy,2026-03-11,1424.9,1434.0,1383.6,1390.2,21848087,-0.01320272572402037,1412.185,1440.6419999999998,,0.01544744133278426,1592.3,-0.1269233184701375
RELIANCE,Energy,2026-03-12,1390.0,1410.9,1381.1,1392.2,20939959,0.0014386419220255853,1408.36,1437.69,,0.015321316641282792,1592.3,-0.12566727375494563
RELIANCE,Energy,2026-03-13,1385.2,1400.8,1378.4,1380.7,17265090,-0.008260307427093827,1404.95,1433.896,,0.01516915856531572,1592.3,-0.13288953086729882
RELIANCE,Energy,2026-03-16,1380.0,1397.3,1363.5,1395.1,22837802,0.010429492286521125,1403.725,1430.2859999999998,,0.0148070669298427,1592.3,-0.12384600891791751
RELIANCE,Energy,2026-03-17,1399.0,1405.9,1388.2,1397.6,19007744,0.0017919862375457285,1401.75,1426.392,,0.014500981848078454,1592.3,-0.12227595302392769
RELIANCE,Energy,2026-03-18,1397.2,1412.9,1397.2,1408.1,9559327,0.007512879221522661,1401.0049999999999,1422.9920000000002,,0.014482761146892807,1592.3,-0.11568171826917041
RELIANCE,Energy,2026-03-19,1388.0,1415.7,1376.1,1384.8,16498373,-0.016547120232937917,1398.1799999999998,1420.5359999999998,,0.014555434058921245,1592.3,-0.13031463920115557
RELIANCE,Energy,2026-03-20,1398.0,1430.0,1396.1,1414.4,22994918,0.02137492778740624,1398.425,1418.74,,0.014628560596839837,1592.3,-0.11172517741631594
RELIANCE,Energy,2026-03-23,1400.0,1415.6,1391.0,1407.8,18979554,-0.0046662895927602754,1397.8449999999998,1417.4840000000002,,0.0145781705360126,1592.3,-0.11587012497644916
RELIANCE,Energy,2026-03-24,1420.0,1422.4,1406.6,1411.8,18620893,0.0028413126864610394,1397.0349999999999,1416.214,,0.014521837286089252,1592.3,-0.11335803554606544
RELIANCE,Energy,2026-03-25,1420.0,1430.5,1408.4,1413.1,19041331,0.0009208103130755596,1396.25,1414.8120000000001,,0.014523407939651855,1592.3,-0.11254160648119076
RELIANCE,Energy,2026-03-27,1401.0,1404.7,1345.0,1348.1,23266517,-0.04599816007359703,1393.73,1412.718,,0.01719946089451202,1592.3,-0.15336305972492625
RELIANCE,Energy,2026-03-30,1335.0,1365.0,1334.1,1343.9,24393861,-0.0031154958830945656,1390.585,1410.42,,0.017107045811964244,1592.3,-0.15600075362682903
RELIANCE,Energy,2026-04-01,1384.2,1384.4,1362.9,1369.2,14404619,0.018825805491480052,1389.35,1408.628,,0.01763904130754973,1592.3,-0.140111787979652
RELIANCE,Energy,2026-04-02,1357.0,1358.2,1328.0,1350.5,21280051,-0.013657610283377197,1388.975,1406.48,,0.01692939916463701,1592.3,-0.15185580606669594
RELIANCE,Energy,2026-04-06,1359.0,1359.0,1290.0,1304.7,29274881,-0.033913365420214725,1386.9599999999998,1404.302,,0.018449836645403925,1592.3,-0.18061923004458955
RELIANCE,Energy,2026-04-07,1295.0,1308.3,1291.0,1304.6,28388922,-7.664597225420788e-05,1382.72,1402.514,,0.016596246553154975,1592.3,-0.1806820322803492
RELIANCE,Energy,2026-04-08,1349.0,1350.6,1326.2,1347.8,21817543,0.033113598037712855,1379.87,1401.3780000000002,,0.018231461154671533,1592.3,-0.153551466432205
RELIANCE,Energy,2026-04-09,1346.0,1350.0,1326.3,1330.0,20725390,-0.013206707226591452,1375.1699999999998,1399.928,,0.018011983183748772,1592.3,-0.16473026439741253
RELIANCE,Energy,2026-04-10,1337.0,1352.3,1331.5,1350.2,19364461,0.015187969924812084,1372.24,1399.21,,0.018375865401662216,1592.3,-0.1520442127739747
RELIANCE,Energy,2026-04-13,1321.2,1327.6,1310.0,1315.1,28753269,-0.02599614871870848,1368.485,1397.902,,0.018999890824403558,1592.3,-0.17408779752559195
RELIANCE,Energy,2026-04-15,1337.0,1347.0,1334.2,1344.1,15313779,0.022051555014827695,1366.0800000000002,1396.85,,0.01977380774531212,1592.3,-0.15587514915530995
RELIANCE,Energy,2026-04-16,1352.0,1353.8,1330.0,1343.3,30211012,-0.0005951938099842957,1364.21,1395.896,,0.019711483090256537,1592.3,-0.15637756704138667
RELIANCE,Energy,2026-04-17,1340.0,1368.4,1340.0,1365.0,13869105,0.01615424700364776,1362.705,1395.2879999999998,,0.019929396411298966,1592.3,-0.14274948188155495
RELIANCE,Energy,2026-04-20,1363.2,1373.0,1352.8,1363.3,13614733,-0.0012454212454212632,1360.99,1394.746,,0.01991937424236052,1592.3,-0.14381711988946808
RELIANCE,Energy,2026-04-21,1359.0,1369.8,1350.1,1353.3,27293629,-0.007335142668524863,1358.25,1393.07,,0.019859974051630903,1592.3,-0.15009734346542739
RELIANCE,Energy,2026-04-22,1350.3,1366.0,1349.1,1362.1,9525953,0.006502623217320647,1357.115,1391.1760000000002,,0.019626210685198344,1592.3,-0.14457074671858322
RELIANCE,Energy,2026-04-23,1346.0,1355.5,1340.7,1343.4,16385079,-0.013728801115923783,1353.565,1389.1760000000002,,0.019116683049729192,1592.3,-0.156314764805627
RELIANCE,Energy,2026-04-24,1340.0,1345.9,1325.0,1327.8,11744802,-0.011612326931666028,1349.565,1386.7159999999997,,0.01922288396544488,1592.3,-0.1661119135841236
RELIANCE,Energy,2026-04-27,1313.0,1371.6,1311.0,1365.8,24673098,0.028618767886730012,1347.265,1384.8,,0.020442573877354334,1592.3,-0.14224706399547823
RELIANCE,Energy,2026-04-28,1358.0,1395.2,1357.0,1388.9,41027699,0.016913164445746087,1346.0549999999998,1383.4080000000001,,0.020849137243842686,1592.3,-0.12773974753501216
RELIANCE,Energy,2026-04-29,1392.0,1433.8,1391.3,1425.4,30542143,0.026279789761681993,1349.92,1382.5420000000001,,0.018732768404968587,1592.3,-0.10481693148276071
RELIANCE,Energy,2026-04-30,1409.0,1437.0,1393.1,1430.8,30957881,0.0037884102708010126,1354.2649999999999,1382.18,,0.018678486703149443,1592.3,-0.10142561075174276
RELIANCE,Energy,2026-05-01,1430.8,1430.8,1430.8,1430.8,0,0.0,1357.3449999999998,1382.4040000000002,,0.01832610927961929,1592.3,-0.10142561075174276
RELIANCE,Energy,2026-05-04,1433.4,1467.4,1433.4,1463.1,24035700,0.022574783337992788,1362.975,1382.924,,0.01844958809481405,1592.3,-0.08114048860139424
RELIANCE,Energy,2026-05-05,1460.0,1473.4,1450.0,1463.6,23543341,0.00034174014079702,1370.92,1383.736,,0.016177865821952967,1592.3,-0.08082647742259627
RELIANCE,Energy,2026-05-06,1463.0,1473.3,1427.5,1437.9,14221786,-0.017559442470620246,1377.585,1383.668,,0.016969965209787163,1592.3,-0.09696665201281157
RELIANCE,Energy,2026-05-07,1438.8,1449.5,1430.3,1436.2,19816903,-0.0011822797134710683,1382.0049999999999,1384.2019999999998,,0.015663398827806804,1592.3,-0.09803429002072468
RELIANCE,Energy,2026-05-08,1426.0,1442.8,1417.5,1435.2,8663105,-0.0006962818548948979,1387.2649999999999,1384.5180000000003,,0.015212932705575673,1592.3,-0.09866231237832061
RELIANCE,Energy,2026-05-11,1420.0,1428.0,1382.0,1388.2,15261787,-0.03274804905239692,1389.165,1383.7220000000002,,0.017014260197064694,1592.3,-0.12817936318532935
RELIANCE,Energy,2026-05-12,1392.0,1393.5,1360.3,1364.0,24357500,-0.017432646592710044,1391.6100000000001,1382.4260000000002,,0.016381160151995568,1592.3,-0.14337750423915088
RELIANCE,Energy,2026-05-13,1361.4,1372.4,1352.4,1358.8,13797989,-0.0038123167155426074,1392.3449999999998,1381.632,,0.01571861452275919,1592.3,-0.14664322049864975
RELIANCE,Energy,2026-05-14,1365.2,1378.0,1358.4,1361.8,17303059,0.0022078304386223824,1393.27,1380.7319999999997,,0.015719318060852312,1592.3,-0.14475915342586196
RELIANCE,Energy,2026-05-15,1356.8,1364.8,1329.2,1336.4,19976192,-0.018651784402995975,1391.84,1379.582,,0.015856242308510415,1592.3,-0.16071092130879852
RELIANCE,Energy,2026-05-18,1334.0,1342.0,1318.7,1335.9,13022473,-0.00037413947919784363,1390.47,1379.14,,0.015856552641231602,1592.3,-0.16102493248759647
RELIANCE,Energy,2026-05-19,1338.7,1344.0,1318.4,1322.7,21665501,-0.009880979115203248,1388.94,1378.694,,0.01592105811278757,1592.3,-0.1693148276078628
RELIANCE,Energy,2026-05-20,1318.7,1362.9,1312.6,1359.7,13248515,0.027973085355711858,1388.82,1378.1,,0.017132906705648196,1592.3,-0.14607800037681337
RELIANCE,Energy,2026-05-21,1367.2,1370.9,1345.2,1349.6,17150630,-0.007428109141722539,1389.13,1376.996,,0.016922833376297106,1592.3,-0.15242102618853234
RELIANCE,Energy,2026-05-22,1350.0,1367.4,1349.1,1354.5,7105813,0.0036307053941908585,1390.4650000000001,1375.606,,0.016696714423816546,1592.3,-0.14934371663631224
RELIANCE,Energy,2026-05-25,1366.8,1371.1,1357.0,1367.0,6750071,0.009228497600590524,1390.525,1374.77,,0.015539264616542257,1592.3,-0.1414934371663631
RELIANCE,Energy,2026-05-26,1360.1,1368.5,1352.4,1356.3,13769747,-0.007827359180687665,1388.895,1374.092,,0.015114234379207744,1592.3,-0.1482132763926396
RELIANCE,Energy,2026-05-27,1353.0,1361.0,1348.6,1350.5,13215138,-0.004276340042763338,1385.15,1373.2579999999998,,0.013679474231938155,1592.3,-0.15185580606669594
RELIANCE,Energy,2026-05-28,1350.5,1350.5,1350.5,1350.5,0,0.0,1381.135,1372.654,,0.013612331231346909,1592.3,-0.15185580606669594
RELIANCE,Energy,2026-05-29,1364.0,1369.0,1317.0,1321.2,42634247,-0.02169566827101066,1375.6550000000002,1371.1760000000002,,0.01422835459406821,1592.3,-0.17025686114425667
RELIANCE,Energy,2026-06-01,1332.5,1335.5,1318.5,1320.0,10700603,-0.0009082652134423386,1368.5,1369.624,,0.012830592195884512,1592.3,-0.17101048797337182
RELIANCE,Energy,2026-06-02,1307.7,1327.8,1300.3,1314.6,23302785,-0.004090909090909145,1361.05,1367.754,,0.012770615341402699,1592.3,-0.1744018087043899
RELIANCE,Energy,2026-06-03,1315.0,1324.0,1301.0,1313.2,20012293,-0.0010649627263045192,1354.815,1366.3220000000001,,0.012464555079463362,1592.3,-0.17528104000502412
RELIANCE,Energy,2026-06-04,1301.0,1311.2,1293.1,1303.7,23474327,-0.007234236978373443,1348.19,1364.108,,0.012454468791703267,1592.3,-0.18124725240218548
RELIANCE,Energy,2026-06-05,1304.5,1306.0,1288.0,1291.0,17785223,-0.009741504947457291,1340.98,1361.772,,0.012463588327428873,1592.3,-0.1892231363436538
RELIANCE,Energy,2026-06-08,1277.0,1282.6,1259.2,1263.3,16494759,-0.021456235476374985,1334.7350000000001,1358.8020000000001,,0.011356931934530391,1592.3,-0.20661935564906111
RELIANCE,Energy,2026-06-09,1269.0,1274.2,1257.5,1269.2,23620214,0.004670307923692052,1329.9950000000001,1355.924,,0.011119682080675979,1592.3,-0.20291402373924505
RELIANCE,Energy,2026-06-10,1275.0,1300.5,1254.4,1258.8,21012796,-0.008194138039710142,1324.9950000000001,1354.138,,0.011168460565399623,1592.3,-0.2094454562582428
RELIANCE,Energy,2026-06-11,1258.0,1276.0,1253.2,1263.0,13117486,0.003336510962821837,1320.055,1352.52,,0.011202978468767506,1592.3,-0.20680776235633985
RELIANCE,Energy,2026-06-12,1277.0,1297.0,1262.5,1293.0,11988785,0.02375296912114022,1317.885,1350.996,,0.012193112646266975,1592.3,-0.18796709162846195
RELIANCE,Energy,2026-06-15,1315.3,1325.0,1303.3,1307.0,18633321,0.010827532869296164,1316.44,1350.126,,0.012504662885908539,1592.3,-0.17917477862211892
RELIANCE,Energy,2026-06-16,1313.4,1333.4,1306.4,1328.8,18513223,0.016679418515684663,1316.7450000000001,1350.6080000000002,,0.012917530925096283,1592.3,-0.16548389122652768
RELIANCE,Energy,2026-06-17,1333.0,1334.0,1317.0,1332.7,10029170,0.002934978928356591,1315.395,1351.17,,0.011193610861936524,1592.3,-0.16303460403190348
RELIANCE,Energy,2026-06-18,1330.0,1333.9,1322.0,1328.1,15494549,-0.0034516395287762514,1314.32,1350.776,,0.011107338269539444,1592.3,-0.16592350687684485
RELIANCE,Energy,2026-06-19,1328.0,1338.2,1305.3,1309.5,24887034,-0.014004969505308273,1312.07,1350.366,1422.043,0.011436898094185575,1592.3,-0.1776047227281291
RELIANCE,Energy,2026-06-22,1316.7,1344.9,1314.1,1326.5,12931213,0.012982054219167649,1310.0449999999998,1349.892,1421.9059999999997,0.01165314345743181,1592.3,-0.16692834264899828
RELIANCE,Energy,2026-06-23,1328.9,1333.0,1304.0,1309.5,15400184,-0.012815680361854542,1307.705,1349.78,1421.6209999999999,0.011848832061597722,1592.3,-0.1776047227281291
RELIANCE,Energy,2026-06-24,1305.7,1322.0,1297.5,1313.6,11030917,0.0031309660175637966,1305.8600000000001,1349.17,1421.326,0.011879381279564612,1592.3,-0.17502983106198583
RELIANCE,Energy,2026-06-25,1318.0,1328.0,1314.6,1318.1,12694362,0.003425700365408124,1304.24,1348.6660000000002,1421.12,0.011923986060803311,1592.3,-0.17220373045280415
RELIANCE,Energy,2026-06-26,1318.1,1318.1,1318.1,1318.1,0,0.0,1304.0849999999998,1347.7279999999998,1420.8355000000001,0.010898894056295098,1592.3,-0.17220373045280415
RELIANCE,Energy,2026-06-29,1308.0,1313.7,1292.6,1301.0,13757656,-0.012973219027387795,1303.1349999999998,1346.4819999999997,1420.448,0.011275634631469177,1592.3,-0.1829429127676945
RELIANCE,Energy,2026-06-30,1306.9,1306.9,1290.0,1293.9,15695263,-0.005457340507301955,1302.1,1345.2939999999999,1420.0365,0.011301599506749829,1592.3,-0.18740187150662554
RELIANCE,Energy,2026-07-01,1298.9,1312.2,1296.5,1308.0,7001401,0.01089728727104089,1301.84,1344.2120000000002,1419.6915,0.011595797103185642,1592.3,-0.178546756264523
RELIANCE,Energy,2026-07-02,1310.0,1313.2,1299.0,1303.5,17795024,-0.0034403669724770714,1301.83,1343.414,1419.2925,0.011504212014123235,1592.3,-0.1813728568737047
RELIANCE,Energy,2026-07-03,1312.0,1312.0,1302.0,1304.0,7839550,0.0003835826620637306,1302.48,1342.938,1418.8375,0.01127082612656246,1592.3,-0.1810588456949067
RELIANCE,Energy,2026-07-06,1304.0,1325.6,1299.4,1321.3,7610709,0.013266871165644067,1305.3799999999999,1342.0480000000002,1418.4475,0.010336363768034096,1592.3,-0.17019405890849715
RELIANCE,Energy,2026-07-07,1323.5,1328.0,1304.1,1308.4,14335554,-0.009763112086581316,1307.34,1340.4379999999999,1417.963,0.010660752074469104,1592.3,-0.17829554732148456
RELIANCE,Energy,2026-07-08,1297.0,1302.3,1271.6,1275.9,19960868,-0.024839498624273926,1308.195,1337.4479999999999,1417.2735,0.012025950694851828,1592.3,-0.1987062739433523
RELIANCE,Energy,2026-07-09,1277.1,1296.5,1274.2,1279.8,14651963,0.0030566658829060955,1309.035,1334.4279999999999,1416.5975,0.012022937473434279,1592.3,-0.19625698674872827
RELIANCE,Energy,2026-07-10,1291.9,1311.1,1287.8,1307.8,8412537,0.021878418502891073,1309.775,1331.9679999999998,1416.0995,0.011839920926251406,1592.3,-0.1786723607360422
RELIANCE,Energy,2026-07-13,1300.0,1306.4,1295.0,1296.9,9488352,-0.008334607738186173,1309.27,1328.644,1415.631,0.011746738403036895,1592.3,-0.18551780443383775
RELIANCE,Energy,2026-07-14,1290.0,1308.0,1286.9,1293.0,13511284,-0.0030071709461023666,1307.48,1325.2320000000002,1415.1470000000002,0.011051330902024922,1592.3,-0.18796709162846195
RELIANCE,Energy,2026-07-15,1294.1,1310.9,1294.1,1295.5,9577965,0.0019334880123742515,1305.62,1322.384,1414.7095000000002,0.011033354933882323,1592.3,-0.1863970357344721
RELIANCE,Energy,2026-07-16,1295.5,1309.4,1291.8,1296.6,15631046,0.0008490930142801556,1304.045,1319.5919999999999,1414.3304999999998,0.011032284733851636,1592.3,-0.18570621114111666
RELIANCE,Energy,2026-07-17,1300.0,1330.3,1296.1,1327.2,18302218,0.023600185099491133,1304.93,1317.432,1414.0785,0.011895369483935204,1592.3,-0.1664887269986811
RELIANCE,Energy,2026-07-20,1317.2,1345.9,1314.9,1323.1,14305844,-0.0030892103676914973,1304.76,1316.13,1413.83,0.011562949647920224,1592.3,-0.1690636186648245
RELIANCE,Energy,2026-07-21,1321.0,1326.9,1302.7,1303.7,12753410,-0.014662534955785511,1304.47,1314.924,1413.5285000000001,0.01167695052793225,1592.3,-0.18124725240218548
RELIANCE,Energy,2026-07-22,1302.0,1304.6,1280.7,1288.6,10840383,-0.011582419268236666,1303.2199999999998,1313.52,1413.128,0.011919843100824513,1592.3,-0.1907303900018841
RELIANCE,Energy,2026-07-23,1283.0,1287.3,1268.0,1272.2,12580741,-0.012726990532360594,1300.925,1311.7279999999998,1412.6719999999998,0.012156696541759424,1592.3,-0.2010299566664573
RELIANCE,Energy,2026-07-24,1265.0,1283.4,1249.8,1278.0,9817000,0.004559031598805108,1298.92,1310.56,1412.187,0.012232767349297999,1592.3,-0.19738742699240092
RELIANCE,Energy,2026-07-27,1288.2,1288.7,1278.0,1280.0,7163132,0.0015649452269170805,1297.8700000000001,1309.442,1411.6629999999998,0.011941889240843412,1592.3,-0.19613138227720905
RELIANCE,Energy,2026-07-28,1275.0,1279.2,1265.9,1267.7,9312184,-0.00960937499999992,1296.56,1308.3419999999999,1411.1645,0.012063579363807836,1592.3,-0.20385605727563896
RELIANCE,Energy,2026-07-29,1275.0,1282.4,1268.7,1275.9,9448307,0.006468407351897243,1294.955,1306.6660000000002,1410.655,0.011873751882602639,1592.3,-0.1987062739433523
RELIANCE,Energy,2026-07-30,1279.8,1297.0,1275.3,1292.9,12158451,0.013323928207539693,1294.425,1305.5320000000002,1410.211,0.012289832313340885,1592.3,-0.18802989386422148
RELIANCE,Energy,2026-07-31,1295.0,1309.7,1293.6,1307.8,8624996,0.011524479851496627,1294.615,1304.598,1409.875,0.012573401895603574,1592.3,-0.1786723607360422
RELIANCE,Energy,2026-08-03,1315.2,1319.0,1306.0,1319.0,7508023,0.008564000611714473,1294.5,1303.638,1409.5904999999998,0.012358715018302817,1592.3,-0.17163851033096775
RELIANCE,Energy,2026-08-04,1315.0,1315.0,1286.4,1290.9,10759546,-0.02130401819560268,1293.625,1302.33,1409.1735,0.01308587988709611,1592.3,-0.18928593857941334
RELIANCE,Energy,2026-08-05,1293.0,1299.0,1270.1,1280.0,24820782,-0.008443721434658102,1293.8300000000002,1300.92,1408.582,0.0119512626116498,1592.3,-0.19613138227720905
RELIANCE,Energy,2026-08-06,1285.0,1325.2,1281.2,1325.0,20342297,0.03515625,1296.09,1300.41,1408.1229999999998,0.01427967765560168,1592.3,-0.1678703761853922
RELIANCE,Energy,2026-08-07,1320.0,1337.0,1316.6,1334.8,9885638,0.007396226415094409,1297.44,1300.682,1407.463,0.01355868692513342,1592.3,-0.1617157570809521
RELIANCE,Energy,2026-08-10,1330.1,1332.9,1321.3,1327.3,8207102,-0.005618819298771394,1298.96,1300.828,1406.7734999999998,0.013472457059433944,1592.3,-0.16642592476292156
RELIANCE,Energy,2026-08-11,1326.6,1328.7,1314.1,1323.9,9953124,-0.002561591200180735,1300.505,1301.0140000000001,1406.151,0.013465422238444862,1592.3,-0.16856120077874764
RELIANCE,Energy,2026-08-12,1323.9,1329.0,1309.2,1329.0,7901012,0.0038522547020167774,1302.18,1301.33,1405.5379999999998,0.013477250456420524,1592.3,-0.16535828675500847
RELIANCE,Energy,2026-08-13,1327.8,1327.8,1307.2,1317.0,9397301,-0.009029345372460473,1303.2,1301.596,1404.7025,0.013676616622396406,1592.3,-0.1728945550461596
RELIANCE,Energy,2026-08-14,1317.0,1317.5,1301.5,1310.0,10497358,-0.005315110098709219,1302.34,1301.976,1403.818,0.012635962873489873,1592.3,-0.17729071154933113
RELIANCE,Energy,2026-08-17,1314.0,1320.8,1298.1,1316.0,13383867,0.004580152671755711,1301.9850000000001,1303.03,1402.8770000000002,0.012672022154018615,1592.3,-0.17352257740375554
RELIANCE,Energy,2026-08-18,1314.0,1328.6,1311.2,1322.0,10180567,0.004559270516717229,1302.9,1304.086,1402.0445000000002,0.012238364342292179,1592.3,-0.16975444325817995
RELIANCE,Energy,2026-08-19,1320.3,1321.6,1303.5,1311.0,7489365,-0.008320726172465931,1304.02,1305.13,1401.1675,0.012085908771604894,1592.3,-0.1766626891917352
RELIANCE,Energy,2026-08-20,1315.5,1316.5,1307.0,1313.2,5546227,0.0016781083142638487,1306.0700000000002,1306.134,1400.31,0.011650520269132783,1592.3,-0.17528104000502412
RELIANCE,Energy,2026-08-21,1314.0,1316.0,1308.0,1316.0,5434871,0.002132196162046851,1307.97,1306.594,1399.5245000000002,0.011631263019392967,1592.3,-0.17352257740375554
RELIANCE,Energy,2026-08-24,1316.6,1320.0,1302.4,1309.8,7277167,-0.004711246200607921,1309.46,1306.65,1398.5929999999998,0.011714633566610391,1592.3,-0.17741631602085034
RELIANCE,Energy,2026-08-25,1304.3,1317.1,1300.0,1317.0,7115355,0.005497022446175004,1311.925,1306.414,1397.7879999999998,0.011464238223120097,1592.3,-0.1728945550461596
RELIANCE,Energy,2026-08-26,1310.0,1315.6,1298.0,1298.0,5744474,-0.014426727410782103,1313.0300000000002,1305.72,1396.8315,0.011973635491401983,1592.3,-0.1848269798404823
RELIANCE,Energy,2026-08-27,1305.0,1308.4,1282.2,1282.2,11271497,-0.012172573189522362,1312.4950000000001,1304.802,1395.7755000000002,0.011941487814900823,1592.3,-0.19474973309049798
RELIANCE,Energy,2026-08-28,1284.9,1291.8,1280.0,1287.0,6830228,0.0037435657463733563,1311.4550000000002,1304.3519999999999,1394.6530000000002,0.011657702326109945,1592.3,-0.19173522577403754
RELIANCE,Energy,2026-08-31,1278.7,1297.6,1271.0,1277.0,34871137,-0.007770007770007803,1309.355,1303.362,1393.4835,0.011543385324946384,1592.3,-0.19801544934999685
RELIANCE,Energy,2026-09-01,1285.0,1311.8,1280.0,1309.0,12613543,0.025058731401722767,1310.26,1303.3519999999999,1392.434,0.012014111868664717,1592.3,-0.17791873390692706
SBIN,Banking,2025-09-01,803.1,808.3,802.65,806.05,5619805,,,,,,806.05,0.0
SBIN,Banking,2025-09-02,806.3,810.5,802.65,803.9,5075460,-0.002667328329508112,,,,,806.05,-0.002667328329508067
SBIN,Banking,2025-09-03,804.3,813.3,803.0,812.15,4261589,0.010262470456524397,,,,,812.15,0.0
SBIN,Banking,2025-09-04,814.65,816.75,808.0,809.4,4471950,-0.0033860740011081303,,,,,812.15,-0.0033860740011081697
SBIN,Banking,2025-09-05,811.5,812.5,803.65,806.6,5194842,-0.003459352606869248,,,,,812.15,-0.006833712984054614
SBIN,Banking,2025-09-08,808.0,813.85,806.8,808.8,4614227,0.0027274981403420107,,,,,812.15,-0.004124853783168162
SBIN,Banking,2025-09-09,812.0,812.35,805.6,808.85,4567272,6.181998021759227e-05,,,,,812.15,-0.004063288801329747
SBIN,Banking,2025-09-10,812.0,824.6,810.4,818.2,7285853,0.011559621685108601,,,,,818.2,0.0
SBIN,Banking,2025-09-11,819.1,825.7,819.0,823.65,7425055,0.006660963089708982,,,,,823.65,0.0
SBIN,Banking,2025-09-12,824.1,825.8,819.8,823.55,5078018,-0.00012141079341954075,,,,,823.65,-0.0001214107934195626
SBIN,Banking,2025-09-15,823.55,827.8,821.1,824.75,3852494,0.0014571064294821578,,,,,824.75,0.0
SBIN,Banking,2025-09-16,825.1,833.0,821.65,831.55,9467531,0.008244922703849689,,,,,831.55,0.0
SBIN,Banking,2025-09-17,834.3,858.15,831.0,857.15,17243938,0.03078588178702435,,,,,857.15,0.0
SBIN,Banking,2025-09-18,858.65,860.8,851.1,854.35,10400847,-0.0032666394446712044,,,,,857.15,-0.0032666394446712412
SBIN,Banking,2025-09-19,852.0,864.45,849.3,862.35,15206426,0.009363843857903564,,,,,862.35,0.0
SBIN,Banking,2025-09-22,862.0,868.2,854.0,855.25,6594034,-0.008233315939003893,,,,,862.35,-0.00823331593900391
SBIN,Banking,2025-09-23,854.6,874.25,851.2,870.6,14357863,0.01794796843028368,,,,,870.6,0.0
SBIN,Banking,2025-09-24,876.0,880.5,864.45,866.2,12840160,-0.005053985756949153,,,,,870.6,-0.005053985756949204
SBIN,Banking,2025-09-25,866.55,870.15,859.95,861.15,8678821,-0.005830062341260711,,,,,870.6,-0.010854583046175103
SBIN,Banking,2025-09-26,862.0,864.35,853.0,856.95,6959545,-0.004877199094234341,833.0725,,,,870.6,-0.01567884217780838
SBIN,Banking,2025-09-29,858.05,873.5,856.0,870.75,22641712,0.01610362331524584,836.3075000000001,,,0.009904050540133973,870.75,0.0
SBIN,Banking,2025-09-30,869.95,877.6,867.6,872.45,12831593,0.0019523399368361893,839.735,,,0.009795759349395302,872.45,0.0
SBIN,Banking,2025-10-01,872.3,876.45,862.8,864.1,10832384,-0.009570749040059612,842.3325000000001,,,0.010141658900679026,872.45,-0.009570749040059627
SBIN,Banking,2025-10-03,865.15,873.0,863.8,867.3,8019442,0.0037032750839023354,845.2275,,,0.010024278971978504,872.45,-0.005902917072611715
SBIN,Banking,2025-10-06,868.0,875.3,862.8,874.05,7820352,0.0077827741265998895,848.6,,,0.00992777061667862,874.05,0.0
SBIN,Banking,2025-10-07,874.15,877.0,863.0,864.7,9242580,-0.010697328528116112,851.3950000000001,,,0.010462740978199754,874.05,-0.010697328528116137
SBIN,Banking,2025-10-08,866.8,867.8,857.25,858.25,7156112,-0.007459234416560712,853.865,,,0.010720961443738247,874.05,-0.018076769063554664
SBIN,Banking,2025-10-09,861.6,865.8,858.1,862.1,7020501,0.004485872414797587,856.0600000000001,,,0.010539649652704165,874.05,-0.013671986728447952
SBIN,Banking,2025-10-10,862.1,883.75,861.3,880.65,13713015,0.021517225379886318,858.9100000000001,,,0.011329715231326695,880.65,0.0
SBIN,Banking,2025-10-13,879.0,888.1,876.0,882.95,11923143,0.002611707261681806,861.8799999999999,,,0.011301303764624937,882.95,0.0
SBIN,Banking,2025-10-14,883.0,884.15,872.1,876.95,7681973,-0.006795401778130095,864.49,,,0.011530018994510196,882.95,-0.006795401778130132
SBIN,Banking,2025-10-15,878.1,887.5,877.05,886.1,8269225,0.010433890187582007,867.2175000000001,,,0.011591296495373724,886.1,0.0
SBIN,Banking,2025-10-16,888.3,891.85,882.45,886.95,8493686,0.0009592596772374229,868.7075000000001,,,0.009611017205824579,886.95,0.0
SBIN,Banking,2025-10-17,887.5,894.75,883.0,889.15,8511854,0.002480410395174326,870.4475,,,0.009538652760910824,889.15,0.0
SBIN,Banking,2025-10-20,894.6,913.65,891.05,907.5,13546463,0.020637687679244232,872.7049999999999,,,0.010297123428373016,907.5,0.0
SBIN,Banking,2025-10-21,908.0,910.0,906.4,907.85,1783576,0.00038567493112950935,875.335,,,0.009995597187646647,907.85,0.0
SBIN,Banking,2025-10-23,912.0,918.0,904.8,911.55,13382769,0.004075563143691063,877.3825,,,0.00936796299546699,911.55,0.0
SBIN,Banking,2025-10-24,910.95,914.1,900.95,904.5,5313227,-0.00773407931545167,879.2975,,,0.009497603406414826,911.55,-0.007734079315451654
SBIN,Banking,2025-10-27,906.95,928.0,906.0,922.75,9150761,0.020176893311221633,882.3775000000002,,,0.010100348824765586,922.75,0.0
SBIN,Banking,2025-10-28,927.1,935.85,917.7,930.25,22066289,0.008127878623679141,886.0425000000001,,,0.009949565241259986,930.25,0.0
SBIN,Banking,2025-10-29,933.9,942.05,930.25,939.75,12314222,0.010212308519215174,889.4925000000001,,,0.009660322155100647,939.75,0.0
SBIN,Banking,2025-10-30,939.45,944.9,933.05,934.35,13044473,-0.005746209098164368,892.5875,,,0.009891137832206786,939.75,-0.0057462090981643815
SBIN,Banking,2025-10-31,934.9,946.7,930.25,937.0,12078252,0.002836196286188253,896.2325000000001,,,0.009406797577236697,939.75,-0.002926310188880021
SBIN,Banking,2025-11-03,938.75,953.4,937.5,949.7,11744735,0.013553895410885808,900.3525,,,0.00963994304467151,949.7,0.0
SBIN,Banking,2025-11-04,951.0,959.3,941.5,957.6,19154518,0.008318416342002699,904.53,,,0.009650012442882888,957.6,0.0
SBIN,Banking,2025-11-06,969.65,971.4,955.3,960.75,23088096,0.0032894736842103978,909.3324999999999,,,0.008964043306083967,960.75,0.0
SBIN,Banking,2025-11-07,958.75,964.85,944.0,955.85,13371323,-0.0051001821493624755,914.2125,,,0.008801100907812071,960.75,-0.005100182149362454
SBIN,Banking,2025-11-10,956.0,963.2,949.1,951.15,7343249,-0.0049170895014908345,918.665,,,0.00910059915821042,960.75,-0.009992193598751
SBIN,Banking,2025-11-11,953.6,954.95,945.05,953.3,8648917,0.002260421594911355,922.2975,,,0.00823484202548903,960.75,-0.007754358574030753
SBIN,Banking,2025-11-12,957.7,961.55,951.4,957.15,7043323,0.004038602748347886,926.0074999999999,877.578,,0.008228329282540352,960.75,-0.0037470725995316398
SBIN,Banking,2025-11-13,954.25,963.95,952.45,954.0,8894441,-0.0032910202162670377,929.86,880.5369999999999,,0.008019330187331588,960.75,-0.00702576112412178
SBIN,Banking,2025-11-14,952.95,969.05,952.0,967.85,11032927,0.014517819706499013,933.9475,883.816,,0.008234196973028973,967.85,0.0
SBIN,Banking,2025-11-17,971.0,976.0,968.5,973.35,7415026,0.0056826987653044725,938.2674999999999,887.04,,0.008196334338483303,973.35,0.0
SBIN,Banking,2025-11-18,975.6,976.7,968.85,972.45,6594686,-0.000924641701340656,942.4325000000001,890.301,,0.008279594627759892,973.35,-0.0009246417013407071
SBIN,Banking,2025-11-19,972.45,984.45,968.8,982.75,8291226,0.010591804205871691,946.195,893.8240000000001,,0.007520230009194154,982.75,0.0
SBIN,Banking,2025-11-20,986.0,986.6,979.35,981.55,6440857,-0.0012210633426609219,949.8799999999999,897.279,,0.007569493314166893,982.75,-0.0012210633426609468
SBIN,Banking,2025-11-21,979.7,980.6,971.05,972.6,5377241,-0.009118231368753449,952.9324999999999,900.554,,0.008112282920261126,982.75,-0.010328160773340095
SBIN,Banking,2025-11-24,975.55,977.7,968.05,970.6,9901946,-0.002056343820686868,956.2375,903.6020000000001,,0.007799981498605336,982.75,-0.012363266344441595
SBIN,Banking,2025-11-25,975.55,988.95,971.35,983.6,9140201,0.013393777045126676,959.28,906.801,,0.007160775701055673,983.6,0.0
SBIN,Banking,2025-11-26,986.6,999.0,982.15,983.9,13943490,0.00030500203334682396,961.9625,910.008,,0.007092047009668658,983.9,0.0
SBIN,Banking,2025-11-27,986.7,988.55,968.9,972.85,11909168,-0.011230816139851552,963.6175,912.97,,0.007525109358902389,983.9,-0.011230816139851565
SBIN,Banking,2025-11-28,976.8,983.0,973.05,979.0,8117842,0.00632163231741778,965.85,915.9190000000001,,0.007373933203943327,983.9,-0.004980180912694357
SBIN,Banking,2025-12-01,985.45,991.2,969.85,973.1,8808306,-0.006026557711950931,967.6550000000001,918.238,,0.007606602809088765,983.9,-0.010976725276958995
SBIN,Banking,2025-12-02,976.0,980.45,964.9,967.3,13444314,-0.005960332956530756,968.5350000000001,920.4970000000001,,0.007280237805207059,983.9,-0.016871633296066696
SBIN,Banking,2025-12-03,970.45,972.55,947.55,951.05,14051968,-0.016799338364519745,968.2075000000001,922.271,,0.008065252608447284,983.9,-0.03338753938408377
SBIN,Banking,2025-12-04,951.05,952.55,944.45,948.1,13622724,-0.0031018348141527152,967.575,924.1279999999999,,0.008041618764771035,983.9,-0.036385811566216036
SBIN,Banking,2025-12-05,948.85,973.3,946.7,971.5,17347847,0.0246809408290265,968.3574999999998,926.146,,0.009747082552634411,983.9,-0.012602906799471469
SBIN,Banking,2025-12-08,970.85,972.5,951.7,956.4,15386438,-0.015542974781266095,968.6200000000001,927.95,,0.010349386221174114,983.9,-0.027949994918182744
SBIN,Banking,2025-12-09,954.8,964.0,950.45,959.35,9580294,0.003084483479715683,968.9224999999999,929.914,,0.01035912878835803,983.9,-0.024951722736050366
SBIN,Banking,2025-12-10,960.1,963.95,955.25,959.75,6989178,0.0004169489758689693,969.0525,931.97,,0.01032316442486923,983.9,-0.024545177355422276
SBIN,Banking,2025-12-11,962.1,966.5,958.45,963.25,5979035,0.0036467830164104154,969.515,933.82,,0.010316736761143716,983.9,-0.02098790527492629
SBIN,Banking,2025-12-12,966.0,967.0,958.0,963.15,5681930,-0.00010381520892810414,969.28,935.6339999999999,,0.009777542673467638,983.9,-0.021089541620083342
SBIN,Banking,2025-12-15,957.25,968.85,957.25,967.25,4416952,0.00425686549343296,968.975,937.697,,0.009737523094971787,983.9,-0.016922451468645166
SBIN,Banking,2025-12-16,966.05,969.0,958.05,961.15,4764786,-0.006306539157405089,968.4100000000001,939.574,,0.009830504044326088,983.9,-0.023122268523223907
SBIN,Banking,2025-12-17,965.55,978.5,964.3,975.85,8013382,0.015294178848254791,968.0649999999999,941.61,,0.010161386233943536,983.9,-0.00818172578514072
SBIN,Banking,2025-12-18,977.9,981.45,973.5,977.55,4926879,0.0017420710150124474,967.865,943.867,,0.01016890058907735,983.9,-0.006453907917471311
SBIN,Banking,2025-12-19,979.95,982.0,977.05,980.3,5376584,0.002813155337322959,968.25,946.3079999999999,,0.009963305486435668,983.9,-0.003658908425653037
SBIN,Banking,2025-12-22,981.1,983.0,972.55,974.3,5959037,-0.006120575334081391,968.4349999999998,948.552,,0.010057927679436793,983.9,-0.009757089135074726
SBIN,Banking,2025-12-23,976.3,977.55,970.7,971.9,5123287,-0.0024633069896335957,967.85,950.377,,0.009579944378499938,983.9,-0.01219636141884338
SBIN,Banking,2025-12-24,973.2,977.3,967.5,968.95,4105643,-0.00303529169667649,967.1025,952.097,,0.009593275361360312,983.9,-0.01519463360097564
SBIN,Banking,2025-12-26,968.95,971.0,964.75,966.3,3286321,-0.002734919242479039,966.775,953.8840000000001,,0.009286635849504983,983.9,-0.01788799674763698
SBIN,Banking,2025-12-29,966.9,968.9,961.45,965.05,5267233,-0.0012935941219083258,966.0775,955.4629999999999,,0.009156185780651634,983.9,-0.019158451062099832
SBIN,Banking,2025-12-30,963.0,976.2,959.5,973.45,15030644,0.008704212216983587,966.0949999999999,957.193,,0.009294703447166276,983.9,-0.010620998068909373
SBIN,Banking,2025-12-31,975.25,985.65,973.5,982.2,5807630,0.008988648620884554,966.8399999999999,959.054,,0.009385811504768122,983.9,-0.0017278178676694094
SBIN,Banking,2026-01-01,983.2,987.65,980.35,984.75,4328348,0.0025962125839951167,968.525,960.5989999999999,,0.008423686588709338,984.75,0.0
SBIN,Banking,2026-01-02,984.5,1009.5,983.95,998.95,7357435,0.014419903528814393,971.0675000000001,962.421,,0.008792739193391625,998.95,0.0
SBIN,Banking,2026-01-05,1000.0,1015.5,1000.0,1005.55,11259060,0.006606937284148184,972.7700000000001,964.3009999999999,,0.0071927336323577605,1005.55,0.0
SBIN,Banking,2026-01-06,1007.95,1024.0,1004.95,1018.9,9575742,0.01327631644373728,975.8950000000001,966.5889999999999,,0.006388075137053293,1018.9,0.0
SBIN,Banking,2026-01-07,1022.7,1022.7,1004.0,1007.15,7896720,-0.011532044361566407,978.2850000000001,968.2769999999999,,0.007186871562406792,1018.9,-0.011532044361566395
SBIN,Banking,2026-01-08,1006.6,1011.6,995.85,998.0,6854268,-0.009085041950057104,980.1975,969.632,,0.007629390584560943,1018.9,-0.020512317204828715
SBIN,Banking,2026-01-09,996.0,1008.0,994.0,1000.5,7809460,0.0025050100200401104,982.0600000000001,970.847,,0.007620556379129819,1018.9,-0.01805869074492097
SBIN,Banking,2026-01-12,1008.0,1017.25,996.0,1015.15,7617922,0.014642678660669706,984.6600000000001,972.4630000000001,,0.008111373304629856,1018.9,-0.0036804396898616155
SBIN,Banking,2026-01-13,1022.8,1029.5,1016.0,1028.45,11016895,0.013101512091809209,987.72,974.2919999999999,,0.00843735659934023,1028.45,0.0
SBIN,Banking,2026-01-14,1030.0,1030.4,1020.5,1028.35,7370514,-9.723370120096053e-05,991.0799999999999,975.865,,0.008183192261018367,1028.45,-9.723370120096885e-05
SBIN,Banking,2026-01-15,1028.35,1028.35,1028.35,1028.35,0,0.0,993.7049999999999,977.28,,0.007716093597051973,1028.45,-9.723370120096885e-05
SBIN,Banking,2026-01-16,1032.0,1047.45,1028.4,1042.3,11051580,0.01356542033354402,996.9424999999999,978.9110000000001,,0.008086751432033528,1042.3,0.0
SBIN,Banking,2026-01-19,1035.0,1043.6,1034.0,1038.4,5460164,-0.0037417250311808647,999.8475000000001,980.562,,0.008236527784923666,1042.3,-0.003741725031180911
SBIN,Banking,2026-01-20,1039.75,1052.0,1033.05,1036.4,8905718,-0.0019260400616333273,1002.9525000000001,982.2670000000002,,0.008045529787314225,1042.3,-0.005660558380504522
SBIN,Banking,2026-01-21,1032.0,1040.6,1022.0,1028.65,7408949,-0.00747780779621765,1005.79,983.7739999999999,,0.008302860517734077,1042.3,-0.013096037609133516
SBIN,Banking,2026-01-22,1035.0,1055.5,1034.05,1048.35,12001641,0.019151314830117006,1009.76,985.5980000000001,,0.008930209933777637,1048.35,0.0
SBIN,Banking,2026-01-23,1051.9,1053.0,1025.6,1029.5,10917698,-0.017980636237897585,1012.9200000000001,987.1080000000001,,0.01010702856958977,1048.35,-0.017980636237897564
SBIN,Banking,2026-01-27,1034.1,1055.0,1030.25,1053.15,14420630,0.022972316658572245,1017.325,988.814,,0.010957261280035583,1053.15,0.0
SBIN,Banking,2026-01-28,1059.4,1065.6,1044.15,1063.5,12171257,0.00982765987751022,1021.8275,990.617,,0.010983151091053916,1063.5,0.0
SBIN,Banking,2026-01-29,1063.0,1075.0,1060.3,1066.2,14800724,0.0025387870239774735,1026.0275,992.492,,0.010938730203402589,1066.2,0.0
SBIN,Banking,2026-01-30,1064.0,1082.5,1060.4,1077.15,9480769,0.010270118176702425,1030.6475,994.38,,0.011015010627342642,1077.15,0.0
SBIN,Banking,2026-02-02,1019.9,1031.3,990.0,1028.7,14434549,-0.04497980782620814,1032.135,995.323,,0.015363784711183028,1077.15,-0.044979807826208085
SBIN,Banking,2026-02-03,1087.0,1089.8,1040.3,1064.2,16129381,0.03450957519198994,1035.0674999999999,997.155,,0.017021542708097453,1077.15,-0.012022466694517982
SBIN,Banking,2026-02-04,1064.2,1073.9,1056.3,1068.2,7312276,0.0037586919751926295,1037.5324999999998,999.107,,0.016850631138967943,1077.15,-0.008308963468412055
SBIN,Banking,2026-02-05,1068.2,1081.0,1067.5,1073.5,9551567,0.0049616176745928,1040.85,1000.905,,0.01652821089836765,1077.15,-0.003388571693821743
SBIN,Banking,2026-02-06,1070.0,1073.6,1051.0,1066.4,7041557,-0.006613879832324088,1044.27,1002.555,,0.016439548204784424,1077.15,-0.009980039920159679
SBIN,Banking,2026-02-09,1120.0,1150.0,1100.5,1146.0,40852966,0.07464366091522878,1051.545,1006.018,,0.02287546480734048,1146.0,0.0
SBIN,Banking,2026-02-10,1151.0,1154.0,1138.1,1144.1,17280036,-0.0016579406631763716,1057.9924999999998,1009.32,,0.022881330721216373,1146.0,-0.0016579406631763447
SBIN,Banking,2026-02-11,1144.7,1187.5,1142.8,1182.9,29491859,0.033913119482562815,1065.7150000000001,1013.5160000000001,,0.02366939215448696,1182.9,0.0
SBIN,Banking,2026-02-12,1183.0,1203.7,1174.8,1192.4,33214985,0.008031109983937856,1073.9175,1018.0179999999999,,0.02360571877465719,1192.4,0.0
SBIN,Banking,2026-02-13,1189.0,1201.0,1184.5,1198.6,18141390,0.005199597450519899,1082.43,1022.969,,0.023545142914984885,1198.6,0.0
SBIN,Banking,2026-02-16,1194.0,1212.3,1185.3,1208.1,14972739,0.007925913565826725,1090.72,1028.169,,0.023508071540124634,1208.1,0.0
SBIN,Banking,2026-02-17,1206.1,1225.5,1204.1,1213.4,20107196,0.004387054051817163,1099.47,1033.007,,0.02337032078453007,1213.4,0.0
SBIN,Banking,2026-02-18,1218.8,1224.1,1214.0,1218.9,10417264,0.004532717982528522,1108.5949999999998,1038.257,,0.023269289220613863,1218.9,0.0
SBIN,Banking,2026-02-19,1222.9,1224.9,1199.2,1205.7,9630899,-0.010829436377061352,1117.4475,1043.1840000000002,,0.02340131830527503,1218.9,-0.010829436377061321
SBIN,Banking,2026-02-20,1206.2,1218.0,1201.8,1216.1,9958162,0.008625694617234725,1125.835,1048.3110000000001,,0.02326066685216348,1218.9,-0.0022971531708919366
SBIN,Banking,2026-02-23,1222.0,1231.1,1217.1,1227.8,9733835,0.00962091933229181,1135.75,1053.602,,0.0224618005595515,1227.8,0.0
SBIN,Banking,2026-02-24,1232.0,1234.7,1219.7,1223.3,15788449,-0.003665092034533357,1144.2575000000002,1058.805,,0.022384417038099222,1227.8,-0.0036650920345333115
SBIN,Banking,2026-02-25,1228.1,1228.1,1197.5,1200.1,19581100,-0.018965094416741657,1151.0875,1063.462,,0.02315634401274014,1227.8,-0.02256067763479398
SBIN,Banking,2026-02-26,1201.0,1215.4,1188.9,1209.5,16196052,0.00783268060994935,1158.2525,1068.4289999999999,,0.023141214608644725,1227.8,-0.014904707607102097
SBIN,Banking,2026-02-27,1207.0,1211.8,1198.6,1201.7,10700355,-0.006448945845390575,1164.48,1072.9460000000001,,0.023302129346061594,1227.8,-0.021257533800293132
SBIN,Banking,2026-03-02,1185.0,1197.3,1179.4,1189.9,16270835,-0.009819422484813156,1172.54,1077.193,,0.02042269408123323,1227.8,-0.030868219579736005
SBIN,Banking,2026-03-04,1172.1,1182.7,1157.6,1174.5,13855065,-0.012942264055803121,1178.055,1081.0770000000002,,0.01986819031276654,1227.8,-0.04341097898680563
SBIN,Banking,2026-03-05,1181.0,1183.2,1150.6,1169.5,22100665,-0.004257130693912314,1183.1200000000001,1084.981,,0.01997774050063195,1227.8,-0.04748330346962042
SBIN,Banking,2026-03-06,1168.5,1169.3,1138.0,1143.0,20333328,-0.022659256092347202,1186.595,1088.403,,0.020894117365842953,1227.8,-0.06906662322853882
SBIN,Banking,2026-03-09,1115.0,1115.0,1064.3,1098.5,24631198,-0.03893263342082243,1188.2,1090.9940000000001,,0.022861786007296638,1227.8,-0.10531031112559046
SBIN,Banking,2026-03-10,1111.1,1119.9,1104.5,1112.2,17491459,0.012471552116522622,1186.51,1093.912,,0.01545089303340673,1227.8,-0.09415214204267788
SBIN,Banking,2026-03-11,1113.4,1115.9,1088.0,1091.1,8364878,-0.018971408020140412,1183.8600000000001,1096.433,,0.015944311938299018,1227.8,-0.11133735136015642
SBIN,Banking,2026-03-12,1075.1,1098.0,1070.5,1085.2,14614140,-0.005407387040601064,1178.975,1098.6680000000001,,0.013485447670600576,1227.8,-0.11614269424987776
SBIN,Banking,2026-03-13,1077.5,1081.3,1042.3,1047.0,15978675,-0.03520088462956139,1171.7050000000002,1099.9640000000002,,0.014818413779148498,1227.8,-0.1472552532985828
SBIN,Banking,2026-03-16,1048.7,1073.0,1036.1,1066.7,15322269,0.018815663801337257,1165.1100000000001,1101.603,,0.015666683678566617,1227.8,-0.13121029483629248
SBIN,Banking,2026-03-17,1073.9,1073.9,1047.0,1064.7,16427877,-0.0018749414080809768,1157.94,1102.918,,0.01536867674481644,1227.8,-0.1328392246294184
SBIN,Banking,2026-03-18,1067.5,1075.4,1061.3,1069.8,10749915,0.004790081713158534,1150.76,1104.203,,0.015383524583869813,1227.8,-0.1286854536569474
SBIN,Banking,2026-03-19,1049.5,1059.7,1041.0,1048.9,13431191,-0.01953636193681052,1142.26,1104.803,,0.015444002349194214,1227.8,-0.14570776999511312
SBIN,Banking,2026-03-20,1058.4,1085.0,1054.0,1058.0,17748625,0.008675755553436915,1134.875,1105.82,,0.015825050982641146,1227.8,-0.13829613943639027
SBIN,Banking,2026-03-23,1039.0,1045.6,1014.2,1031.9,16039603,-0.024669187145557547,1125.665,1106.498,,0.015913055346934917,1227.8,-0.1595536732366834
SBIN,Banking,2026-03-24,1055.2,1059.0,1020.0,1030.8,30416734,-0.001065994766934919,1115.815,1107.104,,0.015461212092448143,1227.8,-0.16044958462290276
SBIN,Banking,2026-03-25,1043.0,1065.5,1043.0,1060.6,16205333,0.028909584788513687,1107.6799999999998,1108.013,,0.01757830567027154,1227.8,-0.13617853070532665
SBIN,Banking,2026-03-27,1051.3,1055.3,1013.0,1019.5,20445349,-0.038751650009428595,1098.65,1107.8339999999998,,0.01880347266867255,1227.8,-0.16965303795406414
SBIN,Banking,2026-03-30,1005.0,1009.4,975.8,979.4,21438137,-0.039333006375674384,1087.145,1106.855,,0.019657879477689127,1227.8,-0.2023130803062388
SBIN,Banking,2026-04-01,1008.0,1031.0,998.45,1017.8,17424479,0.03920767817030835,1077.95,1106.644,,0.02256582699140114,1227.8,-0.17103762827822122
SBIN,Banking,2026-04-02,1000.0,1026.0,977.9,1018.4,20777629,0.0005895067793280084,1069.375,1106.1660000000002,,0.02264222905968089,1227.8,-0.17054894934028342
SBIN,Banking,2026-04-06,1020.0,1035.7,1005.05,1032.75,23576634,0.014090730557737574,1062.2875,1106.053,,0.023102890112868785,1227.8,-0.15886137807460496
SBIN,Banking,2026-04-07,1025.0,1033.7,1012.0,1030.4,15021291,-0.002275478092471417,1055.3325,1105.933,,0.023115705956324215,1227.8,-0.16077537058152783
SBIN,Banking,2026-04-08,1074.0,1077.8,1059.45,1061.45,28533742,0.030133928571428603,1051.2549999999999,1106.5890000000002,,0.024112792504711728,1227.8,-0.135486235543248
SBIN,Banking,2026-04-09,1060.1,1064.35,1038.3,1040.95,24772948,-0.01931320363653488,1048.3775,1106.4409999999998,,0.022963564469123395,1227.8,-0.15218276592278865
SBIN,Banking,2026-04-10,1049.0,1069.45,1046.15,1066.7,17861336,0.024737019069119626,1046.1025,1107.185,,0.023539206078936385,1227.8,-0.13121029483629248
SBIN,Banking,2026-04-13,1042.0,1067.25,1030.0,1063.55,17763348,-0.0029530327177276217,1044.725,1107.393,,0.023195000777112455,1227.8,-0.13377585926046587
SBIN,Banking,2026-04-15,1076.0,1088.0,1068.2,1071.5,16195810,0.007474965916036025,1044.04,1107.553,,0.02324561175963393,1227.8,-0.12730086333279034
SBIN,Banking,2026-04-16,1078.0,1084.15,1062.0,1067.15,20313165,-0.00405972935137644,1045.0475000000001,1107.572,,0.021787501628768552,1227.8,-0.1308437856328391
SBIN,Banking,2026-04-17,1067.0,1082.15,1060.0,1080.25,16823879,0.01227568757906572,1045.725,1107.634,,0.021556734668062037,1227.8,-0.12017429548786444
SBIN,Banking,2026-04-20,1080.3,1120.95,1075.85,1107.85,31179584,0.02554964128673909,1047.8825000000002,1109.2169999999999,,0.02223565343746286,1227.8,-0.09769506434272687
SBIN,Banking,2026-04-21,1113.4,1114.75,1105.95,1111.85,16963734,0.003610597102495783,1049.985,1110.17,,0.02223005238007552,1227.8,-0.09443720475647503
SBIN,Banking,2026-04-22,1110.0,1117.85,1100.1,1103.3,12412659,-0.007689886225659914,1052.7050000000002,1110.872,,0.021774544638574873,1227.8,-0.1014008796220883
SBIN,Banking,2026-04-23,1095.0,1101.9,1082.2,1094.25,13669001,-0.008202664733073517,1054.5175000000002,1111.287,,0.02185999741003136,1227.8,-0.10877178693598302
SBIN,Banking,2026-04-24,1091.35,1106.0,1090.05,1101.1,13774745,0.006259995430660137,1057.9775,1111.981,,0.02095580084955492,1227.8,-0.10319270239452684
SBIN,Banking,2026-04-27,1110.95,1114.8,1103.4,1111.85,11624385,0.009762964308418942,1062.03,1111.2979999999998,,0.020972602879492746,1227.8,-0.09443720475647503
SBIN,Banking,2026-04-28,1102.3,1110.5,1089.15,1091.3,10727835,-0.018482708998515895,1063.565,1110.242,,0.02068554892037857,1227.8,-0.11117445838084379
SBIN,Banking,2026-04-29,1094.0,1105.0,1084.25,1086.9,10611104,-0.004031888573261089,1066.935,1108.322,,0.018454701467879548,1227.8,-0.1147581039257207
SBIN,Banking,2026-04-30,1075.0,1077.7,1063.0,1068.45,14269539,-0.01697488269390013,1071.3875,1105.843,,0.0162811266711905,1227.8,-0.1297849812673073
SBIN,Banking,2026-05-01,1068.45,1068.45,1068.45,1068.45,0,0.0,1073.92,1103.24,,0.014093767938159812,1227.8,-0.1297849812673073
SBIN,Banking,2026-05-04,1063.6,1089.1,1063.6,1068.4,11693211,-4.6796761664080755e-05,1076.4199999999998,1100.446,,0.014099084440281082,1227.8,-0.12982570451213543
SBIN,Banking,2026-05-05,1060.6,1068.5,1049.4,1059.9,12194631,-0.007955821789591866,1077.7775,1097.376,,0.014006162272314798,1227.8,-0.13674865613292056
SBIN,Banking,2026-05-06,1072.0,1101.1,1061.2,1096.0,14384779,0.0340598169638644,1081.0575000000001,1094.9180000000001,,0.01575316110325517,1227.8,-0.10734647336699785
SBIN,Banking,2026-05-07,1106.0,1108.0,1086.1,1092.0,16105163,-0.0036496350364964014,1082.585,1092.644,,0.014473231939830656,1227.8,-0.11060433295324969
SBIN,Banking,2026-05-08,1090.0,1095.0,1010.9,1019.3,48065909,-0.06657509157509167,1081.5025,1088.708,,0.02061056131097692,1227.8,-0.16981593093337677
SBIN,Banking,2026-05-11,1007.0,1007.0,971.1,973.6,46927396,-0.04483469047385458,1076.8475,1083.624,,0.021896660429893938,1227.8,-0.20703697670630392
SBIN,Banking,2026-05-12,976.9,981.4,962.4,974.6,25787092,0.00102711585866877,1072.4,1078.65,,0.021927832745928886,1227.8,-0.20622251180974097
SBIN,Banking,2026-05-13,978.0,981.2,961.2,970.1,17584580,-0.004617278883644604,1067.33,1074.05,,0.021757224671061965,1227.8,-0.20988760384427427
SBIN,Banking,2026-05-14,973.5,987.0,963.6,979.9,16487142,0.01010205133491393,1062.9675,1069.458,,0.022009133658665202,1227.8,-0.20190584785795732
SBIN,Banking,2026-05-15,971.2,972.5,957.0,963.2,26972493,-0.01704255536279209,1057.115,1064.688,,0.021842326559162992,1227.8,-0.21550741163055867
SBIN,Banking,2026-05-18,952.0,954.9,933.9,939.4,16554877,-0.02470930232558144,1048.6924999999999,1059.6779999999999,,0.020956878929482968,1227.8,-0.2348916761687571
SBIN,Banking,2026-05-19,942.0,956.6,939.5,948.8,17280869,0.010006387055567334,1040.5400000000002,1055.164,,0.021190858811222738,1227.8,-0.22723570614106534
SBIN,Banking,2026-05-20,941.1,955.0,935.0,950.9,11928460,0.0022133220910625084,1032.9199999999998,1050.792,,0.021305999174447175,1227.8,-0.2255253298582831
SBIN,Banking,2026-05-21,957.0,960.9,946.5,950.9,11756520,0.0,1025.7525,1046.95,,0.021364239644367955,1227.8,-0.2255253298582831
SBIN,Banking,2026-05-22,950.9,958.6,947.7,949.2,7807192,-0.001787779997896699,1018.1575,1043.964,,0.021180820211831923,1227.8,-0.22690992018244008
SBIN,Banking,2026-05-25,959.9,972.5,957.5,969.6,10934747,0.02149178255372952,1011.0450000000001,1041.112,,0.021827035882418872,1227.8,-0.21029483629255574
SBIN,Banking,2026-05-26,969.9,978.8,962.1,968.5,16269800,-0.0011344884488448947,1004.905,1038.66,,0.021673731684248698,1227.8,-0.21119074767877502
SBIN,Banking,2026-05-27,969.8,975.9,966.6,967.8,8111259,-0.0007227671657202839,998.95,1036.312,,0.021699935879447862,1227.8,-0.21176087310636912
SBIN,Banking,2026-05-28,967.8,967.8,967.8,967.8,0,0.0,993.9174999999999,1034.7279999999998,,0.021561393393348335,1227.8,-0.21176087310636912
SBIN,Banking,2026-05-29,967.8,973.7,960.3,964.4,22292535,-0.0035131225459805737,988.7149999999999,1032.682,,0.021535307430001926,1227.8,-0.21453005375468318
SBIN,Banking,2026-06-01,966.25,970.25,950.1,954.1,11118975,-0.010680215678141813,983.0,1030.47,,0.021540848028246743,1227.8,-0.2229190421892816
SBIN,Banking,2026-06-02,950.95,961.3,939.9,956.65,15911760,0.002672675820144521,977.8375,1028.2069999999999,,0.021605901596046688,1227.8,-0.22084215670304608
SBIN,Banking,2026-06-03,953.75,974.0,937.2,970.45,27947005,0.014425338420529954,971.5600000000001,1026.638,,0.020139528658084854,1227.8,-0.20960254113047722
SBIN,Banking,2026-06-04,969.9,985.8,961.1,979.25,18875883,0.00906795816373851,965.9225,1025.063,,0.020412130227842527,1227.8,-0.2024352500407232
SBIN,Banking,2026-06-05,980.0,992.6,970.6,977.7,20955539,-0.001582844013275464,963.8425000000001,1023.9789999999999,,0.014428402749032905,1227.8,-0.20369767063039576
SBIN,Banking,2026-06-08,966.0,988.65,965.15,981.95,12895416,0.004346936688145675,964.2599999999999,1023.002,,0.010356924667193797,1227.8,-0.20023619482000318
SBIN,Banking,2026-06-09,985.0,1009.0,983.0,1002.7,22142480,0.0211314221701715,965.665,1021.844,,0.011341815004959161,1227.8,-0.18333604821632182
SBIN,Banking,2026-06-10,1002.7,1012.4,999.5,1003.25,19122317,0.0005485189987035621,967.3225,1021.5190000000001,,0.011254052553839588,1227.8,-0.18288809252321223
SBIN,Banking,2026-06-11,998.1,1009.4,993.0,1000.7,13773978,-0.002541739347121763,968.3625,1021.945,,0.01111395169252521,1227.8,-0.18496497800944772
SBIN,Banking,2026-06-12,1018.0,1018.7,1004.35,1017.15,11081119,0.016438493054861558,971.0600000000001,1021.932,,0.010751528629808937,1227.8,-0.17156703046098712
SBIN,Banking,2026-06-15,1034.0,1034.0,1018.5,1020.85,12463437,0.003637614904389741,975.1325,1021.9809999999999,,0.008587041353906625,1227.8,-0.16855351034370414
SBIN,Banking,2026-06-16,1023.8,1026.55,1007.4,1015.3,9693677,-0.0054366459323114125,978.4574999999999,1021.632,,0.008730653107312436,1227.8,-0.17307379051962862
SBIN,Banking,2026-06-17,1017.0,1028.1,1013.45,1026.5,8190062,0.011031222298828025,982.2375,1021.5540000000001,,0.00888729074273577,1227.8,-0.16395178367812344
SBIN,Banking,2026-06-18,1027.9,1045.7,1024.45,1042.7,11048009,0.015781782756941087,986.8275,1021.179,,0.009220021950659163,1227.8,-0.15075745235380347
SBIN,Banking,2026-06-19,1042.0,1042.0,1029.3,1035.1,9099878,-0.007288769540615858,991.1224999999998,1021.062,997.66975,0.009500247223666606,1227.8,-0.15694738556768206
SBIN,Banking,2026-06-22,1038.0,1043.0,1033.6,1040.75,6209440,0.00545840981547685,994.68,1020.5429999999999,998.8432500000001,0.008615936737984041,1227.8,-0.15234565890210128
SBIN,Banking,2026-06-23,1041.0,1045.5,1022.35,1024.2,10411004,-0.015901993754503962,997.4649999999999,1019.7560000000001,999.9447499999999,0.009616130680462047,1227.8,-0.1658250529402182
SBIN,Banking,2026-06-24,1024.0,1044.5,1020.5,1034.6,11724076,0.010154266744776264,1000.8050000000001,1019.018,1001.057,0.00971092845289042,1227.8,-0.15735461801596357
SBIN,Banking,2026-06-25,1040.0,1055.4,1038.55,1045.4,16002360,0.010438816934080997,1004.6850000000001,1018.5830000000001,1002.237,0.009799405694998145,1227.8,-0.14855839713308347
SBIN,Banking,2026-06-26,1045.4,1045.4,1045.4,1045.4,0,0.0,1008.735,1017.8860000000001,1003.4309999999999,0.009690231405608141,1227.8,-0.14855839713308347
SBIN,Banking,2026-06-29,1044.45,1046.4,1030.85,1036.1,16818246,-0.008896116319112468,1012.835,1016.451,1004.5675,0.009554413482196886,1227.8,-0.1561329206711191
SBIN,Banking,2026-06-30,1040.0,1044.0,1025.05,1026.9,11161643,-0.008879451790367532,1016.3475000000001,1014.7520000000001,1005.65775,0.009989261991183176,1227.8,-0.16362599771949818
SBIN,Banking,2026-07-01,1031.0,1049.9,1025.5,1047.4,6295315,0.01996299542311819,1020.195,1013.6339999999999,1006.80375,0.010374526274076793,1227.8,-0.14692946733995754
SBIN,Banking,2026-07-02,1050.9,1059.8,1045.0,1051.6,14682790,0.004009929348863572,1023.8125,1012.7810000000001,1007.9434999999999,0.010302637861285447,1227.8,-0.14350871477439325
SBIN,Banking,2026-07-03,1055.0,1057.0,1034.5,1040.0,10441493,-0.011030810193989993,1026.9275,1011.5590000000001,1009.02575,0.010760229357135258,1227.8,-0.1529565075745235
SBIN,Banking,2026-07-06,1041.9,1048.4,1036.5,1037.7,8761017,-0.0022115384615384315,1029.7150000000001,1010.076,1010.0905,0.010821537749680248,1227.8,-0.15482977683661828
SBIN,Banking,2026-07-07,1039.3,1049.6,1035.5,1038.1,11053574,0.00038546786161686164,1031.4850000000001,1009.012,1011.12325,0.009931661842389026,1227.8,-0.1545039908779932
SBIN,Banking,2026-07-08,1029.6,1038.3,1011.7,1016.9,14141694,-0.020421924670070202,1032.1675,1007.612,1011.922,0.011106347029617346,1227.8,-0.17177064668512787
SBIN,Banking,2026-07-09,1019.8,1031.7,1019.3,1022.1,7661699,0.005113580489723768,1033.2375,1006.685,1012.7607499999999,0.011119400639605896,1227.8,-0.16753542922300044
SBIN,Banking,2026-07-10,1029.5,1047.8,1023.5,1036.0,8792150,0.013599452108404186,1034.1799999999998,1006.036,1013.6290000000001,0.010930022168676397,1227.8,-0.15621436716077533
SBIN,Banking,2026-07-13,1023.5,1042.9,1022.1,1037.0,8381510,0.0009652509652509078,1034.9875,1005.408,1014.5377500000001,0.010912082845224016,1227.8,-0.15539990226421238
SBIN,Banking,2026-07-14,1033.3,1033.7,1011.4,1015.4,11562326,-0.0208293153326905,1034.9925,1004.518,1015.26175,0.011878255090458296,1227.8,-0.1729923440299723
SBIN,Banking,2026-07-15,1015.5,1036.0,1013.7,1030.1,14275394,0.014477053377978999,1035.1725000000001,1003.2,1016.08125,0.01206904004681091,1227.8,-0.16101971005049687
SBIN,Banking,2026-07-16,1030.1,1036.0,1027.3,1031.2,7708316,0.0010678574895641724,1034.5975,1001.984,1016.9314999999999,0.01150746741454785,1227.8,-0.1601237986642775
SBIN,Banking,2026-07-17,1030.6,1048.0,1028.3,1044.3,8452780,0.012703646237393285,1035.0575000000001,1002.4839999999999,1017.86825,0.01175166769269738,1227.8,-0.14945430851930283
SBIN,Banking,2026-07-20,1041.6,1065.0,1038.3,1060.0,16540411,0.015033994063008649,1036.02,1004.212,1018.8145,0.012152193203648793,1227.8,-0.13666720964326434
SBIN,Banking,2026-07-21,1056.2,1067.0,1042.8,1044.4,10514887,-0.014716981132075424,1037.0300000000002,1005.6080000000001,1019.67425,0.012068110994651257,1227.8,-0.14937286202964642
SBIN,Banking,2026-07-22,1044.4,1044.4,1019.2,1025.0,11227214,-0.018575258521639326,1036.55,1006.706,1020.47875,0.01262397150272787,1227.8,-0.1651734810229679
SBIN,Banking,2026-07-23,1022.0,1023.1,1006.5,1012.6,8910230,-0.012097560975609767,1034.91,1007.36,1021.2052500000001,0.012612296027047075,1227.8,-0.17527284574034854
SBIN,Banking,2026-07-24,1006.0,1017.8,1000.8,1015.0,13797053,0.0023701362828363326,1033.3899999999999,1008.396,1021.91,0.012638408062224675,1227.8,-0.17331812998859747
SBIN,Banking,2026-07-27,1020.3,1023.7,1015.9,1020.6,6093002,0.0055172413793103114,1032.615,1010.02,1022.6895000000001,0.012599254797104682,1227.8,-0.1687571265678449
SBIN,Banking,2026-07-28,1018.0,1022.0,1008.3,1013.2,9873370,-0.007250636880266503,1031.9299999999998,1011.308,1023.46425,0.012548612182684315,1227.8,-0.17478416680241074
SBIN,Banking,2026-07-29,1020.0,1020.2,1012.0,1013.7,4792964,0.0004934859849980988,1030.245,1012.564,1024.22225,0.011588180991027486,1227.8,-0.17437693435412926
SBIN,Banking,2026-07-30,1013.5,1028.3,1007.6,1025.3,6847458,0.01144322777942186,1028.9299999999998,1014.052,1024.9455,0.011891784742254108,1227.8,-0.16492914155399904
SBIN,Banking,2026-07-31,1028.1,1034.3,1023.5,1027.4,10921417,0.0020481810201893325,1028.3,1015.6160000000001,1025.6677499999998,0.011680351534894388,1227.8,-0.1632187652712167
SBIN,Banking,2026-08-03,1035.0,1051.5,1031.6,1045.0,10507450,0.017130620985010614,1028.665,1017.1240000000001,1026.5079999999998,0.012318356413787045,1227.8,-0.14888418309170873
SBIN,Banking,2026-08-04,1047.6,1047.6,1030.9,1042.7,8544184,-0.0022009569377989813,1028.895,1018.6080000000001,1027.2910000000002,0.01233233834034564,1227.8,-0.15075745235380347
SBIN,Banking,2026-08-05,1043.0,1055.0,1040.3,1055.0,8707119,0.011796298072312306,1030.8,1020.352,1028.13125,0.011564296543838486,1227.8,-0.14073953412607915
SBIN,Banking,2026-08-06,1052.5,1088.1,1052.5,1085.0,13822265,0.028436018957346043,1033.9450000000002,1022.696,1029.1105,0.012992617791626327,1227.8,-0.11630558722919039
SBIN,Banking,2026-08-07,1080.1,1124.5,1075.7,1097.2,29410622,0.011244239631336361,1037.0049999999999,1025.352,1030.0590000000002,0.012902526218570857,1227.8,-0.10636911549112227
SBIN,Banking,2026-08-10,1108.0,1113.3,1068.6,1071.0,16623448,-0.02387896463725847,1038.705,1027.69,1030.87475,0.014231472371214136,1227.8,-0.1277080957810718
SBIN,Banking,2026-08-11,1071.0,1071.0,1060.4,1066.0,9456913,-0.00466853408029877,1041.235,1029.8770000000002,1031.6470000000002,0.013313522624662824,1227.8,-0.1317804202638866
SBIN,Banking,2026-08-12,1066.0,1085.5,1066.0,1082.0,17673922,0.015009380863039379,1043.83,1032.108,1032.5345000000002,0.01333919547134327,1227.8,-0.11874898191887927
SBIN,Banking,2026-08-13,1083.0,1086.8,1073.0,1083.0,9502483,0.0009242144177448175,1046.42,1034.183,1033.3357500000002,0.013340071456745907,1227.8,-0.1179345170223163
SBIN,Banking,2026-08-14,1082.0,1082.0,1065.1,1067.7,6273501,-0.014127423822714591,1047.59,1035.983,1034.0230000000001,0.013610363899737854,1227.8,-0.13039582993972954
SBIN,Banking,2026-08-17,1064.2,1068.8,1052.4,1061.2,7039473,-0.006087852392994253,1047.65,1037.568,1034.6302500000002,0.01329597991892344,1227.8,-0.13568985176738876
SBIN,Banking,2026-08-18,1059.6,1067.7,1053.0,1053.0,5583771,-0.007727101394647606,1048.08,1038.5739999999998,1035.2235,0.012972827531196532,1227.8,-0.14236846391920505
SBIN,Banking,2026-08-19,1053.2,1054.8,1041.4,1048.6,7182636,-0.004178537511870917,1049.2599999999998,1039.481,1035.7815,0.012237862948718536,1227.8,-0.14595210946408213
SBIN,Banking,2026-08-20,1052.9,1052.9,1045.7,1048.0,5879949,-0.0005721914934196937,1051.03,1040.4270000000001,1036.2730000000001,0.011843250431807171,1227.8,-0.14644078840201985
SBIN,Banking,2026-08-21,1052.7,1054.7,1040.1,1048.7,6534213,0.0006679389312977957,1052.715,1041.058,1036.7285,0.01184494818061689,1227.8,-0.14587066297442575
SBIN,Banking,2026-08-24,1047.9,1047.9,1032.1,1039.5,8868193,-0.008772766282063582,1053.66,1041.431,1037.12225,0.012032143541324635,1227.8,-0.15336374002280498
SBIN,Banking,2026-08-25,1036.0,1048.0,1031.3,1048.0,9982723,0.008177008177008283,1055.4,1042.085,1037.583,0.011970647334064667,1227.8,-0.14644078840201985
SBIN,Banking,2026-08-26,1051.4,1062.3,1051.2,1052.0,5858099,0.003816793893129722,1057.315,1042.595,1038.0872499999998,0.011975238062351885,1227.8,-0.143182928815768
SBIN,Banking,2026-08-27,1052.0,1054.4,1042.9,1042.9,4788716,-0.008650190114068312,1058.1950000000002,1042.5990000000002,1038.53525,0.011977456714986772,1227.8,-0.15059455937449084
SBIN,Banking,2026-08-28,1046.0,1051.2,1040.5,1047.5,4969272,0.004410777639274999,1059.2,1042.8470000000002,1038.987,0.012000804417750035,1227.8,-0.14684802085030133
SBIN,Banking,2026-08-31,1041.2,1060.0,1034.5,1060.0,5138732,0.01193317422434359,1059.95,1043.2320000000002,1039.517,0.011686120174971228,1227.8,-0.13666720964326434
SBIN,Banking,2026-09-01,1051.3,1051.3,1027.1,1034.5,7604124,-0.024056603773584873,1059.54,1043.438,1039.85025,0.012934498196019783,1227.8,-0.15743606450561978
SUNPHARMA,Healthcare,2025-09-01,1599.0,1600.2,1556.2,1563.3,9366820,,,,,,1563.3,0.0
SUNPHARMA,Healthcare,2025-09-02,1566.0,1570.3,1558.0,1565.2,2855840,0.0012153777266039612,,,,,1565.2,0.0
SUNPHARMA,Healthcare,2025-09-03,1562.1,1581.1,1558.3,1578.7,2091370,0.008625095834398078,,,,,1578.7,0.0
SUNPHARMA,Healthcare,2025-09-04,1597.0,1597.0,1561.0,1582.3,2298657,0.002280357255969978,,,,,1582.3,0.0
SUNPHARMA,Healthcare,2025-09-05,1582.4,1599.3,1575.5,1593.6,1814479,0.007141502875560812,,,,,1593.6,0.0
SUNPHARMA,Healthcare,2025-09-08,1597.6,1604.5,1578.2,1581.0,1369139,-0.007906626506024028,,,,,1593.6,-0.00790662650602404
SUNPHARMA,Healthcare,2025-09-09,1580.0,1597.0,1577.5,1591.7,1709406,0.006767868437697722,,,,,1593.6,-0.0011922690763051353
SUNPHARMA,Healthcare,2025-09-10,1592.1,1601.6,1582.4,1593.4,2408379,0.001068040459885733,,,,,1593.6,-0.0001255020080320144
SUNPHARMA,Healthcare,2025-09-11,1592.5,1617.0,1591.0,1609.7,1762484,0.010229697502196489,,,,,1609.7,0.0
SUNPHARMA,Healthcare,2025-09-12,1610.0,1622.5,1603.1,1616.6,1878894,0.004286513014847504,,,,,1616.6,0.0
SUNPHARMA,Healthcare,2025-09-15,1616.6,1617.1,1595.4,1602.0,2005917,-0.009031300259804476,,,,,1616.6,-0.009031300259804472
SUNPHARMA,Healthcare,2025-09-16,1602.5,1615.0,1600.0,1610.5,1480567,0.005305867665418296,,,,,1616.6,-0.003773351478411425
SUNPHARMA,Healthcare,2025-09-17,1612.6,1622.1,1607.4,1620.2,2128406,0.006022974231605138,,,,,1620.2,0.0
SUNPHARMA,Healthcare,2025-09-18,1635.1,1651.3,1627.7,1648.6,1832386,0.01752870016047403,,,,,1648.6,0.0
SUNPHARMA,Healthcare,2025-09-19,1648.6,1668.1,1643.1,1656.0,3191406,0.004488657042339028,,,,,1656.0,0.0
SUNPHARMA,Healthcare,2025-09-22,1650.0,1657.9,1635.3,1644.0,1785320,-0.007246376811594235,,,,,1656.0,-0.007246376811594203
SUNPHARMA,Healthcare,2025-09-23,1643.2,1644.0,1625.1,1631.2,1967731,-0.007785888077858849,,,,,1656.0,-0.014975845410627991
SUNPHARMA,Healthcare,2025-09-24,1630.0,1635.9,1625.0,1627.1,1131058,-0.0025134870034331236,,,,,1656.0,-0.017451690821256093
SUNPHARMA,Healthcare,2025-09-25,1627.9,1642.8,1622.7,1627.4,2762750,0.0001843771126546212,,,,,1656.0,-0.017270531400966127
SUNPHARMA,Healthcare,2025-09-26,1585.0,1602.9,1548.0,1586.7,7256759,-0.02500921715620008,1606.46,,,,1656.0,-0.041847826086956495
SUNPHARMA,Healthcare,2025-09-29,1581.0,1618.9,1580.0,1589.3,4180922,0.0016386210373731114,1607.76,,,0.009092004222307663,1656.0,-0.04027777777777781
SUNPHARMA,Healthcare,2025-09-30,1589.1,1604.3,1586.0,1594.3,2257443,0.0031460391367268414,1609.215,,,0.009106163505801922,1656.0,-0.037258454106280224
SUNPHARMA,Healthcare,2025-10-01,1611.9,1651.5,1611.9,1636.2,3109095,0.026281126513203246,1612.09,,,0.010618512218125686,1656.0,-0.011956521739130407
SUNPHARMA,Healthcare,2025-10-03,1600.0,1645.5,1600.0,1631.2,4041865,-0.003055861141669669,1614.535,,,0.010673864639446258,1656.0,-0.014975845410627991
SUNPHARMA,Healthcare,2025-10-06,1630.0,1659.7,1620.0,1654.7,1756916,0.01440657184894567,1617.5900000000001,,,0.01099207994392446,1656.0,-0.0007850241545893445
SUNPHARMA,Healthcare,2025-10-07,1649.4,1663.0,1647.0,1653.1,2174852,-0.0009669426482142862,1621.1950000000002,,,0.010772217041330343,1656.0,-0.001751207729468654
SUNPHARMA,Healthcare,2025-10-08,1645.0,1655.0,1629.0,1631.6,1846507,-0.013005867763595691,1623.19,,,0.011236753503887253,1656.0,-0.014734299516908267
SUNPHARMA,Healthcare,2025-10-09,1645.0,1662.3,1632.4,1658.5,2197566,0.01648688404020593,1626.445,,,0.01173786351222571,1658.5,0.0
SUNPHARMA,Healthcare,2025-10-10,1655.0,1676.6,1649.0,1670.9,1454056,0.007476635514018781,1629.5049999999999,,,0.011652966597966195,1670.9,0.0
SUNPHARMA,Healthcare,2025-10-13,1662.5,1675.0,1655.8,1668.4,1375179,-0.0014961996528817245,1632.095,,,0.011663205012079082,1670.9,-0.0014961996528816805
SUNPHARMA,Healthcare,2025-10-14,1667.6,1669.9,1646.2,1654.4,2108287,-0.00839127307600096,1634.715,,,0.011633215693910277,1670.9,-0.00987491770901909
SUNPHARMA,Healthcare,2025-10-15,1652.5,1668.7,1650.1,1655.1,2088737,0.00042311411992246306,1636.9450000000002,,,0.011604200962298175,1670.9,-0.00945598180621233
SUNPHARMA,Healthcare,2025-10-16,1654.0,1662.9,1643.2,1659.0,2895957,0.0023563530904477936,1638.8849999999998,,,0.011556696047275675,1670.9,-0.007121910347716853
SUNPHARMA,Healthcare,2025-10-17,1658.2,1692.0,1656.7,1679.1,1594147,0.012115732368896959,1640.4099999999999,,,0.011213621999860852,1679.1,0.0
SUNPHARMA,Healthcare,2025-10-20,1684.9,1696.9,1682.8,1688.6,1647622,0.005657792865225497,1642.0400000000002,,,0.011235918930555403,1688.6,0.0
SUNPHARMA,Healthcare,2025-10-21,1690.0,1696.0,1684.0,1690.5,74296,0.0011251924671324964,1644.3650000000002,,,0.011065814112521628,1690.5,0.0
SUNPHARMA,Healthcare,2025-10-23,1705.0,1712.0,1682.2,1689.9,2687094,-0.0003549245785270383,1647.3,,,0.010862133627358958,1690.5,-0.0003549245785270092
SUNPHARMA,Healthcare,2025-10-24,1690.0,1701.9,1686.0,1699.0,994307,0.005384934019764476,1650.895,,,0.010839646317737246,1699.0,0.0
SUNPHARMA,Healthcare,2025-10-27,1701.0,1708.5,1690.0,1693.6,2067904,-0.0031783402001177574,1654.205,,,0.010898804074943497,1699.0,-0.00317834020011777
SUNPHARMA,Healthcare,2025-10-28,1692.0,1702.7,1679.2,1687.0,2440939,-0.0038970240906943676,1659.22,,,0.008996166057713084,1699.0,-0.007062978222483814
SUNPHARMA,Healthcare,2025-10-29,1690.0,1722.0,1687.3,1715.9,1016738,0.017131001778304844,1665.55,,,0.00951504460438125,1715.9,0.0
SUNPHARMA,Healthcare,2025-10-30,1715.8,1716.9,1680.1,1703.4,1986233,-0.0072848068069234495,1671.0049999999999,,,0.009837913687703733,1715.9,-0.00728480680692348
SUNPHARMA,Healthcare,2025-10-31,1700.0,1705.0,1686.8,1690.7,1560918,-0.007455676881531037,1673.73,,,0.008502774048296472,1715.9,-0.014686170522757763
SUNPHARMA,Healthcare,2025-11-03,1688.2,1712.8,1681.2,1706.4,1099955,0.009286094517063859,1677.4900000000002,,,0.008588871946692217,1715.9,-0.005536453173261845
SUNPHARMA,Healthcare,2025-11-04,1707.0,1711.2,1682.2,1690.0,1597993,-0.00961087669948435,1679.2549999999999,,,0.008484132564131084,1715.9,-0.015094119703945504
SUNPHARMA,Healthcare,2025-11-06,1699.0,1723.9,1667.0,1685.9,3389867,-0.0024260355029585012,1680.895,,,0.008508988776383357,1715.9,-0.01748353633661635
SUNPHARMA,Healthcare,2025-11-07,1694.0,1710.0,1683.1,1691.4,1512908,0.0032623524526957937,1683.8850000000002,,,0.007849969962687199,1715.9,-0.014278221341570021
SUNPHARMA,Healthcare,2025-11-10,1697.5,1703.1,1685.8,1697.8,1235665,0.003783847700129961,1685.85,,,0.0070776049265693,1715.9,-0.010548400256425278
SUNPHARMA,Healthcare,2025-11-11,1701.6,1719.0,1695.0,1716.1,1315353,0.010778654729650006,1688.11,,,0.007267798691992301,1716.1,0.0
SUNPHARMA,Healthcare,2025-11-12,1721.4,1744.1,1710.2,1732.1,1833097,0.009323465998484881,1691.295,1646.866,,0.007444503410702186,1732.1,0.0
SUNPHARMA,Healthcare,2025-11-13,1734.5,1747.8,1725.4,1737.4,1727602,0.003059869522545,1695.4450000000002,1650.348,,0.00704062153936416,1737.4,0.0
SUNPHARMA,Healthcare,2025-11-14,1737.4,1760.1,1734.7,1757.1,1667322,0.011338782088177624,1700.545,1654.1860000000001,,0.007291871945388522,1757.1,0.0
SUNPHARMA,Healthcare,2025-11-17,1765.8,1768.0,1747.7,1763.9,1430618,0.0038700130897502127,1705.7899999999997,1657.89,,0.007292478519538065,1763.9,0.0
SUNPHARMA,Healthcare,2025-11-18,1764.0,1764.5,1750.0,1758.8,1429522,-0.002891320369635575,1709.775,1661.42,,0.007084607235876024,1763.9,-0.002891320369635544
SUNPHARMA,Healthcare,2025-11-19,1762.0,1790.3,1751.1,1784.1,2131124,0.014384807823516033,1714.55,1665.23,,0.007552668596703469,1784.1,0.0
SUNPHARMA,Healthcare,2025-11-20,1790.0,1792.0,1773.1,1777.4,1513894,-0.003755394876968632,1718.895,1669.158,,0.007686659306005959,1784.1,-0.003755394876968678
SUNPHARMA,Healthcare,2025-11-21,1778.0,1787.4,1773.7,1779.7,2199311,0.0012940249803083947,1723.3849999999998,1672.918,,0.007662808842997463,1784.1,-0.0024662294714421075
SUNPHARMA,Healthcare,2025-11-24,1785.9,1785.9,1771.8,1780.8,3434492,0.0006180816991627758,1727.475,1676.6660000000002,,0.007646395935279642,1784.1,-0.0018496721035816124
SUNPHARMA,Healthcare,2025-11-25,1785.0,1792.1,1766.1,1776.8,1848114,-0.002246181491464494,1731.6350000000002,1680.0080000000003,,0.00761349242203753,1784.1,-0.0040916988958017795
SUNPHARMA,Healthcare,2025-11-26,1775.5,1806.9,1773.6,1804.9,1158948,0.015814948221521963,1737.53,1683.774,,0.008016788887697012,1804.9,0.0
SUNPHARMA,Healthcare,2025-11-27,1802.1,1814.9,1802.1,1810.3,2902053,0.002991855504459906,1742.25,1687.94,,0.007338181780070017,1810.3,0.0
SUNPHARMA,Healthcare,2025-11-28,1810.3,1833.0,1807.5,1831.6,1623103,0.011766005634425314,1748.6599999999999,1692.362,,0.007208250714584399,1831.6,0.0
SUNPHARMA,Healthcare,2025-12-01,1841.0,1849.0,1801.0,1807.4,1869293,-0.01321249181043882,1754.4950000000001,1696.106,,0.0077686178736262376,1831.6,-0.013212491810438862
SUNPHARMA,Healthcare,2025-12-02,1804.0,1814.9,1788.6,1799.5,2948688,-0.004370919552948993,1759.15,1699.124,,0.00782141011470285,1831.6,-0.01752566062459047
SUNPHARMA,Healthcare,2025-12-03,1805.0,1816.0,1782.5,1806.7,2114510,0.004001111419838832,1764.985,1702.138,,0.007267425116179667,1831.6,-0.013594671325616873
SUNPHARMA,Healthcare,2025-12-04,1808.4,1823.2,1798.3,1818.3,1713961,0.006420545746388395,1771.605,1705.624,,0.007164625960910144,1831.6,-0.007261410788381719
SUNPHARMA,Healthcare,2025-12-05,1819.0,1820.2,1800.2,1805.3,1777401,-0.007149535280206787,1777.3,1709.106,,0.007573256069566836,1831.6,-0.014359030355972895
SUNPHARMA,Healthcare,2025-12-08,1805.3,1806.0,1785.7,1796.2,2410074,-0.005040713454827372,1782.22,1712.4879999999998,,0.0077967975860918845,1831.6,-0.01932736405328667
SUNPHARMA,Healthcare,2025-12-09,1796.0,1801.2,1772.0,1776.0,2401728,-0.011245963701146944,1785.2150000000001,1715.46,,0.008164685721613347,1831.6,-0.030355972919851447
SUNPHARMA,Healthcare,2025-12-10,1787.9,1791.7,1767.9,1785.5,2321746,0.005349099099099197,1787.8849999999998,1719.4360000000001,,0.008017660060401376,1831.6,-0.025169250928150203
SUNPHARMA,Healthcare,2025-12-11,1778.0,1810.5,1775.1,1807.2,1280916,0.01215345841500981,1791.375,1723.7939999999999,,0.008358407712269212,1831.6,-0.013321685957632596
SUNPHARMA,Healthcare,2025-12-12,1808.0,1811.8,1791.0,1793.5,1442309,-0.007580787959274082,1793.1949999999997,1727.7779999999998,,0.008316908681027364,1831.6,-0.020801485040401784
SUNPHARMA,Healthcare,2025-12-15,1779.0,1804.6,1777.6,1797.1,1396948,0.0020072483969890698,1794.8550000000002,1730.996,,0.008294165904625372,1831.6,-0.018835990390915047
SUNPHARMA,Healthcare,2025-12-16,1790.0,1791.9,1778.3,1781.3,1533979,-0.008791942574147171,1795.98,1733.9980000000003,,0.008539878824080272,1831.6,-0.027462328019218146
SUNPHARMA,Healthcare,2025-12-17,1781.0,1797.6,1771.5,1792.9,1910628,0.006512097906023806,1796.42,1736.7620000000002,,0.008041346984349954,1831.6,-0.021129067481982868
SUNPHARMA,Healthcare,2025-12-18,1785.0,1785.0,1736.0,1745.9,3461351,-0.026214512800490808,1794.845,1738.618,,0.00997077086121711,1831.6,-0.046789692072504815
SUNPHARMA,Healthcare,2025-12-19,1747.0,1760.0,1741.2,1744.9,2768986,-0.0005727704908643494,1793.1050000000002,1740.884,,0.009958410905593556,1831.6,-0.04733566280847337
SUNPHARMA,Healthcare,2025-12-22,1744.9,1773.2,1743.1,1769.8,1467257,0.014270158748352246,1792.5549999999998,1743.11,,0.010522706205781364,1831.6,-0.033740991482856496
SUNPHARMA,Healthcare,2025-12-23,1772.0,1774.6,1751.7,1755.9,1124853,-0.007853994801672481,1791.5099999999998,1744.81,,0.010652415289789307,1831.6,-0.0413299847128193
SUNPHARMA,Healthcare,2025-12-24,1755.9,1759.0,1719.0,1737.0,2224786,-0.010763710917478297,1788.1150000000002,1746.182,,0.010151132548628069,1831.6,-0.05164883162262498
SUNPHARMA,Healthcare,2025-12-26,1737.0,1737.0,1708.0,1719.5,2507337,-0.010074841681059321,1783.575,1747.484,,0.01024208606322394,1831.6,-0.061203319502074645
SUNPHARMA,Healthcare,2025-12-29,1719.5,1727.5,1710.3,1717.2,1800816,-0.0013375981389938119,1777.855,1748.726,,0.009684059033031668,1831.6,-0.062459052194802286
SUNPHARMA,Healthcare,2025-12-30,1723.1,1723.1,1707.0,1720.2,2639497,0.0017470300489168533,1773.4950000000001,1749.95,,0.009442677118377464,1831.6,-0.06082113998689663
SUNPHARMA,Healthcare,2025-12-31,1720.2,1725.6,1715.5,1719.7,1428439,-0.00029066387629350654,1769.5049999999999,1750.7620000000002,,0.009442541321163109,1831.6,-0.06109412535488091
SUNPHARMA,Healthcare,2026-01-01,1720.0,1726.0,1708.9,1721.1,877515,0.0008140954817699164,1765.225,1751.4119999999998,,0.009358497016069469,1831.6,-0.06032976632452501
SUNPHARMA,Healthcare,2026-01-02,1721.1,1732.0,1719.4,1728.0,974123,0.004009063970716431,1760.7099999999998,1752.1619999999998,,0.009254066503598418,1831.6,-0.05656256824634195
SUNPHARMA,Healthcare,2026-01-05,1728.0,1746.0,1723.4,1728.9,1416698,0.0005208333333333037,1756.8899999999999,1752.942,,0.009210190978155602,1831.6,-0.0560711945839702
SUNPHARMA,Healthcare,2026-01-06,1725.7,1762.6,1725.7,1760.2,1658801,0.018103996760946206,1755.0900000000001,1754.1660000000002,,0.010222226211186717,1831.6,-0.03898231054815455
SUNPHARMA,Healthcare,2026-01-07,1755.0,1806.6,1748.5,1782.6,3059500,0.012725826610612279,1755.42,1755.9459999999997,,0.010357422736793648,1831.6,-0.026752566062459054
SUNPHARMA,Healthcare,2026-01-08,1766.0,1778.6,1757.7,1760.7,1910656,-0.012285425782564752,1754.1799999999998,1757.42,,0.010645885588551158,1831.6,-0.03870932518017027
SUNPHARMA,Healthcare,2026-01-09,1765.2,1765.2,1727.0,1729.9,1585689,-0.017493042539898918,1750.315,1757.7,,0.010832372865842634,1831.6,-0.055525223848001654
SUNPHARMA,Healthcare,2026-01-12,1732.1,1744.3,1714.1,1736.0,2327272,0.003526215388172771,1747.44,1758.352,,0.010822788898140165,1831.6,-0.052194802358593535
SUNPHARMA,Healthcare,2026-01-13,1743.0,1743.8,1712.1,1728.7,1770082,-0.004205069124423977,1744.0199999999998,1759.1119999999999,,0.010803784954011877,1831.6,-0.05618038873116394
SUNPHARMA,Healthcare,2026-01-14,1737.1,1737.1,1689.2,1700.7,2479677,-0.016197142361311978,1739.9900000000002,1758.9979999999998,,0.01117359953980774,1831.6,-0.0714675693382834
SUNPHARMA,Healthcare,2026-01-15,1700.7,1700.7,1700.7,1700.7,0,0.0,1735.3799999999999,1759.2120000000002,,0.01099824449860777,1831.6,-0.0714675693382834
SUNPHARMA,Healthcare,2026-01-16,1708.0,1708.0,1659.3,1668.9,3697596,-0.01869818310107596,1731.53,1758.872,,0.0102511250915318,1831.6,-0.08882943874208334
SUNPHARMA,Healthcare,2026-01-19,1650.0,1687.3,1600.0,1675.4,2975272,0.0038947809934688493,1728.0549999999998,1758.552,,0.01033682977664702,1831.6,-0.08528062895828774
SUNPHARMA,Healthcare,2026-01-20,1674.1,1674.1,1602.8,1613.8,5019166,-0.03676733914289132,1720.2550000000003,1756.8719999999998,,0.012238988319757463,1831.6,-0.11891242629395063
SUNPHARMA,Healthcare,2026-01-21,1637.0,1645.0,1607.7,1612.9,3947877,-0.0005576899244019717,1713.105,1754.8080000000002,,0.012243474595765764,1831.6,-0.11940379995632225
SUNPHARMA,Healthcare,2026-01-22,1614.1,1646.5,1613.2,1634.2,2279862,0.013206026412052818,1707.9650000000001,1752.85,,0.012727306071830966,1831.6,-0.10777462328019212
SUNPHARMA,Healthcare,2026-01-23,1640.0,1648.9,1625.4,1631.9,1678658,-0.001407416472891887,1703.5850000000003,1750.74,,0.012619686645129658,1831.6,-0.10903035597291975
SUNPHARMA,Healthcare,2026-01-27,1658.2,1658.2,1622.3,1638.9,2666522,0.00428947852196826,1699.67,1748.376,,0.01271018074335701,1831.6,-0.1052085608211399
SUNPHARMA,Healthcare,2026-01-28,1639.9,1649.3,1600.0,1610.6,4124391,-0.01726767954115571,1694.19,1745.31,,0.013100379272148806,1831.6,-0.12065953264905002
SUNPHARMA,Healthcare,2026-01-29,1625.0,1625.0,1583.7,1589.3,5796513,-0.013224885135974196,1687.67,1741.92,,0.013267184631495166,1831.6,-0.13228870932518016
SUNPHARMA,Healthcare,2026-01-30,1589.3,1606.5,1585.1,1595.3,3962196,0.0037752469640721653,1681.3799999999999,1738.144,,0.013338313967875395,1831.6,-0.12901288490936885
SUNPHARMA,Healthcare,2026-02-02,1634.0,1634.0,1598.2,1627.9,2721280,0.020435027894440072,1676.375,1735.154,,0.014308567803443471,1831.6,-0.11121423891679397
SUNPHARMA,Healthcare,2026-02-03,1709.9,1725.0,1671.0,1702.1,8520586,0.045580195343694285,1675.0349999999999,1733.602,,0.017955198393056544,1831.6,-0.0707032103079275
SUNPHARMA,Healthcare,2026-02-04,1714.9,1729.0,1695.3,1704.4,3952775,0.00135127195816942,1672.2450000000001,1732.0739999999998,,0.01741804736289781,1831.6,-0.06944747761519973
SUNPHARMA,Healthcare,2026-02-05,1699.0,1710.0,1684.3,1702.6,3074842,-0.0010560901196903227,1668.2450000000001,1730.59,,0.017096694661098484,1831.6,-0.07043022493994322
SUNPHARMA,Healthcare,2026-02-06,1709.0,1709.0,1689.6,1695.1,1277116,-0.004405027604839629,1664.9649999999997,1728.394,,0.016941036781675835,1831.6,-0.07452500545970736
SUNPHARMA,Healthcare,2026-02-09,1706.7,1713.4,1696.0,1704.6,2647031,0.005604389121585784,1663.7,1726.28,,0.01659590326275925,1831.6,-0.06933828346800612
SUNPHARMA,Healthcare,2026-02-10,1709.6,1719.8,1702.1,1707.8,1869988,0.001877273260588952,1662.2900000000002,1723.8039999999999,,0.016578379939847437,1831.6,-0.06759117711290673
SUNPHARMA,Healthcare,2026-02-11,1715.0,1716.7,1702.5,1711.1,1175501,0.0019323105750088665,1661.4099999999999,1721.878,,0.016566662312727812,1831.6,-0.06578947368421052
SUNPHARMA,Healthcare,2026-02-12,1714.8,1719.0,1701.2,1714.9,1359444,0.0022207936415172824,1662.1200000000001,1720.1860000000001,,0.01614786626963933,1831.6,-0.06371478488752993
SUNPHARMA,Healthcare,2026-02-13,1714.9,1719.0,1694.6,1697.5,1148165,-0.010146364219488113,1661.9599999999998,1718.0020000000002,,0.01632411791497097,1831.6,-0.07321467569338279
SUNPHARMA,Healthcare,2026-02-16,1697.5,1715.0,1693.4,1700.5,1247403,0.001767304860088359,1663.5400000000002,1715.646,,0.015718439296113763,1831.6,-0.07157676348547713
SUNPHARMA,Healthcare,2026-02-17,1696.0,1719.0,1693.9,1717.1,1053855,0.009761834754483889,1665.625,1713.8819999999998,,0.01582858822794066,1831.6,-0.06251364926839921
SUNPHARMA,Healthcare,2026-02-18,1720.4,1730.6,1717.1,1724.4,1262429,0.004251354027138943,1671.155,1712.4460000000001,,0.013042093997139756,1831.6,-0.05852806289582869
SUNPHARMA,Healthcare,2026-02-19,1722.2,1727.0,1710.0,1713.4,1143429,-0.006379030387381079,1676.1799999999998,1711.194,,0.013199067879432924,1831.6,-0.06453374099148276
SUNPHARMA,Healthcare,2026-02-20,1710.1,1727.0,1708.1,1724.4,1203988,0.006419983658223494,1680.69,1709.9720000000002,,0.013011721689912976,1831.6,-0.05852806289582869
SUNPHARMA,Healthcare,2026-02-23,1732.9,1735.8,1720.2,1732.3,1550400,0.004581303641846279,1685.7099999999998,1708.474,,0.01297942074409276,1831.6,-0.0542148940816772
SUNPHARMA,Healthcare,2026-02-24,1732.0,1745.9,1723.7,1731.8,2769363,-0.0002886336084974017,1690.355,1707.24,,0.01299711080646487,1831.6,-0.05448787944966148
SUNPHARMA,Healthcare,2026-02-25,1742.0,1770.4,1733.4,1764.2,1200997,0.018708857835777915,1698.0349999999999,1706.5819999999999,,0.012549676239459604,1831.6,-0.036798427604280336
SUNPHARMA,Healthcare,2026-02-26,1764.2,1792.2,1760.3,1785.7,2076586,0.012186826890375313,1707.855,1706.67,,0.011916351841679038,1831.6,-0.025060056780956467
SUNPHARMA,Healthcare,2026-02-27,1779.0,1788.1,1730.9,1737.0,3041489,-0.0272722181777455,1714.9399999999998,1705.5520000000001,,0.014041721346313318,1831.6,-0.05164883162262498
SUNPHARMA,Healthcare,2026-03-02,1712.0,1759.9,1712.0,1752.5,3919270,0.00892343120322403,1721.17,1705.6840000000002,,0.013576183396813673,1831.6,-0.043186285215112426
SUNPHARMA,Healthcare,2026-03-04,1721.2,1757.2,1721.0,1750.5,4914857,-0.001141226818830221,1723.5900000000001,1705.796,,0.009374804665081941,1831.6,-0.044278226687049525
SUNPHARMA,Healthcare,2026-03-05,1750.0,1794.9,1748.0,1784.5,3600895,0.01942302199371615,1727.595,1706.09,,0.010199913213890932,1831.6,-0.025715221664118756
SUNPHARMA,Healthcare,2026-03-06,1784.5,1805.6,1771.8,1799.4,3669921,0.00834967778089113,1732.4350000000002,1706.96,,0.010251381807557301,1831.6,-0.017580257698187277
SUNPHARMA,Healthcare,2026-03-09,1772.9,1815.0,1770.0,1807.4,4112775,0.004445926419917701,1738.05,1708.368,,0.010113234575105757,1831.6,-0.013212491810438862
SUNPHARMA,Healthcare,2026-03-10,1810.0,1825.1,1803.3,1812.8,3298680,0.0029877171627752386,1743.4599999999998,1710.234,,0.010098242170689975,1831.6,-0.010264249836208755
SUNPHARMA,Healthcare,2026-03-11,1823.0,1843.0,1818.1,1825.9,2510495,0.0072263901147398,1749.3650000000002,1712.4080000000001,,0.010134075951811176,1831.6,-0.003112033195020648
SUNPHARMA,Healthcare,2026-03-12,1828.0,1833.6,1808.4,1825.3,2606057,-0.00032860507147169926,1755.075,1714.51,,0.010163852353034986,1831.6,-0.0034396156366018533
SUNPHARMA,Healthcare,2026-03-13,1822.0,1833.3,1797.0,1801.6,2554627,-0.012984166986248824,1759.4100000000003,1716.148,,0.010796600831902608,1831.6,-0.016379122079056563
SUNPHARMA,Healthcare,2026-03-16,1801.6,1818.0,1768.8,1783.2,2452391,-0.010213143872113584,1763.6950000000002,1717.39,,0.01080073528666294,1831.6,-0.026424983620877848
SUNPHARMA,Healthcare,2026-03-17,1794.1,1806.1,1781.1,1794.4,1979497,0.00628084342754609,1768.39,1718.718,,0.010831262149450566,1831.6,-0.02031011137803004
SUNPHARMA,Healthcare,2026-03-18,1799.6,1805.0,1773.2,1778.3,2436459,-0.008972358448506523,1771.45,1719.7059999999997,,0.011001425221226177,1831.6,-0.029100240227123802
SUNPHARMA,Healthcare,2026-03-19,1760.5,1784.0,1737.9,1744.4,2301164,-0.019063150199628787,1772.45,1719.39,,0.011925557560464125,1831.6,-0.047608648176457644
SUNPHARMA,Healthcare,2026-03-20,1755.1,1781.3,1754.3,1777.1,3591446,0.018745700527401876,1775.6349999999998,1719.28,,0.012458175884988924,1831.6,-0.02975540511028609
SUNPHARMA,Healthcare,2026-03-23,1774.8,1775.0,1741.1,1758.4,2783613,-0.01052276180293732,1777.3349999999998,1719.234,,0.01270823628012928,1831.6,-0.03996505787289791
SUNPHARMA,Healthcare,2026-03-24,1775.0,1779.9,1745.1,1753.3,2040152,-0.002900363967243025,1778.3850000000002,1719.7020000000002,,0.01270904683912659,1831.6,-0.042749508626337605
SUNPHARMA,Healthcare,2026-03-25,1766.7,1809.5,1755.5,1795.4,1900794,0.024011863343409656,1781.565,1720.89,,0.013732039870193972,1831.6,-0.019764140642061487
SUNPHARMA,Healthcare,2026-03-27,1785.0,1819.0,1785.0,1793.6,2975423,-0.0010025621031526377,1783.0350000000003,1722.188,,0.013157061850033907,1831.6,-0.020746887966804982
SUNPHARMA,Healthcare,2026-03-30,1786.8,1790.0,1750.1,1757.2,4182503,-0.020294380017841118,1781.61,1723.3180000000002,,0.01368576381290318,1831.6,-0.040620222756060205
SUNPHARMA,Healthcare,2026-04-01,1762.1,1788.0,1713.2,1728.5,3245628,-0.01633280218529476,1781.185,1723.874,,0.012755492641833848,1831.6,-0.056289582878357676
SUNPHARMA,Healthcare,2026-04-02,1665.0,1700.0,1620.0,1693.6,3937824,-0.020190916980040496,1778.2399999999998,1724.368,,0.013312493762459937,1831.6,-0.07534396156366019
SUNPHARMA,Healthcare,2026-04-06,1684.3,1699.0,1654.9,1694.6,3533715,0.0005904581955598065,1775.4450000000002,1724.7520000000002,,0.013321425792087777,1831.6,-0.07479799082769165
SUNPHARMA,Healthcare,2026-04-07,1689.8,1723.9,1681.3,1718.0,2471378,0.013808568393721243,1772.1200000000001,1726.836,,0.012909264588536357,1831.6,-0.06202227560602747
SUNPHARMA,Healthcare,2026-04-08,1730.0,1749.2,1685.5,1714.6,4859877,-0.001979045401629853,1767.8799999999999,1728.87,,0.012685767548203398,1831.6,-0.0638785761083206
SUNPHARMA,Healthcare,2026-04-09,1702.7,1730.9,1702.7,1717.1,3276165,0.0014580660212293317,1763.3650000000002,1730.5279999999998,,0.01261913591966901,1831.6,-0.06251364926839921
SUNPHARMA,Healthcare,2026-04-10,1699.2,1700.0,1630.4,1654.9,8089531,-0.036223865820278256,1755.47,1730.9880000000003,,0.014612884832567608,1831.6,-0.09647302904564306
SUNPHARMA,Healthcare,2026-04-13,1654.9,1668.7,1640.1,1652.2,3751005,-0.001631518520756603,1746.7849999999999,1731.254,,0.014372808863399714,1831.6,-0.09794715003275817
SUNPHARMA,Healthcare,2026-04-15,1675.0,1699.2,1657.7,1696.6,3760449,0.026873259895896284,1740.35,1732.974,,0.0160196004859573,1831.6,-0.07370604935575453
SUNPHARMA,Healthcare,2026-04-16,1713.9,1713.9,1666.6,1693.1,4512633,-0.002062949428268346,1734.925,1735.05,,0.01586566744843706,1831.6,-0.07561694693164447
SUNPHARMA,Healthcare,2026-04-17,1696.9,1696.9,1670.5,1675.5,3146482,-0.010395133187643957,1729.5400000000002,1736.654,,0.015870085163376284,1831.6,-0.08522603188469094
SUNPHARMA,Healthcare,2026-04-20,1680.0,1680.0,1665.0,1668.6,1834532,-0.004118173679498738,1723.25,1737.468,,0.01571999489257271,1831.6,-0.088993229962874
SUNPHARMA,Healthcare,2026-04-21,1667.2,1682.9,1659.9,1665.2,3631490,-0.0020376363418433963,1717.595,1736.73,,0.015669571514795245,1831.6,-0.090849530465167
SUNPHARMA,Healthcare,2026-04-22,1665.2,1673.9,1652.4,1669.8,2169514,0.0027624309392264568,1713.8649999999998,1736.0380000000002,,0.015258592300077804,1831.6,-0.0883380650797117
SUNPHARMA,Healthcare,2026-04-23,1669.0,1713.0,1661.2,1680.1,3245164,0.0061684034016049605,1709.015,1735.588,,0.014600439966644632,1831.6,-0.08271456649923564
SUNPHARMA,Healthcare,2026-04-24,1670.4,1673.3,1613.6,1620.4,9606128,-0.035533599190524234,1702.1149999999998,1734.0940000000003,,0.016280128285152896,1831.6,-0.11530901943655811
SUNPHARMA,Healthcare,2026-04-27,1625.0,1766.9,1621.9,1733.5,26995361,0.06979758084423593,1701.125,1734.672,,0.02318050529693698,1831.6,-0.05355972919851491
SUNPHARMA,Healthcare,2026-04-28,1724.0,1763.9,1714.3,1747.3,16599167,0.0079607730025959,1698.72,1735.4619999999998,,0.022563523973617584,1831.6,-0.04602533304214892
SUNPHARMA,Healthcare,2026-04-29,1756.0,1789.8,1750.0,1778.7,9809449,0.017970583185486166,1697.975,1736.8140000000003,,0.022963982160051803,1831.6,-0.028881851932736333
SUNPHARMA,Healthcare,2026-04-30,1771.0,1815.0,1761.4,1808.3,4749798,0.016641367290717968,1700.53,1738.6819999999998,,0.02274457776766653,1831.6,-0.012721118148067239
SUNPHARMA,Healthcare,2026-05-01,1808.3,1808.3,1808.3,1808.3,0,0.0,1704.5199999999998,1740.898,,0.022353788071599823,1831.6,-0.012721118148067239
SUNPHARMA,Healthcare,2026-05-04,1820.0,1841.0,1810.0,1823.5,4206373,0.008405684897417443,1711.015,1743.358,,0.02173241612998693,1831.6,-0.004422362961345222
SUNPHARMA,Healthcare,2026-05-05,1828.5,1831.7,1798.6,1820.8,3011421,-0.0014806690430491098,1717.325,1745.432,,0.02175405424898026,1831.6,-0.005896483948460338
SUNPHARMA,Healthcare,2026-05-06,1837.0,1857.8,1818.4,1850.2,3247156,0.016146748681898027,1723.935,1747.9479999999999,,0.021816756284266638,1850.2,0.0
SUNPHARMA,Healthcare,2026-05-07,1850.2,1857.1,1826.3,1834.4,2201070,-0.008539617338666039,1729.925,1750.3680000000002,,0.021959231322382016,1850.2,-0.008539617338666065
SUNPHARMA,Healthcare,2026-05-08,1822.0,1857.5,1819.2,1847.9,2837885,0.007359354557348485,1736.4650000000001,1752.838,,0.02196846678582367,1850.2,-0.0012431088530969379
SUNPHARMA,Healthcare,2026-05-11,1827.2,1885.8,1825.0,1872.7,2564978,0.013420639645002508,1747.355,1755.646,,0.0199034952893932,1872.7,0.0
SUNPHARMA,Healthcare,2026-05-12,1875.0,1879.4,1840.0,1845.7,3263351,-0.014417685694451898,1757.03,1757.924,,0.020374333514199226,1872.7,-0.01441768569445186
SUNPHARMA,Healthcare,2026-05-13,1845.7,1860.0,1820.0,1824.8,1972365,-0.011323617055859603,1763.44,1759.136,,0.02007777208516905,1872.7,-0.025578042398675758
SUNPHARMA,Healthcare,2026-05-14,1852.0,1867.5,1829.7,1863.2,2429220,0.02104340201665944,1771.9449999999997,1760.6859999999997,,0.020382930484787298,1872.7,-0.00507288941101084
SUNPHARMA,Healthcare,2026-05-15,1874.0,1887.9,1863.2,1878.2,2756465,0.008050665521683209,1782.08,1763.51,,0.0200649069697071,1878.2,0.0
SUNPHARMA,Healthcare,2026-05-18,1878.2,1911.0,1865.0,1905.8,3456331,0.014694920668725242,1793.9399999999998,1766.5759999999998,,0.02001075908613889,1905.8,0.0
SUNPHARMA,Healthcare,2026-05-19,1900.5,1916.6,1880.0,1882.3,2200951,-0.012330779725049812,1804.795,1769.2119999999998,,0.020380442452082672,1905.8,-0.012330779725049848
SUNPHARMA,Healthcare,2026-05-20,1880.0,1892.9,1872.0,1880.3,1376695,-0.0010625298836529629,1815.3200000000002,1771.128,,0.020433656295859616,1905.8,-0.013380207786756217
SUNPHARMA,Healthcare,2026-05-21,1892.0,1899.6,1868.1,1891.3,1605806,0.005850130298356682,1825.8799999999999,1772.9660000000001,,0.02043376398064638,1905.8,-0.007608353447371183
SUNPHARMA,Healthcare,2026-05-22,1903.0,1903.0,1833.1,1844.6,3610732,-0.024692010786231733,1837.0899999999997,1773.71,,0.019387246899608943,1905.8,-0.03211249868821495
SUNPHARMA,Healthcare,2026-05-25,1840.0,1849.0,1825.0,1840.6,3049028,-0.0021684918139434073,1842.4450000000002,1774.266,,0.012515666922697025,1905.8,-0.03421135481162769
SUNPHARMA,Healthcare,2026-05-26,1830.0,1844.9,1815.9,1840.8,2337759,0.00010866021949373916,1847.1200000000001,1774.5639999999999,,0.012477484416241484,1905.8,-0.034106412005457026
SUNPHARMA,Healthcare,2026-05-27,1865.0,1882.0,1830.0,1844.3,1385752,0.0019013472403301979,1850.4,1774.9440000000002,,0.011947431829345287,1905.8,-0.03226991289747088
SUNPHARMA,Healthcare,2026-05-28,1844.3,1844.3,1844.3,1844.3,0,0.0,1852.2,1775.7979999999998,,0.011433753385819445,1905.8,-0.03226991289747088
SUNPHARMA,Healthcare,2026-05-29,1844.3,1852.8,1785.3,1799.2,10058572,-0.024453722279455525,1851.7450000000001,1776.1180000000002,,0.012779998696034545,1905.8,-0.05593451568894948
SUNPHARMA,Healthcare,2026-06-01,1812.0,1812.1,1777.1,1796.5,2051152,-0.001500666963094699,1850.395,1776.16,,0.012620938595699734,1905.8,-0.0573512435722531
SUNPHARMA,Healthcare,2026-06-02,1794.2,1800.0,1766.5,1789.9,2885899,-0.003673810186473614,1848.85,1776.392,,0.012637871782603168,1905.8,-0.06081435617588407
SUNPHARMA,Healthcare,2026-06-03,1781.0,1796.3,1756.8,1788.5,4209769,-0.0007821666014862227,1845.765,1777.274,,0.011995126064896737,1905.8,-0.06154895581907858
SUNPHARMA,Healthcare,2026-06-04,1787.0,1793.4,1768.6,1780.1,2343536,-0.004696673189823919,1843.05,1777.3340000000003,,0.011909016728863858,1905.8,-0.06595655367824538
SUNPHARMA,Healthcare,2026-06-05,1789.0,1802.9,1779.0,1782.2,2495159,0.0011797090051122172,1839.7649999999999,1777.81,,0.011747949885399149,1905.8,-0.06485465421345363
SUNPHARMA,Healthcare,2026-06-08,1780.7,1803.5,1773.5,1788.8,3098542,0.0037032880709235716,1835.5700000000002,1778.52,,0.011279427144839966,1905.8,-0.06139154160982265
SUNPHARMA,Healthcare,2026-06-09,1787.7,1796.6,1766.1,1779.0,3756570,-0.005478533094812166,1832.2350000000001,1778.192,,0.010943094747007814,1905.8,-0.06653373911218384
SUNPHARMA,Healthcare,2026-06-10,1779.6,1797.6,1771.0,1786.4,1882009,0.004159640247330065,1830.315,1778.0479999999998,,0.010778963618662651,1905.8,-0.06265085528387022
SUNPHARMA,Healthcare,2026-06-11,1780.0,1805.0,1778.7,1794.2,1858093,0.004366323331840505,1826.8650000000002,1778.7879999999998,,0.00955942217484533,1905.8,-0.0585580858432154
SUNPHARMA,Healthcare,2026-06-12,1807.0,1814.5,1792.5,1807.7,1243362,0.00752424478876379,1823.3399999999997,1780.3719999999998,,0.00953143594922455,1905.8,-0.05147444642669741
SUNPHARMA,Healthcare,2026-06-15,1818.0,1818.0,1797.8,1806.0,2188933,-0.0009404215301211938,1818.35,1782.62,,0.008707038596952016,1905.8,-0.05236646027914784
SUNPHARMA,Healthcare,2026-06-16,1808.0,1809.9,1792.6,1800.7,1373638,-0.002934662236987795,1814.27,1784.7420000000002,,0.00840543172470816,1905.8,-0.0551474446426697
SUNPHARMA,Healthcare,2026-06-17,1814.0,1823.4,1802.6,1820.4,1771990,0.010940189926139876,1811.275,1786.79,,0.008903134158385943,1905.8,-0.04481057823486193
SUNPHARMA,Healthcare,2026-06-18,1817.5,1830.0,1812.5,1824.8,2054738,0.0024170511975389886,1807.95,1788.994,,0.008784659738391052,1905.8,-0.042501836499107985
SUNPHARMA,Healthcare,2026-06-19,1824.0,1842.7,1820.9,1838.3,2126703,0.007398071021481822,1807.6350000000002,1791.4180000000001,1730.4154999999998,0.007153077387248014,1905.8,-0.03541819708258999
SUNPHARMA,Healthcare,2026-06-22,1845.0,1865.2,1834.0,1862.9,1588758,0.013381928956100797,1808.75,1795.578,1731.9135,0.007742581965724324,1905.8,-0.022510231923601565
SUNPHARMA,Healthcare,2026-06-23,1870.0,1902.4,1861.2,1868.0,2812236,0.0027376670782113255,1810.1100000000001,1799.894,1733.4275,0.007755553565462578,1905.8,-0.019834190366250372
SUNPHARMA,Healthcare,2026-06-24,1868.0,1882.1,1864.9,1874.4,1406231,0.003426124197002167,1811.6149999999998,1803.45,1734.906,0.007774809074860919,1905.8,-0.01647602056878994
SUNPHARMA,Healthcare,2026-06-25,1870.0,1887.0,1858.0,1862.8,1816438,-0.006188647033717576,1812.5400000000002,1806.844,1736.3085,0.007931517506126015,1905.8,-0.022562703326686955
SUNPHARMA,Healthcare,2026-06-26,1862.8,1862.8,1862.8,1862.8,0,0.0,1815.72,1810.59,1737.6545,0.005338551763510672,1905.8,-0.022562703326686955
SUNPHARMA,Healthcare,2026-06-29,1876.8,1897.1,1855.9,1874.8,1655869,0.0064419153961778886,1819.6349999999998,1814.714,1739.1235000000001,0.005379125656438573,1905.8,-0.016266134956448734
SUNPHARMA,Healthcare,2026-06-30,1885.0,1892.9,1859.4,1862.5,2352774,-0.006560699807979464,1823.2649999999999,1818.66,1740.4775,0.005578635313243306,1905.8,-0.02272011753594289
SUNPHARMA,Healthcare,2026-07-01,1877.9,1887.4,1860.2,1866.2,1230360,0.0019865771812079824,1827.15,1822.588,1741.8415,0.005540057838628031,1905.8,-0.02077867562178608
SUNPHARMA,Healthcare,2026-07-02,1876.0,1882.0,1868.3,1871.0,1485296,0.0025720715893258195,1831.6950000000002,1826.406,1743.148,0.005301000740744475,1905.8,-0.018260048273690814
SUNPHARMA,Healthcare,2026-07-03,1880.0,1925.1,1871.6,1904.8,2168491,0.018065205772314297,1837.825,1832.094,1744.589,0.006324411414646851,1905.8,-0.000524714030853185
SUNPHARMA,Healthcare,2026-07-06,1904.0,1917.0,1900.0,1912.8,1213635,0.004199916001679904,1844.025,1835.68,1746.1429999999998,0.006326842427597583,1912.8,0.0
SUNPHARMA,Healthcare,2026-07-07,1900.6,1924.9,1898.6,1903.4,2060613,-0.004914261815139986,1850.2450000000001,1838.8020000000001,1747.6075,0.006286409200780662,1912.8,-0.0049142618151400376
SUNPHARMA,Healthcare,2026-07-08,1904.0,1929.5,1875.1,1888.2,2785926,-0.007985709782494466,1855.3349999999998,1840.9919999999997,1748.9475,0.006777038430886881,1912.8,-0.012860727728983641
SUNPHARMA,Healthcare,2026-07-09,1889.9,1952.0,1888.2,1938.7,4446201,0.026745048194047216,1862.56,1843.6,1750.3980000000001,0.008640962855782244,1938.7,0.0
SUNPHARMA,Healthcare,2026-07-10,1942.8,1953.9,1926.6,1935.5,1478172,-0.0016505906019498306,1868.95,1846.144,1751.7955000000002,0.008682739878506566,1938.7,-0.0016505906019497836
SUNPHARMA,Healthcare,2026-07-13,1925.9,1933.1,1911.0,1921.4,1573176,-0.007284939292172554,1874.72,1848.102,1753.1825,0.008963219333505149,1938.7,-0.008923505441790868
SUNPHARMA,Healthcare,2026-07-14,1910.0,1950.8,1910.0,1942.6,2822124,0.011033621317789066,1881.8149999999998,1850.5379999999998,1754.7395000000001,0.00900908787267268,1942.6,0.0
SUNPHARMA,Healthcare,2026-07-15,1955.0,1962.7,1943.3,1951.5,2283494,0.0045814887264490345,1888.3699999999997,1852.5639999999999,1756.3615000000002,0.00885616046184913,1951.5,0.0
SUNPHARMA,Healthcare,2026-07-16,1950.0,1957.7,1943.0,1950.1,1396189,-0.0007173968741993608,1894.6350000000002,1854.878,1757.975,0.008904311074658916,1951.5,-0.0007173968741993804
SUNPHARMA,Healthcare,2026-07-17,1948.7,1952.6,1922.5,1932.6,2475664,-0.008973898774421785,1899.35,1856.5720000000001,1759.7044999999998,0.009259349929711828,1951.5,-0.009684857801691054
SUNPHARMA,Healthcare,2026-07-20,1942.0,1958.8,1935.0,1956.4,1676034,0.012315016040567173,1904.025,1858.246,1761.54,0.009196488007502774,1956.4,0.0
SUNPHARMA,Healthcare,2026-07-21,1952.1,1966.5,1938.2,1961.9,1412579,0.0028112860355755664,1908.7199999999998,1860.57,1763.3780000000002,0.009196606486974165,1961.9,0.0
SUNPHARMA,Healthcare,2026-07-22,1938.0,1951.8,1925.2,1943.0,1718430,-0.009633518527957685,1912.15,1862.934,1764.912,0.009582557838265497,1961.9,-0.009633518527957638
SUNPHARMA,Healthcare,2026-07-23,1929.1,1958.5,1926.8,1954.0,2057288,0.005661348430262558,1916.7099999999998,1864.75,1766.526,0.009424924814834344,1961.9,-0.004026708802691315
SUNPHARMA,Healthcare,2026-07-24,1945.0,1959.8,1934.8,1941.1,1578929,-0.006601842374616251,1920.625,1866.0079999999998,1767.9579999999999,0.009628100488726794,1961.9,-0.010601967480503686
SUNPHARMA,Healthcare,2026-07-27,1948.5,1977.0,1933.0,1973.7,5414380,0.016794600999433307,1925.5700000000002,1867.366,1769.5610000000001,0.010138338886568569,1973.7,0.0
SUNPHARMA,Healthcare,2026-07-28,1978.8,1993.0,1970.9,1976.7,4579529,0.0015199878400973255,1931.28,1869.254,1771.2865000000002,0.009911602151107488,1976.7,0.0
SUNPHARMA,Healthcare,2026-07-29,1977.0,1992.7,1960.4,1989.9,2682295,0.006677796327211993,1937.4649999999997,1871.4460000000001,1772.9435,0.009941169700798022,1989.9,0.0
SUNPHARMA,Healthcare,2026-07-30,1993.1,2017.3,1988.0,2001.1,2224264,0.0056284235388712744,1943.9699999999998,1873.6419999999998,1774.5945000000002,0.009953509592604404,2001.1,0.0
SUNPHARMA,Healthcare,2026-07-31,2016.4,2046.9,1965.3,1990.5,4954449,-0.005297086602368606,1948.2549999999999,1876.56,1776.205,0.009504266096593479,2001.1,-0.005297086602368652
SUNPHARMA,Healthcare,2026-08-03,1983.2,1988.0,1935.2,1963.5,3972351,-0.013564431047475511,1950.7899999999997,1879.0179999999998,1777.7505,0.010122005001579245,2001.1,-0.018789665683873826
SUNPHARMA,Healthcare,2026-08-04,1951.1,1965.0,1947.0,1964.0,1452888,0.0002546473134708016,1953.8199999999997,1881.4819999999997,1779.295,0.010018910385788714,2001.1,-0.018539803108290395
SUNPHARMA,Healthcare,2026-08-05,1967.8,1968.2,1934.0,1940.0,2152829,-0.012219959266802416,1956.4099999999999,1883.3959999999997,1780.7,0.010273969744771707,2001.1,-0.030533206736294994
SUNPHARMA,Healthcare,2026-08-06,1930.0,1965.9,1930.0,1951.0,1864891,0.005670103092783485,1957.025,1885.53,1782.0595,0.008458434091870665,2001.1,-0.025036230073459554
SUNPHARMA,Healthcare,2026-08-07,1955.0,1957.0,1925.1,1945.0,2425268,-0.003075345976422339,1957.5,1888.4459999999997,1783.3415000000002,0.008482138626054566,2001.1,-0.028034580980460702
SUNPHARMA,Healthcare,2026-08-10,1949.9,1965.0,1939.8,1944.4,1726946,-0.00030848329048838163,1958.65,1891.404,1784.611,0.008296116145721686,2001.1,-0.028334416071160773
SUNPHARMA,Healthcare,2026-08-11,1939.0,1951.1,1928.6,1942.0,2125972,-0.0012343139271755454,1958.6200000000001,1894.4460000000001,1785.8715,0.007931771541885856,2001.1,-0.029533756433961278
SUNPHARMA,Healthcare,2026-08-12,1942.0,1945.7,1926.8,1944.0,1536383,0.001029866117404632,1958.2450000000001,1897.556,1787.0964999999999,0.007863604760202925,2001.1,-0.028534306131627562
SUNPHARMA,Healthcare,2026-08-13,1943.0,1946.3,1931.1,1932.0,1216049,-0.006172839506172867,1957.3399999999997,1900.594,1788.2885,0.007977634172129967,2001.1,-0.03453100794562986
SUNPHARMA,Healthcare,2026-08-14,1932.0,1937.0,1914.7,1930.0,881282,-0.0010351966873706209,1957.2099999999998,1903.55,1789.5035,0.0077239251935316946,2001.1,-0.035530458247963574
SUNPHARMA,Healthcare,2026-08-17,1945.0,1949.8,1880.4,1882.0,1893086,-0.024870466321243567,1953.4899999999998,1905.414,1790.3339999999998,0.00896884551498277,2001.1,-0.05951726550397277
SUNPHARMA,Healthcare,2026-08-18,1890.0,1899.0,1868.3,1875.1,1819169,-0.003666312433581398,1949.15,1907.3359999999998,1791.1925,0.008906566720008191,2001.1,-0.06296536904702414
SUNPHARMA,Healthcare,2026-08-19,1871.0,1900.0,1871.0,1900.0,1566692,0.01327929177110554,1947.0,1909.608,1792.2390000000003,0.0093649070719457,2001.1,-0.050522212782969325
SUNPHARMA,Healthcare,2026-08-20,1905.0,1911.6,1890.3,1904.0,893691,0.002105263157894832,1944.5,1911.8039999999999,1793.227,0.009263456379115732,2001.1,-0.04852331217830189
SUNPHARMA,Healthcare,2026-08-21,1916.0,1917.4,1882.8,1902.4,1491953,-0.0008403361344537785,1942.5649999999998,1913.698,1794.289,0.009177594105867838,2001.1,-0.04932287242016882
SUNPHARMA,Healthcare,2026-08-24,1902.4,1923.0,1892.6,1910.0,2317987,0.0039949537426409165,1939.3799999999999,1915.7780000000002,1795.4094999999998,0.008275871304720466,2001.1,-0.04552496127130074
SUNPHARMA,Healthcare,2026-08-25,1906.5,1922.0,1896.2,1922.0,1221044,0.006282722513089034,1936.645,1918.204,1796.5625,0.008437506946174726,2001.1,-0.039528259457298445
SUNPHARMA,Healthcare,2026-08-26,1926.9,1926.9,1899.5,1899.5,648845,-0.011706555671175845,1932.125,1919.786,1797.5710000000001,0.008515890684268758,2001.1,-0.05077207535855275
SUNPHARMA,Healthcare,2026-08-27,1907.1,1925.0,1898.0,1913.3,1107552,0.007265069755198805,1927.7350000000001,1921.556,1798.5569999999998,0.008603373439158773,2001.1,-0.04387586827245013
SUNPHARMA,Healthcare,2026-08-28,1925.0,1931.0,1903.8,1920.0,1140742,0.0035018031673026417,1924.2100000000003,1923.19,1799.4965,0.008661732278251646,2001.1,-0.04052770975963216
SUNPHARMA,Healthcare,2026-08-31,1917.0,1984.8,1905.0,1984.8,2413221,0.03374999999999995,1925.275,1925.628,1800.7335,0.011322293265171394,2001.1,-0.008145519964019767
SUNPHARMA,Healthcare,2026-09-01,1963.1,1963.1,1921.1,1929.0,3595216,-0.028113663845223624,1923.525,1926.848,1801.593,0.013017842888519902,2001.1,-0.03603018339913044
TCS,IT,2025-09-01,3090.0,3131.1,3090.0,3112.6,1246862,,,,,,3112.6,0.0
TCS,IT,2025-09-02,3121.1,3155.0,3103.1,3111.5,2185229,-0.0003534023003276543,,,,,3112.6,-0.0003534023003276711
TCS,IT,2025-09-03,3129.9,3141.9,3088.0,3097.5,1799774,-0.004499437570303688,,,,,3112.6,-0.0048512497590438575
TCS,IT,2025-09-04,3116.0,3118.0,3090.8,3095.7,1481391,-0.0005811138014528705,,,,,3112.6,-0.005429544432307425
TCS,IT,2025-09-05,3097.1,3103.4,3028.6,3048.3,2802055,-0.015311561197790313,,,,,3112.6,-0.020657970828246396
TCS,IT,2025-09-08,3050.0,3064.9,3016.0,3019.0,2626187,-0.009611914837778457,,,,,3112.6,-0.030071323009702472
TCS,IT,2025-09-09,3032.1,3060.0,3030.8,3049.4,2489301,0.010069559456773902,,,,,3112.6,-0.020304568527918725
TCS,IT,2025-09-10,3056.4,3122.7,3053.4,3110.0,2079428,0.019872761854791143,,,,,3112.6,-0.0008353145280472625
TCS,IT,2025-09-11,3139.0,3139.0,3110.1,3124.2,2263446,0.004565916398713732,,,,,3124.2,0.0
TCS,IT,2025-09-12,3144.0,3148.7,3121.0,3133.4,1447167,0.0029447538569875586,,,,,3133.4,0.0
TCS,IT,2025-09-15,3134.0,3134.0,3096.0,3111.9,1732539,-0.006861556137103486,,,,,3133.4,-0.006861556137103465
TCS,IT,2025-09-16,3128.0,3150.0,3109.1,3145.7,2573429,0.010861531540216518,,,,,3145.7,0.0
TCS,IT,2025-09-17,3152.0,3182.4,3142.4,3172.8,2418271,0.008614934672728003,,,,,3172.8,0.0
TCS,IT,2025-09-18,3185.0,3203.0,3161.4,3176.7,2633138,0.0012291981845686806,,,,,3176.7,0.0
TCS,IT,2025-09-19,3170.0,3180.5,3144.0,3169.2,4901694,-0.0023609405987344845,,,,,3176.7,-0.002360940598734536
TCS,IT,2025-09-22,3095.0,3106.9,3065.0,3073.8,3634901,-0.030102234002271744,,,,,3176.7,-0.03239210501463772
TCS,IT,2025-09-23,3070.0,3080.7,3052.0,3062.4,3177741,-0.0037087643958618743,,,,,3176.7,-0.03598073472471424
TCS,IT,2025-09-24,3050.0,3057.0,3033.0,3035.4,1625714,-0.008816614420062652,,,,,3176.7,-0.04448012088015857
TCS,IT,2025-09-25,3022.0,3029.6,2951.0,2957.4,4974361,-0.025696778019371425,,,,,3176.7,-0.06903390310699775
TCS,IT,2025-09-26,2941.0,2954.8,2891.3,2899.1,3934636,-0.01971326164874554,3085.3,,,,3176.7,-0.08738628136116093
TCS,IT,2025-09-29,2916.0,2929.3,2894.0,2896.1,3110035,-0.0010348039046600421,3074.475,,,0.012394629203251843,3176.7,-0.08833065760065474
TCS,IT,2025-09-30,2911.0,2915.3,2885.1,2888.4,2253458,-0.0026587479714097473,3063.32,,,0.012374287655169357,3176.7,-0.09075455661535548
TCS,IT,2025-10-01,2891.0,2924.8,2866.6,2914.2,1952902,0.00893228084752784,3054.1549999999997,,,0.012685753962898285,3176.7,-0.08263292095570876
TCS,IT,2025-10-03,2924.0,2924.0,2891.1,2901.9,2899519,-0.0042207123738932095,3044.4649999999997,,,0.01267580739795203,3176.7,-0.08650486353763331
TCS,IT,2025-10-06,2902.0,2993.6,2895.6,2988.4,2112774,0.02980805679037868,3041.4700000000003,,,0.014307557960679344,3176.7,-0.05927534863222833
TCS,IT,2025-10-07,2995.0,3004.5,2955.5,2973.7,3062943,-0.004919020211484493,3039.205,,,0.014195104991829157,3176.7,-0.06390279220574811
TCS,IT,2025-10-08,2975.0,3043.0,2968.0,3027.2,4121889,0.017991054914752613,3038.0950000000003,,,0.01461454863330006,3176.7,-0.047061415934775086
TCS,IT,2025-10-09,3034.0,3066.0,3020.0,3061.7,3211304,0.011396670190274794,3035.68,,,0.014114217222628959,3176.7,-0.03620108918059622
TCS,IT,2025-10-10,3050.0,3070.0,3006.9,3028.3,8817365,-0.0109089721396608,3030.885,,,0.014234722964708188,3176.7,-0.04671514464696057
TCS,IT,2025-10-13,3027.0,3035.5,2998.2,3007.2,2866865,-0.006967605587293368,3024.575,,,0.014245802380622802,3176.7,-0.05335725753140051
TCS,IT,2025-10-14,3021.0,3027.2,2955.5,2960.3,3611416,-0.015595903165735447,3016.995,,,0.01453501876068589,3176.7,-0.06812100607548703
TCS,IT,2025-10-15,2971.0,2979.7,2951.0,2969.8,4282226,0.0032091342093707453,3008.2,,,0.014265958457862783,3176.7,-0.06513048131708996
TCS,IT,2025-10-16,2969.9,2975.0,2943.1,2970.7,3251495,0.00030305071048553067,2998.0950000000003,,,0.014035864055969351,3176.7,-0.06484716844524192
TCS,IT,2025-10-17,2970.0,2988.8,2955.4,2962.2,4374683,-0.0028612784865520435,2987.37,,,0.01399780430246156,3176.7,-0.06752290112380772
TCS,IT,2025-10-20,2985.5,3023.0,2978.5,3015.2,3133039,0.017892107217608588,2979.6699999999996,,,0.014786988873689861,3176.7,-0.05083892089275034
TCS,IT,2025-10-21,3031.1,3031.8,2996.0,3006.7,310644,-0.0028190501459273154,2976.315,,,0.013276601955969306,3176.7,-0.05351465357131615
TCS,IT,2025-10-23,3055.0,3098.0,3036.1,3073.2,5564758,0.022117271427146035,2976.855,,,0.014223445614088778,3176.7,-0.0325809802625366
TCS,IT,2025-10-24,3080.0,3090.0,3058.3,3063.2,2684318,-0.0032539372640895126,2978.245,,,0.014090133888267662,3176.7,-0.03572890106084931
TCS,IT,2025-10-27,3066.5,3094.2,3060.2,3084.9,1946312,0.0070840950639854405,2984.62,,,0.01271588067230384,3176.7,-0.028897912928510634
TCS,IT,2025-10-28,3076.0,3090.2,3040.2,3057.9,3470737,-0.008752309637265365,2992.56,,,0.011934413756081182,3176.7,-0.03739729908395496
TCS,IT,2025-10-29,3057.9,3076.0,3046.1,3057.6,2895420,-9.810654370656646e-05,3000.6349999999998,,,0.011920662572846455,3176.7,-0.0374917367079044
TCS,IT,2025-10-30,3049.1,3063.8,3032.8,3035.3,2241536,-0.007293301936158958,3007.98,,,0.012076064605599983,3176.7,-0.04451160008814167
TCS,IT,2025-10-31,3035.0,3067.4,3025.1,3058.0,1868085,0.007478667677000672,3015.17,,,0.012039964863109834,3176.7,-0.037365819875971866
TCS,IT,2025-11-03,3046.9,3058.0,3010.0,3016.8,2194877,-0.013472858077174577,3020.915,,,0.012480635556399784,3176.7,-0.050335253565020194
TCS,IT,2025-11-04,3019.6,3029.3,2976.0,2990.2,2670720,-0.008817289843542908,3021.005,,,0.010833654945191765,3176.7,-0.05870872288853213
TCS,IT,2025-11-06,2990.1,3024.0,2990.0,3010.9,2542721,0.0069226138719820085,3022.8650000000002,,,0.010869271836535008,3176.7,-0.052192526836024725
TCS,IT,2025-11-07,3001.0,3004.0,2960.5,2991.8,1830520,-0.006343618187252931,3021.095,,,0.010168626407926177,3176.7,-0.05820505556080198
TCS,IT,2025-11-10,2993.0,3047.9,2992.0,3025.2,1556656,0.011163847850792052,3019.27,,,0.010154366438608273,3176.7,-0.04769100009443763
TCS,IT,2025-11-11,3045.0,3055.7,3018.0,3047.0,2806868,0.007206135131561542,3020.205,,,0.009988355911683655,3176.7,-0.040828532754115854
TCS,IT,2025-11-12,3060.0,3136.4,3057.1,3131.8,4460315,0.027830653101411196,3026.435,3038.4359999999997,,0.011553803318893394,3176.7,-0.014134164384423975
TCS,IT,2025-11-13,3131.8,3131.9,3102.0,3105.7,1740435,-0.008333865508653338,3033.705,3038.298,,0.011072662944267864,3176.7,-0.022350237668020273
TCS,IT,2025-11-14,3090.0,3113.1,3077.3,3106.0,2210794,9.659658048111197e-05,3040.5150000000003,3038.188,,0.011083419736630643,3176.7,-0.022255800044070836
TCS,IT,2025-11-17,3106.0,3123.5,3086.6,3102.2,2232853,-0.0012234385061172803,3047.0899999999997,3038.282,,0.01110315155935798,3176.7,-0.023452009947429724
TCS,IT,2025-11-18,3102.0,3105.0,3078.0,3087.1,2548350,-0.004867513377602939,3053.335,3038.11,,0.01116044798609022,3176.7,-0.028205370352881894
TCS,IT,2025-11-19,3097.0,3155.0,3083.5,3147.7,3151053,0.01963007353179358,3059.96,3040.098,,0.011295617190423308,3176.7,-0.009128970315106873
TCS,IT,2025-11-20,3148.0,3164.5,3138.1,3144.8,2700767,-0.0009213076214377169,3066.865,3042.6139999999996,,0.01125903539666884,3176.7,-0.010041867346617446
TCS,IT,2025-11-21,3144.8,3170.0,3135.2,3150.6,4177037,0.0018443144238107223,3070.735,3044.638,,0.010248990764156979,3176.7,-0.008216073283596156
TCS,IT,2025-11-24,3158.0,3178.9,3131.0,3141.2,6703764,-0.0029835586872342112,3074.6349999999998,3045.262,,0.010242852595523204,3176.7,-0.011175118834010137
TCS,IT,2025-11-25,3145.3,3149.8,3115.0,3119.2,2737920,-0.007003692856233257,3076.35,3045.1619999999994,,0.010308881974822437,3176.7,-0.01810054459029811
TCS,IT,2025-11-26,3118.8,3178.0,3117.0,3162.9,2508527,0.01401000256476026,3081.6,3045.752,,0.010476798962974878,3176.7,-0.00434413070167146
TCS,IT,2025-11-27,3180.0,3180.0,3125.0,3136.6,2836233,-0.008315153814537402,3085.55,3046.2459999999996,,0.010711220173344664,3176.7,-0.012623162401233958
TCS,IT,2025-11-28,3140.0,3147.3,3125.0,3137.5,1616690,0.00028693489765996283,3090.66,3046.0819999999994,,0.010522463752613788,3176.7,-0.012339849529385783
TCS,IT,2025-12-01,3137.9,3154.0,3122.2,3133.4,1747647,-0.0013067729083665602,3094.43,3045.2940000000003,,0.010452085852984749,3176.7,-0.013630497056693969
TCS,IT,2025-12-02,3131.0,3144.0,3120.4,3135.7,2512003,0.0007340269355970985,3100.375,3044.4739999999997,,0.009863586706316324,3176.7,-0.01290647527308213
TCS,IT,2025-12-03,3140.0,3211.9,3139.0,3180.0,3952112,0.01412762700513448,3109.8650000000002,3044.69,,0.00987595645748634,3180.0,0.0
TCS,IT,2025-12-04,3194.0,3250.0,3187.4,3229.2,5025905,0.015471698113207477,3120.7799999999997,3047.798,,0.010227605731069173,3229.2,0.0
TCS,IT,2025-12-05,3230.0,3271.6,3222.4,3238.2,5244013,0.00278706800445927,3133.1,3051.314,,0.009962852946849201,3238.2,0.0
TCS,IT,2025-12-08,3243.0,3259.9,3208.6,3236.5,2544725,-0.0005249830152553869,3143.665,3055.336,,0.009863560778709899,3238.2,-0.0005249830152553326
TCS,IT,2025-12-09,3230.0,3233.7,3181.2,3208.3,2734893,-0.008713116020392375,3151.73,3060.3540000000003,,0.010179814731876381,3238.2,-0.00923352479772702
TCS,IT,2025-12-10,3225.0,3225.0,3178.1,3189.2,1386849,-0.0059533086058037865,3154.6,3066.156,,0.008431029345738401,3238.2,-0.015131863380890618
TCS,IT,2025-12-11,3205.0,3208.4,3153.1,3191.9,1914362,0.0008466072996362595,3158.91,3072.072,,0.008144467699544376,3238.2,-0.014298066827249623
TCS,IT,2025-12-12,3197.7,3223.0,3185.7,3220.5,1146554,0.008960180456781153,3164.6349999999998,3078.7140000000004,,0.008309235344394655,3238.2,-0.005465999629423698
TCS,IT,2025-12-15,3211.1,3238.2,3197.3,3230.2,1562190,0.0030119546654245877,3171.035,3085.0339999999997,,0.008280859510730532,3238.2,-0.002470508307084183
TCS,IT,2025-12-16,3220.0,3220.0,3191.1,3205.1,1734623,-0.00777041669246481,3176.9350000000004,3091.098,,0.008432650983045648,3238.2,-0.010221728120560778
TCS,IT,2025-12-17,3200.5,3236.9,3200.5,3217.8,1376350,0.003962434869426934,3180.4399999999996,3095.6859999999997,,0.007359378790361646,3238.2,-0.006299796183064554
TCS,IT,2025-12-18,3228.0,3287.8,3221.0,3280.8,2307422,0.019578594070482902,3187.2400000000002,3101.828,,0.008411397417245198,3280.8,0.0
TCS,IT,2025-12-19,3299.0,3317.9,3278.8,3282.0,3902511,0.00036576444769553795,3193.81,3106.9240000000004,,0.008420741087993594,3282.0,0.0
TCS,IT,2025-12-22,3310.0,3328.6,3291.0,3324.9,2632816,0.013071297989031061,3202.995,3112.188,,0.008674205383717734,3324.9,0.0
TCS,IT,2025-12-23,3319.9,3319.9,3293.5,3310.0,2365420,-0.00448133778459503,3212.5350000000003,3117.822,,0.008540220602478716,3324.9,-0.004481337784595052
TCS,IT,2025-12-24,3304.1,3327.1,3296.1,3319.0,1367708,0.002719033232628343,3220.34,3124.058,,0.008138358907430553,3324.9,-0.001774489458329601
TCS,IT,2025-12-26,3313.1,3320.0,3271.8,3280.0,1176664,-0.011750527267249122,3227.51,3130.452,,0.008409119236480859,3324.9,-0.013504165538813225
TCS,IT,2025-12-29,3280.0,3288.0,3242.9,3251.5,2079473,-0.008689024390243882,3233.21,3136.086,,0.008753081098046029,3324.9,-0.02207585190532049
TCS,IT,2025-12-30,3250.0,3267.5,3239.5,3246.8,2807593,-0.0014454866984467962,3238.88,3141.6079999999997,,0.008755745563667745,3324.9,-0.02348942825348128
TCS,IT,2025-12-31,3240.0,3246.0,3198.5,3206.2,3362634,-0.012504619933473071,3242.4049999999997,3146.488,,0.009323792870786135,3324.9,-0.03570032181418998
TCS,IT,2026-01-01,3215.0,3234.1,3198.2,3227.4,1255735,0.006612188884037362,3244.775,3150.732,,0.00891590523689764,3324.9,-0.02932419020120906
TCS,IT,2026-01-02,3234.0,3254.3,3219.5,3250.7,1184324,0.007219433599801706,3245.85,3155.612,,0.008374621175263438,3324.9,-0.022316460645433026
TCS,IT,2026-01-05,3240.5,3247.0,3191.0,3216.1,2341703,-0.010643861322176762,3244.745,3158.47,,0.008702276686138963,3324.9,-0.03272278865529796
TCS,IT,2026-01-06,3210.0,3263.2,3205.0,3255.8,2912325,0.012344143527875495,3245.71,3162.322,,0.009149552929296501,3324.9,-0.020782579927215827
TCS,IT,2026-01-07,3242.9,3300.6,3223.2,3295.6,1989442,0.01222433810430612,3250.075,3166.5360000000005,,0.009256740226442108,3324.9,-0.008812295106619803
TCS,IT,2026-01-08,3286.9,3286.9,3182.0,3203.9,4159336,-0.02782497875955814,3250.8100000000004,3169.4559999999997,,0.011247132232661316,3324.9,-0.03639207194201329
TCS,IT,2026-01-09,3191.0,3229.7,3191.0,3207.8,1938673,0.0012172664565062163,3251.605,3172.46,,0.011248402496521455,3324.9,-0.035219104333964905
TCS,IT,2026-01-12,3203.0,3252.0,3174.3,3239.6,2228342,0.0099133362429078,3252.5600000000004,3176.546,,0.011288932370175569,3324.9,-0.025654906914493722
TCS,IT,2026-01-13,3245.0,3280.0,3210.5,3268.0,5645341,0.008766514384491941,3254.45,3180.7459999999996,,0.011432597232883802,3324.9,-0.017113296640500493
TCS,IT,2026-01-14,3260.0,3260.0,3183.0,3192.5,3539511,-0.023102815177478586,3253.82,3184.26,,0.012491559858817763,3324.9,-0.03982074648861623
TCS,IT,2026-01-15,3192.5,3192.5,3192.5,3192.5,0,0.0,3252.5550000000003,3188.3059999999996,,0.012454731138058176,3324.9,-0.03982074648861623
TCS,IT,2026-01-16,3219.4,3221.9,3171.0,3206.7,4293470,0.004447924823805849,3248.85,3192.222,,0.011613517938664351,3324.9,-0.03554994135161968
TCS,IT,2026-01-19,3188.0,3220.0,3152.1,3163.6,3387562,-0.01344060872548103,3242.93,3195.6580000000004,,0.011929279961452493,3324.9,-0.04851273722517976
TCS,IT,2026-01-20,3151.6,3160.0,3091.1,3102.3,4499273,-0.019376659501833315,3231.8,3197.2,,0.012011185482551276,3324.9,-0.0669493819362988
TCS,IT,2026-01-21,3100.0,3138.5,3082.0,3122.6,2015150,0.006543532218031611,3222.43,3198.712,,0.012209799595767616,3324.9,-0.06084393515594459
TCS,IT,2026-01-22,3150.0,3160.0,3122.3,3150.4,2269827,0.008902837379107131,3214.0,3199.0840000000003,,0.012434176821878173,3324.9,-0.0524827814370357
TCS,IT,2026-01-23,3190.3,3194.5,3152.0,3162.5,2068857,0.003840782122904951,3208.125,3200.22,,0.012313792953871706,3324.9,-0.0488435742428344
TCS,IT,2026-01-27,3175.0,3175.0,3130.0,3158.0,4279874,-0.0014229249011857847,3203.45,3201.26,,0.012204991357446177,3324.9,-0.05019699840596712
TCS,IT,2026-01-28,3176.0,3205.2,3170.6,3200.1,2751234,0.013331222292590317,3201.1150000000002,3203.218,,0.01264071174265873,3324.9,-0.03753496345754765
TCS,IT,2026-01-29,3200.1,3200.1,3125.6,3144.4,2457641,-0.017405706071685234,3198.025,3204.364,,0.012926936329020854,3324.9,-0.054287346987879334
TCS,IT,2026-01-30,3141.0,3141.0,3092.0,3123.9,3022068,-0.0065195267777636845,3192.85,3203.888,,0.012858999825326862,3324.9,-0.06045294595326175
TCS,IT,2026-02-02,3198.0,3198.0,3134.0,3169.6,2636272,0.014629149460610114,3188.795,3204.384,,0.01322642851108034,3324.9,-0.04670817167433612
TCS,IT,2026-02-03,3350.0,3350.0,3186.3,3225.3,4366060,0.017573195355880866,3189.255,3205.8779999999997,,0.01366145121789883,3324.9,-0.029955788144004302
TCS,IT,2026-02-04,3120.0,3120.0,2986.0,2999.1,10852595,-0.07013301088270862,3176.42,3203.0359999999996,,0.020533009183945676,3324.9,-0.0979879094108094
TCS,IT,2026-02-05,2990.0,3029.7,2972.3,2991.5,3521545,-0.0025340935614017734,3161.215,3200.482,,0.02018559616237536,3324.9,-0.10027369244187798
TCS,IT,2026-02-06,2976.6,2985.0,2916.0,2941.6,4687389,-0.016680595019221145,3148.1,3196.0559999999996,,0.019658534284235668,3324.9,-0.11528166260639423
TCS,IT,2026-02-09,2959.1,2977.0,2937.5,2948.2,2380318,0.002243676910524961,3135.12,3192.2880000000005,,0.01967440394071745,3324.9,-0.11329664050046626
TCS,IT,2026-02-10,2949.8,3011.6,2943.5,2984.6,3547763,0.012346516518553674,3122.37,3189.23,,0.019772383727842055,3324.9,-0.10234894282534818
TCS,IT,2026-02-11,2980.0,2998.0,2904.2,2909.8,3363513,-0.025061984855591968,3104.46,3184.758,,0.020076430919913537,3324.9,-0.12484586002586541
TCS,IT,2026-02-12,2869.8,2880.0,2740.0,2750.1,10612156,-0.05488349714757035,3082.3399999999997,3177.0460000000003,,0.022630658530804145,3324.9,-0.17287737977082024
TCS,IT,2026-02-13,2585.0,2713.0,2585.0,2692.2,11168735,-0.021053779862550526,3057.325,3167.29,,0.022768346187360834,3324.9,-0.1902914373364613
TCS,IT,2026-02-16,2700.0,2719.8,2671.0,2706.6,2918730,0.005348785379986731,3032.32,3156.8379999999997,,0.022795627529998166,3324.9,-0.18596048001443657
TCS,IT,2026-02-17,2716.0,2760.0,2695.2,2717.4,4209118,0.0039902460651741745,3010.0099999999998,3146.422,,0.02291711306859194,3324.9,-0.182712262022918
TCS,IT,2026-02-18,2730.0,2730.0,2657.3,2694.9,2950820,-0.008279973504084825,2989.64,3135.59,,0.022743422771581992,3324.9,-0.1894793828385816
TCS,IT,2026-02-19,2708.0,2748.7,2666.6,2677.9,3238849,-0.006308211807488195,2967.4049999999997,3124.982,,0.022528265011505507,3324.9,-0.1945923185659719
TCS,IT,2026-02-20,2667.0,2702.6,2647.5,2686.2,2293482,0.003099443593860718,2944.1949999999997,3114.922,,0.02234379577181894,3324.9,-0.19209600288730497
TCS,IT,2026-02-23,2686.0,2704.0,2660.2,2676.3,4699596,-0.003685503685503577,2919.8849999999998,3104.61,,0.022202232414743332,3324.9,-0.19507353604619684
TCS,IT,2026-02-24,2641.0,2647.5,2561.3,2573.7,7798833,-0.038336509359937376,2890.6699999999996,3091.6739999999995,,0.02313526181292796,3324.9,-0.2259316069656231
TCS,IT,2026-02-25,2596.0,2654.2,2595.0,2629.3,3621285,0.021603139449042352,2862.13,3079.6560000000004,,0.023641141826497993,3324.9,-0.20920929952780531
TCS,IT,2026-02-26,2650.0,2671.0,2635.0,2647.7,3464267,0.006998060320237087,2837.2949999999996,3068.508,,0.02384069330585126,3324.9,-0.2036752985052183
TCS,IT,2026-02-27,2681.6,2688.6,2626.1,2637.4,5083717,-0.0038901688257731992,2812.97,3056.9,,0.02385816847652524,3324.9,-0.20677313603416644
TCS,IT,2026-03-02,2592.0,2623.8,2580.3,2613.5,3374385,-0.009061954955638107,2785.165,3043.5539999999996,,0.023247948000121744,3324.9,-0.21396132214502694
TCS,IT,2026-03-04,2625.0,2635.0,2580.4,2587.8,3446434,-0.009833556533384247,2753.29,3029.67,,0.022369503053448682,3324.9,-0.22169087792114045
TCS,IT,2026-03-05,2600.0,2609.5,2546.4,2578.8,2960636,-0.003477857639693993,2732.275,3014.748,,0.017480790615510795,3324.9,-0.2243977262474059
TCS,IT,2026-03-06,2572.0,2619.2,2553.6,2557.6,3998643,-0.008220877927718417,2710.58,2999.7,,0.017444152868241528,3324.9,-0.23077385786038682
TCS,IT,2026-03-09,2530.0,2560.0,2505.0,2527.4,3653428,-0.011807944948388993,2689.87,2983.868,,0.017345242181411726,3324.9,-0.23985683779963307
TCS,IT,2026-03-10,2541.0,2545.2,2490.1,2513.1,4323710,-0.005657988446625017,2668.1150000000002,2968.53,,0.01720310329473465,3324.9,-0.2441577190291438
TCS,IT,2026-03-11,2508.1,2521.0,2460.1,2464.9,2720664,-0.019179499423023327,2642.13,2952.798,,0.016695977364112886,3324.9,-0.2586543956209209
TCS,IT,2026-03-12,2459.8,2472.9,2436.0,2442.4,2752075,-0.009128159357377541,2618.7599999999998,2936.71,,0.01628360611316275,3324.9,-0.26542151643658457
TCS,IT,2026-03-13,2437.0,2445.9,2397.0,2410.5,2466488,-0.013060923681624703,2601.7799999999997,2920.796,,0.012198495665683033,3324.9,-0.2750157899485699
TCS,IT,2026-03-16,2410.0,2425.0,2366.1,2409.2,3807907,-0.0005393071976769193,2587.63,2904.4320000000002,,0.011764848075322437,3324.9,-0.2754067791512527
TCS,IT,2026-03-17,2420.0,2420.0,2360.0,2391.7,2993367,-0.0072638220156068245,2571.8849999999998,2887.252,,0.011489131854287175,3324.9,-0.28067009534121334
TCS,IT,2026-03-18,2410.0,2482.9,2410.0,2440.8,3082388,0.020529330601664286,2558.0550000000003,2871.7459999999996,,0.01277683430709191,3324.9,-0.2659027339168095
TCS,IT,2026-03-19,2417.0,2424.0,2350.2,2356.0,2757060,-0.034742707309079024,2541.11,2853.75,,0.014374682513530848,3324.9,-0.29140726036873293
TCS,IT,2026-03-20,2386.0,2407.8,2364.2,2390.6,4206320,0.014685908319185037,2526.745,2835.65,,0.015142988840319753,3324.9,-0.28100093235886797
TCS,IT,2026-03-23,2365.0,2406.8,2348.0,2383.8,3860515,-0.002844474190579649,2511.625,2819.248,,0.0150221764037723,3324.9,-0.28304610664982405
TCS,IT,2026-03-24,2404.1,2435.4,2379.1,2398.8,3420182,0.00629247420085588,2497.75,2803.0680000000007,,0.01526147804786158,3324.9,-0.2785346927727149
TCS,IT,2026-03-25,2400.9,2421.6,2369.8,2377.4,5843778,-0.008921127230281822,2487.9350000000004,2785.824,,0.013191974545602711,3324.9,-0.2849709765707239
TCS,IT,2026-03-27,2403.9,2422.1,2385.0,2389.8,4979411,0.0052157819466644995,2475.96,2768.26,,0.011979324175065548,3324.9,-0.28124154109898036
TCS,IT,2026-03-30,2375.1,2398.0,2346.2,2358.9,6804756,-0.012929952297263458,2461.5199999999995,2751.5879999999997,,0.011782665403800198,3324.9,-0.2905350536858251
TCS,IT,2026-04-01,2429.0,2472.0,2397.9,2408.2,4132661,0.020899571834329445,2450.0600000000004,2735.902,,0.01320072475138748,3324.9,-0.27570754007639336
TCS,IT,2026-04-02,2386.0,2469.9,2375.7,2450.7,5378361,0.01764803587741892,2441.92,2720.782,,0.014034602338546769,3324.9,-0.2629252007579176
TCS,IT,2026-04-06,2474.0,2482.0,2448.2,2473.9,2572417,0.009466682988533925,2436.225,2706.988,,0.014210888284615971,3324.9,-0.25594754729465546
TCS,IT,2026-04-07,2461.0,2543.9,2448.0,2539.8,4516550,0.0266381017826105,2434.275,2695.738,,0.015591481503026165,3324.9,-0.23612740232788954
TCS,IT,2026-04-08,2572.0,2580.3,2540.1,2559.2,4769337,0.007638396724151342,2434.355,2684.47,,0.015589250107393959,3324.9,-0.2302926403801619
TCS,IT,2026-04-09,2554.0,2605.0,2531.1,2589.0,5628261,0.011644263832447654,2437.435,2673.242,,0.015524580721377494,3324.9,-0.22132996481097178
TCS,IT,2026-04-10,2565.8,2565.8,2501.1,2524.3,10480239,-0.02499034376207021,2437.995,2660.478,,0.016549886619592287,3324.9,-0.24078919666756893
TCS,IT,2026-04-13,2489.9,2504.9,2470.0,2472.6,3739587,-0.020480925405062855,2438.38,2646.77,,0.016633076105287255,3324.9,-0.2563385364973383
TCS,IT,2026-04-15,2501.9,2559.0,2493.4,2554.9,5261384,0.03328480142360268,2444.005,2633.8660000000004,,0.01801566661333295,3324.9,-0.23158591235826642
TCS,IT,2026-04-16,2572.0,2594.0,2558.0,2576.9,3905403,0.008610904536381137,2452.325,2622.5159999999996,,0.01768496905517971,3324.9,-0.22496917200517308
TCS,IT,2026-04-17,2570.0,2589.0,2555.9,2581.5,2718206,0.001785090612751672,2460.9399999999996,2611.668,,0.017664707707122397,3324.9,-0.22358567174952632
TCS,IT,2026-04-20,2587.1,2594.0,2561.2,2579.6,2288558,-0.0007360061979470034,2470.335,2599.868,,0.017512905638790096,3324.9,-0.2241571175072935
TCS,IT,2026-04-21,2560.0,2614.0,2560.0,2610.5,2719959,0.011978601333540118,2478.82,2587.5719999999997,,0.017187820176125756,3324.9,-0.21486360492044876
TCS,IT,2026-04-22,2580.0,2580.0,2503.6,2538.5,5232045,-0.02758092319479022,2487.945,2578.36,,0.016405798368985067,3324.9,-0.23651839153057236
TCS,IT,2026-04-23,2529.0,2559.5,2516.3,2521.8,2509050,-0.0065786882016938275,2494.505,2568.966,,0.01635660809123289,3324.9,-0.24154109898042042
TCS,IT,2026-04-24,2488.0,2505.0,2388.8,2396.9,5107719,-0.04952811483860742,2495.16,2558.072,,0.02010606783827906,3324.9,-0.2791061385304821
TCS,IT,2026-04-27,2396.9,2459.0,2396.9,2447.6,5853425,0.021152321748925562,2497.6,2548.06,,0.02060110656357908,3324.9,-0.26385755962585344
TCS,IT,2026-04-28,2444.0,2487.0,2427.4,2444.7,4508363,-0.0011848341232227888,2500.965,2537.2619999999997,,0.020473084354588146,3324.9,-0.2647297663087612
TCS,IT,2026-04-29,2451.0,2487.9,2447.6,2474.7,2835961,0.01227144434899996,2505.21,2528.56,,0.020599114096817743,3324.9,-0.2557069385545431
TCS,IT,2026-04-30,2479.0,2491.0,2438.0,2473.9,3970446,-0.00032327150765742996,2510.96,2523.036,,0.02031067163969209,3324.9,-0.25594754729465546
TCS,IT,2026-05-01,2473.9,2473.9,2473.9,2473.9,0,0.0,2514.245,2518.67,,0.019851005447395324,3324.9,-0.25594754729465546
TCS,IT,2026-05-04,2494.0,2498.3,2425.0,2431.3,2632358,-0.017219774445207947,2513.275,2513.1639999999998,,0.01989255816310106,3324.9,-0.26875996270564523
TCS,IT,2026-05-05,2430.0,2460.4,2412.2,2427.3,3385720,-0.0016452103812775176,2510.945,2507.362,,0.01976288985913502,3324.9,-0.2699630064062077
TCS,IT,2026-05-06,2441.9,2471.0,2406.5,2435.4,3147628,0.0033370411568409697,2505.725,2502.172,,0.018721923226694352,3324.9,-0.2675268429125688
TCS,IT,2026-05-07,2438.2,2439.7,2398.0,2401.4,5829594,-0.013960745668062713,2497.835,2496.6420000000003,,0.018763951108437777,3324.9,-0.2777527143673494
TCS,IT,2026-05-08,2398.0,2407.0,2375.1,2394.4,3792199,-0.0029149662696760226,2488.105,2490.806,,0.018445290745536923,3324.9,-0.2798580408433336
TCS,IT,2026-05-11,2371.0,2415.0,2371.0,2392.9,1975188,-0.0006264617440695508,2481.535,2485.1380000000004,,0.017759500338628498,3324.9,-0.28030918223104456
TCS,IT,2026-05-12,2375.0,2375.0,2283.0,2300.3,6347884,-0.03869781436750386,2472.92,2479.67,,0.019142563810490874,3324.9,-0.3081596438990646
TCS,IT,2026-05-13,2306.0,2309.2,2269.0,2272.8,3171843,-0.01195496239620919,2458.8149999999996,2472.54,,0.017144570414410507,3324.9,-0.31643056934043123
TCS,IT,2026-05-14,2265.0,2265.0,2206.4,2246.0,5633313,-0.011791622668074653,2442.27,2464.506,,0.01685332541586772,3324.9,-0.32449096213419953
TCS,IT,2026-05-15,2252.0,2304.9,2252.0,2264.0,3410637,0.00801424755120217,2426.395,2457.038,,0.017074705093587494,3324.9,-0.31907726548166865
TCS,IT,2026-05-18,2264.0,2292.9,2252.2,2283.2,3773336,0.008480565371024706,2411.575,2450.432,,0.01735763022070621,3324.9,-0.3133026557189691
TCS,IT,2026-05-19,2300.0,2377.6,2297.1,2327.1,10394707,0.019227400140154227,2397.4049999999997,2445.2180000000003,,0.017820943124063925,3324.9,-0.30009925110529645
TCS,IT,2026-05-20,2323.9,2342.0,2317.8,2327.4,2537422,0.00012891581797092044,2386.85,2440.19,,0.017081975775268873,3324.9,-0.3000090228277542
TCS,IT,2026-05-21,2331.0,2335.9,2314.0,2327.2,3299087,-8.593280055013697e-05,2377.12,2435.5820000000003,,0.01709589548808513,3324.9,-0.3000691750127824
TCS,IT,2026-05-22,2331.1,2340.0,2308.1,2317.3,2617262,-0.004254039188724468,2373.1400000000003,2431.38,,0.013309604745840097,3324.9,-0.3030467081716743
TCS,IT,2026-05-25,2325.0,2326.1,2293.0,2308.2,3298364,-0.003926983989988475,2366.17,2427.282,,0.012187017456419548,3324.9,-0.30578363259045394
TCS,IT,2026-05-26,2308.2,2327.9,2272.4,2276.2,3587597,-0.013863616670999002,2357.745,2423.5080000000003,,0.012422968681833565,3324.9,-0.3154079821949533
TCS,IT,2026-05-27,2275.0,2295.6,2260.9,2284.2,2653950,0.0035146296459009907,2348.2200000000003,2420.344,,0.011984804889738595,3324.9,-0.31300189479382845
TCS,IT,2026-05-28,2284.2,2284.2,2284.2,2284.2,0,0.0,2338.7349999999997,2417.8179999999998,,0.011990139352288636,3324.9,-0.31300189479382845
TCS,IT,2026-05-29,2291.0,2334.0,2235.0,2258.9,16331582,-0.011076087908239107,2327.9849999999997,2414.812,,0.012055556828680047,3324.9,-0.3206111461998857
TCS,IT,2026-06-01,2284.0,2335.0,2280.0,2297.4,7505095,0.017043693833281637,2321.29,2412.926,,0.012571240706454703,3324.9,-0.30903185058197236
TCS,IT,2026-06-02,2320.0,2457.4,2316.2,2446.9,11306127,0.06507356141725418,2322.27,2413.048,,0.01970743590680848,3324.9,-0.26406809227345185
TCS,IT,2026-06-03,2393.0,2393.0,2224.8,2241.7,15660062,-0.08386121214598075,2312.585,2410.762,,0.02726323966531152,3324.9,-0.3257842341123042
TCS,IT,2026-06-04,2241.7,2253.1,2216.6,2241.0,4867263,-0.0003122630146762395,2304.565,2407.7700000000004,,0.027165545595537396,3324.9,-0.3259947667599026
TCS,IT,2026-06-05,2262.9,2271.8,2192.0,2198.9,5019717,-0.018786256135653656,2294.79,2404.072,,0.027390918355650235,3324.9,-0.338656801708322
TCS,IT,2026-06-08,2170.0,2177.0,2143.3,2151.4,6536734,-0.021601709945882064,2282.715,2399.124,,0.02765971579434571,3324.9,-0.35294294565250084
TCS,IT,2026-06-09,2174.0,2174.0,2132.8,2151.0,4148655,-0.00018592544389706145,2275.25,2394.5959999999995,,0.026501955276544253,3324.9,-0.35306325002255706
TCS,IT,2026-06-10,2151.3,2180.8,2144.8,2153.9,2848650,0.001348210134821004,2269.3050000000003,2389.878,,0.026432511252433143,3324.9,-0.3521910433396493
TCS,IT,2026-06-11,2127.0,2154.6,2110.0,2135.6,3079815,-0.008496216166024473,2263.7850000000003,2385.412,,0.02638075047846276,3324.9,-0.35769496826972247
TCS,IT,2026-06-12,2150.0,2168.0,2138.0,2161.4,2124656,0.01208091402884448,2258.655,2380.476,,0.026478956641790036,3324.9,-0.34993533640109475
TCS,IT,2026-06-15,2192.0,2192.0,2159.3,2162.0,3337083,0.0002775978532432166,2252.595,2374.702,,0.0263717509577364,3324.9,-0.34975487984601045
TCS,IT,2026-06-16,2167.0,2209.0,2160.6,2199.0,3079898,0.017113783533765137,2246.19,2369.204,,0.026284663710432556,3324.9,-0.33862672561580803
TCS,IT,2026-06-17,2209.0,2231.0,2200.7,2223.0,2865010,0.01091405184174632,2240.97,2362.8680000000004,,0.026451400976180803,3324.9,-0.33140846341243346
TCS,IT,2026-06-18,2209.0,2214.0,2182.0,2203.3,3735188,-0.008861898335582485,2234.775,2355.7500000000005,,0.026491538697239483,3324.9,-0.33733345363770334
TCS,IT,2026-06-19,2105.0,2138.0,2059.9,2125.0,13286502,-0.03553760268687889,2225.16,2346.47,2814.308,0.027511145790610272,3324.9,-0.36088303407621286
TCS,IT,2026-06-22,2132.2,2157.0,2121.0,2127.8,4566101,0.0013176470588236455,2216.1400000000003,2338.54,2809.384,0.0275364324706167,3324.9,-0.3600409034858191
TCS,IT,2026-06-23,2111.0,2114.0,2055.0,2059.6,6392736,-0.03205188457561814,2205.3100000000004,2330.28,2804.1245,0.028182694391783992,3324.9,-0.38055279858040847
TCS,IT,2026-06-24,2061.0,2120.7,2061.0,2109.0,4747277,0.023985239852398532,2196.55,2321.362,2799.1820000000002,0.028856738204473285,3324.9,-0.3656952088784625
TCS,IT,2026-06-25,2133.6,2148.5,2088.0,2094.7,4738903,-0.006780464675201658,2187.075,2311.718,2794.1769999999997,0.02885228459861672,3324.9,-0.36999609010797324
TCS,IT,2026-06-26,2094.7,2094.7,2094.7,2094.7,0,0.0,2178.8650000000002,2301.982,2789.409,0.02881396911199829,3324.9,-0.36999609010797324
TCS,IT,2026-06-29,2090.0,2105.0,2071.0,2097.9,3412470,0.001527665059435801,2168.8900000000003,2292.348,2784.8035000000004,0.028442005040215778,3324.9,-0.36903365514752323
TCS,IT,2026-06-30,2090.0,2104.3,2018.8,2031.5,6848411,-0.031650698317365,2148.12,2280.768,2779.7140000000004,0.02391673285552987,3324.9,-0.3890041805768595
TCS,IT,2026-07-01,2039.9,2052.0,1976.8,1982.6,4658295,-0.024070883583559022,2135.165,2269.65,2774.077,0.016717078746170504,3324.9,-0.4037113898162351
TCS,IT,2026-07-02,2008.0,2076.9,2002.5,2068.1,6040621,0.0431251891455664,2126.52,2260.576,2768.7965000000004,0.019993881839775293,3324.9,-0.37799633071671335
TCS,IT,2026-07-03,2100.0,2116.6,2085.0,2093.5,4028819,0.012281804554905573,2121.25,2254.508,2763.597,0.019976514593432252,3324.9,-0.3703570032181419
TCS,IT,2026-07-06,2090.0,2093.0,2050.6,2057.6,2567386,-0.017148316216861748,2116.56,2246.708,2758.3255,0.01977339943433456,3324.9,-0.3811543204306897
TCS,IT,2026-07-07,2050.0,2122.7,2049.0,2096.1,4769048,0.01871111975116646,2113.8149999999996,2239.736,2753.0775,0.020310870715283813,3324.9,-0.3695750248127764
TCS,IT,2026-07-08,2094.0,2109.7,2048.8,2057.5,3666985,-0.018415151948857345,2108.995,2231.3920000000003,2747.5009999999997,0.020663414967334946,3324.9,-0.38118439652320374
TCS,IT,2026-07-09,2057.5,2065.0,2016.0,2049.5,3791498,-0.003888213851761857,2104.6899999999996,2222.904,2741.865,0.020613784041359842,3324.9,-0.3835904839243286
TCS,IT,2026-07-10,2105.2,2133.3,2064.6,2069.0,6714551,0.009514515735545181,2100.0699999999997,2214.806,2736.3639999999996,0.020530296353575398,3324.9,-0.37772564588408675
TCS,IT,2026-07-13,2075.0,2204.9,2065.1,2181.5,12382622,0.054374093765103826,2101.0449999999996,2209.81,2731.9025,0.024097315140493323,3324.9,-0.3438900418057686
TCS,IT,2026-07-14,2182.9,2228.0,2179.0,2200.6,9546290,0.008755443502177274,2101.1249999999995,2205.276,2727.5935000000004,0.02386949232226576,3324.9,-0.3381455081355831
TCS,IT,2026-07-15,2174.1,2202.9,2145.4,2189.2,5426489,-0.005180405343997108,2099.4350000000004,2200.3520000000003,2723.3625,0.02376406994791262,3324.9,-0.341574182682186
TCS,IT,2026-07-16,2206.0,2231.4,2187.8,2201.0,5197595,0.005390096839028136,2099.32,2196.344,2719.5805,0.023713748020170084,3324.9,-0.3380252037655268
TCS,IT,2026-07-17,2224.8,2275.0,2215.1,2269.0,5615138,0.030895047705588263,2106.52,2193.8360000000002,2716.43,0.02308692728658927,3324.9,-0.3175734608559656
TCS,IT,2026-07-20,2280.1,2283.4,2245.1,2251.1,2202693,-0.007888937858087308,2112.685,2191.0,2713.205,0.02322483035182124,3324.9,-0.3229570814159825
TCS,IT,2026-07-21,2245.1,2259.9,2218.5,2221.1,2382160,-0.013326818000088836,2120.7599999999998,2189.416,2709.8684999999996,0.02208366860489208,3324.9,-0.33197990917020065
TCS,IT,2026-07-22,2216.0,2226.8,2201.0,2208.3,1599665,-0.005762910269686117,2125.725,2188.126,2706.3390000000004,0.02166535267782924,3324.9,-0.3358296490120003
TCS,IT,2026-07-23,2204.0,2250.0,2193.6,2242.9,2503539,0.015668161028845606,2133.135,2188.064,2703.0440000000003,0.021739367038364578,3324.9,-0.3254233210021354
TCS,IT,2026-07-24,2205.1,2264.3,2205.1,2254.3,3211699,0.005082705426010969,2141.115,2187.87,2699.3734999999997,0.02172421071466854,3324.9,-0.32199464645553244
TCS,IT,2026-07-27,2286.0,2315.0,2272.4,2295.6,4007292,0.018320542962338537,2150.9999999999995,2188.1180000000004,2695.9830000000006,0.02195104630594045,3324.9,-0.3095732202472255
TCS,IT,2026-07-28,2325.0,2417.4,2323.0,2398.0,8248513,0.044607074403206104,2169.325,2189.536,2692.837,0.02192038509527109,3324.9,-0.2787753015128275
TCS,IT,2026-07-29,2440.0,2475.5,2415.1,2446.6,7169419,0.020266889074228578,2192.525,2191.92,2689.7615,0.020652816968247563,3324.9,-0.2641583205509941
TCS,IT,2026-07-30,2440.0,2495.0,2423.0,2431.8,4901582,-0.006049211150167433,2210.71,2194.0119999999997,2686.7789999999995,0.019492604247236374,3324.9,-0.26860958224307496
TCS,IT,2026-07-31,2385.0,2391.0,2326.1,2365.6,4343683,-0.02722263344025011,2224.3149999999996,2194.978,2683.5710000000004,0.021011354462252954,3324.9,-0.28851995548738313
TCS,IT,2026-08-03,2383.9,2473.7,2383.0,2473.7,3036839,0.04569665201217443,2245.12,2198.288,2681.138,0.021990958530907677,3324.9,-0.25600769947968366
TCS,IT,2026-08-04,2463.1,2467.4,2435.1,2460.0,2792792,-0.00553826252172851,2263.315,2201.964,2678.5890000000004,0.02212315998280786,3324.9,-0.2601281241541099
TCS,IT,2026-08-05,2460.0,2460.9,2408.0,2413.0,3014409,-0.019105691056910623,2281.09,2204.54,2675.8005,0.022167484761404115,3324.9,-0.2742638876357184
TCS,IT,2026-08-06,2417.0,2434.5,2368.5,2373.0,2729141,-0.016576875259013635,2297.2650000000003,2206.3160000000003,2672.8545,0.02270756934579905,3324.9,-0.28629432464134263
TCS,IT,2026-08-07,2375.0,2457.7,2375.0,2452.7,4547979,0.03358617783396545,2316.45,2210.192,2670.0419999999995,0.02344071812635953,3324.9,-0.2623236789076364
TCS,IT,2026-08-10,2452.7,2472.9,2423.5,2425.7,2322023,-0.011008276593142297,2328.6600000000003,2212.758,2667.137,0.021202590717640284,3324.9,-0.27044422388643274
TCS,IT,2026-08-11,2438.0,2456.6,2428.0,2445.7,1514105,0.008245042668095781,2340.915,2212.734,2663.9995,0.021198811539049154,3324.9,-0.26442900538362063
TCS,IT,2026-08-12,2445.7,2445.8,2300.1,2349.7,7022647,-0.039252565727603606,2348.9399999999996,2214.894,2660.4320000000002,0.023361476657231883,3324.9,-0.2933020541971188
TCS,IT,2026-08-13,2349.7,2375.0,2332.3,2375.0,2123494,0.010767331999829821,2357.64,2217.574,2656.8825,0.023411612865325757,3324.9,-0.2856928027910614
TCS,IT,2026-08-14,2375.1,2390.0,2333.4,2361.0,2232160,-0.005894736842105286,2362.24,2220.8160000000003,2653.3980000000006,0.022625113868083153,3324.9,-0.2899034557430299
TCS,IT,2026-08-17,2351.0,2361.1,2310.6,2313.2,2237636,-0.020245658619229223,2365.3450000000003,2224.052,2649.676,0.02308014018769158,3324.9,-0.3042798279647509
TCS,IT,2026-08-18,2300.0,2307.0,2280.0,2280.0,1797822,-0.014352412242780499,2368.29,2226.632,2645.8995,0.023116191489460567,3324.9,-0.31426509067941893
TCS,IT,2026-08-19,2293.6,2308.2,2258.3,2289.0,3368922,0.003947368421052699,2372.325,2229.334,2642.0545,0.02305615281794639,3324.9,-0.3115582423531535
TCS,IT,2026-08-20,2319.4,2329.0,2288.1,2298.0,2047848,0.003931847968545288,2375.08,2232.5820000000003,2638.4604999999997,0.02283956510379117,3324.9,-0.30885139402688805
TCS,IT,2026-08-21,2290.1,2307.2,2263.3,2302.0,2066749,0.0017406440382941035,2377.465,2235.394,2635.0195000000003,0.022823887556494723,3324.9,-0.30764835032632565
TCS,IT,2026-08-24,2302.4,2321.6,2279.5,2284.1,1542723,-0.00777584708948742,2376.8900000000003,2237.836,2631.3855,0.022543444823941532,3324.9,-0.3130319708863425
TCS,IT,2026-08-25,2305.0,2313.5,2262.0,2296.2,3041609,0.00529749135326818,2371.8,2239.78,2627.9075,0.020021074259986338,3324.9,-0.3093927636921412
TCS,IT,2026-08-26,2305.1,2306.3,2266.4,2270.0,1660737,-0.011410155909763908,2362.97,2240.72,2624.1315000000004,0.019412473355438574,3324.9,-0.317272699930825
TCS,IT,2026-08-27,2270.0,2283.6,2243.9,2248.4,1709113,-0.00951541850220261,2353.8,2241.622,2620.1385,0.019451290809157917,3324.9,-0.3237691359138621
TCS,IT,2026-08-28,2272.0,2348.5,2263.3,2342.0,4054069,0.0416296032734389,2352.62,2245.962,2616.1895,0.02109858039777761,3324.9,-0.2956179133207014
TCS,IT,2026-08-31,2342.0,2399.3,2306.2,2399.3,2905846,0.02446626814688302,2348.9,2251.3920000000003,2612.6575,0.019102692504547724,3324.9,-0.27838431231014465
TCS,IT,2026-09-01,2355.0,2372.0,2325.0,2369.0,2677188,-0.012628683365981774,2344.35,2257.58,2608.9725,0.01924967852444006,3324.9,-0.28749736834190504
