Date,Adj Close,Close,High,Low,Open,Volume,Daily_Return,MA20,MA50,MA200,Rolling_Volatility_20D,Running_Max,Drawdown
2024-01-01,1226.38720703125,1260.25,1263.949951171875,1252.5,1261.0,733452,,,,,,1260.25,0.0
2024-01-02,1261.3709716796875,1296.199951171875,1299.0,1257.1500244140625,1261.0,3174447,0.02852604734923636,,,,,1296.199951171875,0.0
2024-01-03,1263.706787109375,1298.5999755859375,1304.6500244140625,1291.1500244140625,1296.199951171875,1699057,0.001851585021194202,,,,,1298.5999755859375,0.0
2024-01-04,1277.6710205078125,1312.949951171875,1328.5,1297.050048828125,1304.0,2851729,0.011050343335685664,,,,,1312.949951171875,0.0
2024-01-05,1265.263671875,1300.199951171875,1318.0,1287.0,1318.0,2960339,-0.009710956604720544,,,,,1312.949951171875,-0.009710956604720516
2024-01-08,1270.226806640625,1305.300048828125,1309.949951171875,1299.300048828125,1305.4000244140625,1678133,0.003922548721566388,,,,,1312.949951171875,-0.0058264995835691
2024-01-09,1288.424072265625,1324.0,1333.449951171875,1306.8499755859375,1314.949951171875,1712486,0.014326170590940768,,,,,1324.0,0.0
2024-01-10,1289.251220703125,1324.8499755859375,1333.5,1313.1500244140625,1330.050048828125,1278475,0.0006419755180797626,,,,,1324.8499755859375,0.0
2024-01-11,1280.8824462890625,1316.25,1331.9000244140625,1310.199951171875,1328.0,1320281,-0.006491282593815262,,,,,1324.8499755859375,-0.006491282593815208
2024-01-12,1290.3216552734375,1325.949951171875,1330.0,1305.550048828125,1319.0,1538242,0.007369383606362856,,,,,1325.949951171875,0.0
2024-01-15,1293.63037109375,1329.3499755859375,1340.0,1321.5999755859375,1329.199951171875,1475983,0.0025642177602989147,,,,,1329.3499755859375,0.0
2024-01-16,1278.157470703125,1313.449951171875,1331.550048828125,1307.550048828125,1330.050048828125,824502,-0.01196075127398577,,,,,1329.3499755859375,-0.011960751273985805
2024-01-17,1264.0958251953125,1299.0,1320.449951171875,1294.3499755859375,1312.0,2544642,-0.011001524008571906,,,,,1329.3499755859375,-0.022830688790256414
2024-01-18,1299.8582763671875,1335.75,1343.4000244140625,1290.0,1298.949951171875,2842572,0.02829099307159355,,,,,1335.75,0.0
2024-01-19,1299.71240234375,1335.5999755859375,1344.4000244140625,1329.1500244140625,1340.0,1605745,-0.00011231474008044362,,,,,1335.75,-0.00011231474008047913
2024-01-23,1341.26513671875,1378.300048828125,1394.5999755859375,1316.0,1316.0,4129729,0.03197070531800117,,,,,1378.300048828125,0.0
2024-01-24,1344.9630126953125,1382.0999755859375,1390.0,1360.3499755859375,1380.0,1719845,0.002756966279616302,,,,,1382.0999755859375,0.0
2024-01-25,1331.5338134765625,1368.300048828125,1390.0999755859375,1348.5,1383.550048828125,1870910,-0.009984752913378858,,,,,1382.0999755859375,-0.00998475291337883
2024-01-29,1363.2091064453125,1400.8499755859375,1420.8499755859375,1355.199951171875,1365.0,3413149,0.023788588464708216,,,,,1400.8499755859375,0.0
2024-01-30,1334.89111328125,1371.75,1409.199951171875,1369.1500244140625,1401.9000244140625,1935332,-0.020773084979186174,1328.9499877929688,,,,1400.8499755859375,-0.020773084979186132
2024-01-31,1380.3363037109375,1418.449951171875,1438.9000244140625,1366.9000244140625,1371.699951171875,5796356,0.03404406865090204,1336.8599853515625,,,0.016181657081014877,1418.449951171875,0.0
2024-02-01,1370.1182861328125,1407.949951171875,1430.449951171875,1398.9000244140625,1427.0,2442481,-0.007402446587082778,1342.4474853515626,,,0.015537010000863003,1418.449951171875,-0.007402446587082793
2024-02-02,1378.5845947265625,1416.6500244140625,1433.8499755859375,1405.1500244140625,1409.0,1775449,0.006179248939172988,1348.3499877929687,,,0.015531881158908568,1418.449951171875,-0.0012689392081302988
2024-02-05,1424.4677734375,1463.800048828125,1466.0,1423.5999755859375,1426.800048828125,3481964,0.03328276116295137,1355.8924926757813,,,0.016773343806455142,1463.800048828125,0.0
2024-02-06,1435.4642333984375,1475.0999755859375,1478.0,1446.550048828125,1450.0,1893995,0.00771958353660307,1364.6374938964843,,,0.016385093131906465,1475.0999755859375,0.0
2024-02-07,1455.9970703125,1496.199951171875,1500.449951171875,1480.4000244140625,1483.0,2259235,0.014304098661215292,1374.1824890136718,,,0.016464840104761996,1496.199951171875,0.0
2024-02-08,1459.3057861328125,1499.5999755859375,1507.5,1485.3499755859375,1501.050048828125,2213750,0.002272439864337228,1382.9624877929687,,,0.016402107002752415,1499.5999755859375,0.0
2024-02-09,1502.0740966796875,1534.800048828125,1539.0,1492.25,1500.9000244140625,6343881,0.023472975336928714,1393.4599914550781,,,0.016772561438738953,1534.800048828125,0.0
2024-02-12,1501.7314453125,1534.449951171875,1555.0999755859375,1521.0999755859375,1539.8499755859375,4059288,-0.00022810636246550775,1404.3699890136718,,,0.016554347886020677,1534.800048828125,-0.00022810636246546392
2024-02-13,1509.3160400390625,1542.199951171875,1551.0,1525.449951171875,1537.5,4687838,0.005050669781755612,1415.1824890136718,,,0.0165658415923533,1542.199951171875,0.0
2024-02-14,1487.98095703125,1520.4000244140625,1545.800048828125,1508.050048828125,1545.800048828125,2105672,-0.014135603325137747,1424.7349914550782,,,0.017245868299403316,1542.199951171875,-0.014135603325137793
2024-02-15,1477.7049560546875,1509.9000244140625,1529.050048828125,1505.550048828125,1529.050048828125,2161691,-0.006906077237170849,1434.5574951171875,,,0.016990426291454613,1542.199951171875,-0.02094405899395126
2024-02-16,1477.753662109375,1509.949951171875,1522.0,1504.8499755859375,1515.0,3480879,3.306626730603668e-05,1445.1049926757812,,,0.016543968930886083,1542.199951171875,-0.020911685268498497
2024-02-19,1497.47412109375,1530.0999755859375,1532.75,1507.4000244140625,1514.8499755859375,777823,0.013344829342471831,1454.822491455078,,,0.015888590176394723,1542.199951171875,-0.00784591879719816
2024-02-20,1505.890869140625,1538.699951171875,1542.0,1512.25,1532.0,2230669,0.0056205318104420865,1464.977490234375,,,0.015806280224019843,1542.199951171875,-0.0022694852229378213
2024-02-21,1510.4906005859375,1543.4000244140625,1549.5,1533.0,1540.050048828125,1993748,0.0030545742453607083,1473.232489013672,,,0.014707513071366564,1543.4000244140625,0.0
2024-02-22,1524.8282470703125,1558.050048828125,1561.0,1535.0,1549.5999755859375,1981678,0.009492046250047403,1482.0299926757812,,,0.014711884799066089,1558.050048828125,0.0
2024-02-23,1527.9599609375,1561.25,1568.449951171875,1550.4000244140625,1558.0,1340283,0.002053817959366544,1491.677490234375,,,0.014257927264873052,1561.25,0.0
2024-02-26,1523.751708984375,1556.949951171875,1566.9000244140625,1548.699951171875,1562.0,974892,-0.0027542346377101845,1499.482489013672,,,0.013813283521342836,1561.25,-0.002754234637710168
2024-02-27,1549.00146484375,1582.75,1585.449951171875,1549.050048828125,1556.75,2140963,0.01657089157471381,1510.032489013672,,,0.012558045041375372,1582.75,0.0
2024-02-28,1540.2911376953125,1573.8499755859375,1587.449951171875,1562.6500244140625,1586.5,578316,-0.0056231397340467115,1517.802490234375,,,0.011158619257225484,1582.75,-0.005623139734046754
2024-02-29,1544.3037109375,1577.949951171875,1587.800048828125,1556.5,1575.0,2350244,0.0026050612507784177,1526.302490234375,,,0.010778346831322786,1582.75,-0.0030327271066972043
2024-03-01,1526.0025634765625,1559.25,1581.9000244140625,1548.050048828125,1580.0,4069161,-0.011850788523417588,1533.4324890136718,,,0.011473929372444307,1582.75,-0.014847575422524089
2024-03-04,1519.0050048828125,1552.0999755859375,1569.0999755859375,1548.9000244140625,1550.550048828125,2298105,-0.004585553576438972,1537.8474853515625,,,0.009491586478969897,1582.75,-0.01936504464638288
2024-03-05,1540.6337890625,1574.199951171875,1576.4000244140625,1535.4000244140625,1553.800048828125,1408172,0.014238757769192256,1542.8024841308593,,,0.009770910164780442,1582.75,-0.005402021057099984
2024-03-06,1569.7984619140625,1604.0,1606.75,1566.4000244140625,1575.0,1761032,0.01893028189077328,1548.1924865722656,,,0.01009448643744554,1604.0,0.0
2024-03-07,1571.462158203125,1605.699951171875,1619.949951171875,1600.4000244140625,1610.75,2440999,0.0010598199325904112,1553.4974853515625,,,0.01010609020660268,1605.699951171875,0.0
2024-03-11,1559.6202392578125,1593.5999755859375,1627.0,1586.4000244140625,1615.1500244140625,2994345,-0.007535639256329718,1556.437481689453,,,0.009215525715288019,1605.699951171875,-0.007535639256329722
2024-03-12,1550.5186767578125,1584.300048828125,1603.800048828125,1580.1500244140625,1592.199951171875,1294598,-0.005835797502690809,1558.9299865722655,,,0.00936841793094724,1605.699951171875,-0.013327460294267233
2024-03-13,1525.366455078125,1558.5999755859375,1592.199951171875,1544.0,1581.199951171875,2881503,-0.0162217209178257,1559.7499877929688,1451.2639868164063,,0.010137006308276353,1605.699951171875,-0.029332986870655945
2024-03-14,1536.7191162109375,1570.199951171875,1574.300048828125,1546.25,1567.25,3062556,0.007442561123855107,1562.2399841308593,1457.4629858398437,,0.009623930647268561,1605.699951171875,-0.02210873829453088
2024-03-15,1515.1881103515625,1548.199951171875,1573.5,1541.199951171875,1568.75,3421374,-0.014010954454291569,1564.15498046875,1462.5029858398439,,0.010077098979975852,1605.699951171875,-0.03580992822353594
2024-03-18,1537.7467041015625,1571.25,1576.25,1543.449951171875,1548.25,2281873,0.014888289339292315,1567.2199829101562,1467.955986328125,,0.010516580772519374,1605.699951171875,-0.02145478745685498
2024-03-19,1515.4327392578125,1548.449951171875,1579.75,1540.4000244140625,1574.0,3692624,-0.014510770932776418,1568.1374816894531,1472.665986328125,,0.010782383409099898,1605.699951171875,-0.035654232883433605
2024-03-20,1516.313720703125,1549.3499755859375,1559.949951171875,1520.5,1559.949951171875,3412218,0.0005812421727815487,1568.6699829101562,1477.6489868164062,,0.01071884467886221,1605.699951171875,-0.03509371445444216
2024-03-21,1531.82568359375,1565.199951171875,1570.8499755859375,1542.550048828125,1564.800048828125,2567975,0.010230080895663018,1569.7599792480469,1482.8469848632812,,0.010930393168924366,1605.699951171875,-0.025222645096577484
2024-03-22,1574.593994140625,1608.9000244140625,1621.0,1566.0999755859375,1568.9000244140625,4941447,0.02791980232906921,1572.3024780273438,1488.5449853515624,,0.01238524036894173,1608.9000244140625,0.0
2024-03-26,1564.024169921875,1598.0999755859375,1614.699951171875,1593.0999755859375,1595.050048828125,3649049,-0.006712691071067756,1574.1449768066407,1494.0099853515626,,0.012525631264940797,1608.9000244140625,-0.006712691071067773
2024-03-27,1569.9453125,1604.1500244140625,1626.1500244140625,1592.0999755859375,1602.0,2530169,0.0037857761845636606,1576.50498046875,1499.7679858398437,,0.01250117707421746,1608.9000244140625,-0.0029523276324953003
2024-03-28,1585.9954833984375,1620.550048828125,1634.0,1607.949951171875,1609.949951171875,4427587,0.010223497905099466,1578.3949829101562,1505.6599877929686,,0.012176614885009393,1620.550048828125,0.0
2024-04-01,1594.510009765625,1629.25,1633.75,1618.5,1631.5999755859375,1148498,0.00536851742293698,1581.1649841308595,1511.65798828125,,0.012097825923674203,1629.25,0.0
2024-04-02,1587.6593017578125,1622.25,1633.0,1609.9000244140625,1629.25,1921533,-0.004296455424274925,1583.3799865722656,1517.8339892578124,,0.012171870703782372,1629.25,-0.004296455424274973
2024-04-03,1585.3104248046875,1619.8499755859375,1628.949951171875,1594.199951171875,1609.0,2098379,-0.0014794417716520458,1586.4099853515625,1524.2509887695312,,0.011790081533815921,1629.25,-0.005769540840302286
2024-04-04,1584.821044921875,1619.3499755859375,1628.0,1587.1500244140625,1620.9000244140625,2439461,-0.0003086705605679363,1589.7724853515624,1529.92298828125,,0.011703312294188547,1629.25,-0.006076430513464784
2024-04-05,1574.69189453125,1609.0,1638.8499755859375,1606.0999755859375,1611.0,1548980,-0.00639143838081857,1591.5124877929688,1535.3909887695313,,0.011492517825797813,1629.25,-0.012429031763081173
2024-04-08,1565.590087890625,1599.699951171875,1618.9000244140625,1597.0,1611.0,1170390,-0.005780017916796165,1591.2974853515625,1539.8189868164063,,0.010787785967790616,1629.25,-0.01813720965359828
2024-04-09,1568.3792724609375,1602.550048828125,1608.8499755859375,1591.949951171875,1601.0,1389391,0.0017816451479930606,1591.139990234375,1544.22798828125,,0.010793003394284783,1629.25,-0.01638787857718275
2024-04-10,1569.847412109375,1604.050048828125,1608.5,1583.75,1603.050048828125,1928878,0.0009360082083531562,1591.6624938964844,1548.94298828125,,0.010648750231194144,1629.25,-0.015467209557695259
2024-04-12,1507.1630859375,1540.0,1595.0,1534.0,1595.0,8258068,-0.03993020596515562,1589.447491455078,1551.7259887695313,,0.013922169257048034,1629.25,-0.05477980665950591
2024-04-15,1507.212158203125,1540.050048828125,1544.0999755859375,1503.800048828125,1517.5999755859375,2474028,3.2499239042138583e-05,1588.5199951171876,1555.0919897460938,,0.013473961629809275,1629.25,-0.05474908772249501
2024-04-16,1504.765380859375,1537.550048828125,1543.300048828125,1525.1500244140625,1535.0,2058697,-0.001623323866586257,1586.8875,1557.4739916992187,,0.013344157187403848,1629.25,-0.0562835360883075
2024-04-18,1484.06640625,1516.4000244140625,1545.550048828125,1506.449951171875,1545.550048828125,3266796,-0.013755665664465622,1585.2975036621094,1559.6429931640625,,0.01333113677230164,1629.25,-0.0692649842479285
2024-04-19,1490.329833984375,1522.800048828125,1528.300048828125,1503.699951171875,1505.0,2536516,0.004220538321697553,1582.8750061035157,1561.7659936523437,,0.012869412686286915,1629.25,-0.0653367814466012
2024-04-22,1507.260986328125,1540.0999755859375,1548.0,1521.949951171875,1528.449951171875,1680307,0.011360602970249323,1582.4575073242188,1563.2919921875,,0.012791258852871667,1629.25,-0.05471844370972073
2024-04-23,1452.993408203125,1484.6500244140625,1562.449951171875,1477.699951171875,1562.0,9160422,-0.03600412444054413,1579.222509765625,1563.4829931640625,,0.015085203754596797,1629.25,-0.08875247849374712
2024-04-24,1454.070068359375,1485.75,1503.0,1479.3499755859375,1484.6500244140625,4652803,0.0007408989107529074,1575.2500122070312,1563.273994140625,,0.0148266084384979,1629.25,-0.08807733619763695
2024-04-25,1487.7364501953125,1520.1500244140625,1527.300048828125,1488.6500244140625,1490.0,3846327,0.023153306016532094,1570.8125122070312,1563.6849951171876,,0.014342376713822472,1629.25,-0.06696331169920976
2024-04-26,1474.4263916015625,1506.550048828125,1532.0,1500.050048828125,1531.0,1794350,-0.008946469340208374,1566.2350158691406,1563.1199951171875,,0.014383629603819219,1629.25,-0.07531069582438238
2024-04-29,1489.1552734375,1521.5999755859375,1527.800048828125,1510.050048828125,1516.0,1091667,0.009989662653105524,1562.1075134277344,1562.8629956054688,,0.014599444730591564,1629.25,-0.06607336161673316
2024-04-30,1470.0711669921875,1502.0999755859375,1529.1500244140625,1497.0,1527.0,1991646,-0.01281545761887315,1556.185009765625,1562.06099609375,,0.014447875296702599,1629.25,-0.07804205887007058
2024-05-02,1486.61083984375,1519.0,1530.0,1502.0,1503.0,2494925,0.01125093182127923,1550.672509765625,1562.0329956054688,,0.0146996144748919,1629.25,-0.06766917293233082
2024-05-03,1478.92822265625,1511.1500244140625,1537.0,1501.5,1527.0,3183226,-0.005167857528596165,1545.1175109863282,1562.0579956054687,,0.014703723334007875,1629.25,-0.07248732581613472
2024-05-06,1496.54443359375,1529.1500244140625,1534.0,1508.75,1518.0,1240626,0.011911457968562411,1540.5825134277343,1562.4419970703125,,0.015097163999587866,1629.25,-0.061439297582284794
2024-05-07,1483.038818359375,1515.3499755859375,1543.1500244140625,1510.0999755859375,1535.949951171875,1532550,-0.009024653309221864,1535.3825134277345,1562.1469970703124,,0.01514817051420376,1629.25,-0.06990948253126439
2024-05-08,1489.30224609375,1521.75,1525.800048828125,1502.25,1510.0,1026357,0.004223462907694264,1531.0200134277343,1561.807998046875,,0.015216384000877678,1629.25,-0.06598127972993709
2024-05-09,1462.7801513671875,1494.6500244140625,1529.949951171875,1489.800048828125,1521.199951171875,1477007,-0.017808428181986247,1525.7675170898438,1560.832998046875,,0.01557906475851705,1629.25,-0.08261468503049717
2024-05-10,1474.4263916015625,1506.550048828125,1526.449951171875,1491.0,1494.6500244140625,1528487,0.0079617463751942,1520.9675170898438,1559.802998046875,,0.015745020430082333,1629.25,-0.07531069582438238
2024-05-13,1492.5318603515625,1525.050048828125,1530.0,1502.0,1513.0,1628326,0.012279711526603565,1517.0175170898438,1559.0789990234375,,0.016093397617979413,1629.25,-0.06395577791736995
2024-05-14,1512.3011474609375,1545.25,1547.949951171875,1516.050048828125,1525.0,2206236,0.013245434920248655,1517.2800170898438,1558.845,,0.01379468570022293,1629.25,-0.05155746509129968
2024-05-15,1494.8316650390625,1527.4000244140625,1550.25,1520.3499755859375,1545.25,1207536,-0.011551513079396503,1516.6475158691405,1557.7380004882812,,0.0140457006982863,1629.25,-0.06251341143835354
2024-05-16,1503.5419921875,1536.300048828125,1541.1500244140625,1508.300048828125,1529.0,2684392,0.00582691126869439,1516.5850158691405,1556.987001953125,,0.01410791682039966,1629.25,-0.05705076027121375
2024-05-17,1498.7464599609375,1531.4000244140625,1537.300048828125,1520.1500244140625,1536.0,1341676,-0.0031894970112121834,1517.3350158691405,1556.0560034179687,,0.013757013796865624,1629.25,-0.06005829405305355
2024-05-21,1508.0927734375,1540.949951171875,1558.300048828125,1524.0,1530.0,1791791,0.006236075881914882,1518.2425109863282,1555.6900024414062,,0.013792401184003147,1629.25,-0.05419674625019181
2024-05-22,1506.47802734375,1539.300048828125,1564.0,1505.4000244140625,1547.0,3948239,-0.0010707046925795272,1518.2025146484375,1555.43400390625,,0.013564133921956517,1629.25,-0.05520942223223876
2024-05-23,1463.2205810546875,1495.0999755859375,1510.0,1467.0,1510.0,11618479,-0.02871439734952075,1518.7250122070313,1553.8520043945311,,0.012608240633850984,1629.25,-0.08233851429434556
2024-05-24,1454.99951171875,1486.699951171875,1505.699951171875,1477.0999755859375,1504.0,5307322,-0.005618369708534354,1518.772509765625,1551.5060034179687,,0.012679878153210606,1629.25,-0.08749427578832285
2024-05-27,1434.7899169921875,1466.050048828125,1501.0,1460.550048828125,1486.699951171875,3474806,-0.013889757867734498,1516.0675109863282,1548.7130053710937,,0.011812327667073878,1629.25,-0.10016875935054473
2024-05-28,1433.66455078125,1464.9000244140625,1479.0999755859375,1455.949951171875,1468.949951171875,2616438,-0.0007844373491763257,1513.985009765625,1546.1390063476563,,0.011690747814805435,1629.25,-0.1008746205836658
2024-05-29,1447.414794921875,1478.949951171875,1495.0,1465.6500244140625,1468.0999755859375,2843365,0.009591048210564557,1511.8525085449219,1544.0320043945312,,0.011670746874903855,1629.25,-0.09225106572234157
2024-05-30,1427.9881591796875,1459.0999755859375,1477.4000244140625,1449.5,1476.0,3133423,-0.013421668238474904,1509.7025085449218,1542.0420043945312,,0.011702819804154788,1629.25,-0.10443457076204542
2024-05-31,1428.6732177734375,1459.800048828125,1479.4000244140625,1440.0,1465.0,5503924,0.0004797979945865283,1506.7425109863282,1539.8340063476562,,0.01133266830318471,1629.25,-0.10400488026507596
2024-06-03,1422.0672607421875,1453.050048828125,1498.0,1451.0,1496.5,1855318,-0.004623920930416969,1503.8375122070313,1537.9310083007813,,0.011325124656395397,1629.25,-0.10814789085276968
2024-06-04,1399.36181640625,1429.8499755859375,1476.300048828125,1377.199951171875,1461.5999755859375,5055952,-0.015966465340198188,1498.872509765625,1535.1030078125,,0.011251486903295195,1629.25,-0.12238761664205156
2024-06-05,1455.5869140625,1487.300048828125,1490.0,1432.0,1449.699951171875,2487724,0.0401790916691418,1497.4700134277343,1533.880009765625,,0.014763120848266663,1629.25,-0.08712594824113856
2024-06-06,1441.298095703125,1472.699951171875,1494.0,1455.050048828125,1494.0,3004955,-0.009816511246505844,1495.017510986328,1532.3470092773437,,0.014843723759066858,1629.25,-0.0960871866368728
2024-06-07,1474.719970703125,1506.8499755859375,1510.0999755859375,1472.1500244140625,1479.9000244140625,3404664,0.023188718371918382,1495.627508544922,1531.180009765625,,0.015301539413857543,1629.25,-0.07512660697502685
2024-06-10,1480.836669921875,1513.0999755859375,1521.699951171875,1505.0999755859375,1519.0,1433942,0.004147725454599183,1495.9550048828125,1529.2640087890625,,0.015227461575281593,1629.25,-0.07129048606049562
2024-06-11,1467.7713623046875,1499.75,1525.0,1497.3499755859375,1524.0,1441589,-0.008822930276479513,1494.6900024414062,1527.2970092773437,,0.015086063824742051,1629.25,-0.079484425349087
2024-06-12,1474.719970703125,1506.8499755859375,1514.550048828125,1495.8499755859375,1500.0,994784,0.004734106074970823,1492.770001220703,1525.3510083007814,,0.014788223648343994,1629.25,-0.07512660697502685
2024-06-13,1478.585693359375,1510.800048828125,1514.5999755859375,1498.0,1514.5999755859375,1412477,0.0026214110934643653,1491.9400024414062,1523.1560083007812,,0.014602182550924832,1629.25,-0.07270213360250115
2024-06-14,1483.6746826171875,1516.0,1518.0,1505.550048828125,1513.8499755859375,937490,0.003441852663367717,1490.925,1520.8910083007813,,0.014557931482654104,1629.25,-0.06951051097130581
2024-06-18,1488.519287109375,1520.949951171875,1522.8499755859375,1510.199951171875,1522.5999755859375,1478241,0.003265139295432151,1490.4024963378906,1518.8650073242188,,0.014568228090917127,1629.25,-0.06647233317669173
2024-06-19,1471.9307861328125,1504.0,1529.8499755859375,1500.0,1524.949951171875,1537367,-0.011144318824439448,1488.554998779297,1516.5480078125,,0.01467940916236097,1629.25,-0.07687586312720578
2024-06-20,1439.63427734375,1471.0,1487.949951171875,1467.0,1487.949951171875,4168375,-0.02194148936170215,1485.1399963378906,1513.5810083007811,,0.015400503431101742,1629.25,-0.09713058155593064
2024-06-21,1435.96435546875,1467.25,1488.0,1460.9000244140625,1480.0999755859375,4426556,-0.0025492861998640537,1483.7474975585938,1510.7460083007813,,0.014080306768182824,1629.25,-0.09943225410464938
2024-06-24,1462.63330078125,1494.5,1502.9000244140625,1475.050048828125,1475.050048828125,3726155,0.018572158800477023,1484.1375,1508.6420092773437,,0.014675258198267163,1629.25,-0.08270676691729323
2024-06-25,1473.1051025390625,1505.199951171875,1508.0,1492.300048828125,1498.050048828125,1833311,0.007159552473653408,1486.0949951171874,1506.6950073242188,,0.014350497241046943,1629.25,-0.07613935788131042
2024-06-26,1488.715087890625,1521.1500244140625,1528.9000244140625,1495.25,1502.0,2563493,0.010596647461866837,1488.9074951171874,1505.0370068359375,,0.014483704862790672,1629.25,-0.06634953235288477
2024-06-27,1483.9195556640625,1516.25,1528.050048828125,1505.0,1525.0,3881458,-0.003221263080839143,1490.7724975585938,1504.5620068359376,,0.014412731755670264,1629.25,-0.06935706613472456
2024-06-28,1488.42138671875,1520.8499755859375,1538.949951171875,1515.5999755859375,1520.0,2634599,0.0030337843930337005,1493.8599975585937,1504.1780053710938,,0.013988912775063127,1629.25,-0.0665336961264769
2024-07-01,1487.6873779296875,1520.0999755859375,1530.0,1503.8499755859375,1520.8499755859375,1451094,-0.0004931452885160725,1496.8749938964843,1503.82900390625,,0.01399677729858585,1629.25,-0.06699403063622066
2024-07-02,1491.55322265625,1524.050048828125,1534.9000244140625,1508.25,1514.0,1336816,0.0025985614799217682,1500.4249938964845,1503.9820043945313,,0.013906557199961521,1629.25,-0.06456955726369495
2024-07-03,1501.2420654296875,1533.949951171875,1536.25,1498.300048828125,1519.3499755859375,1061099,0.0064957855887752824,1505.6299926757813,1504.2050024414064,,0.013228992417865591,1629.25,-0.05849320167446678
2024-07-04,1524.681396484375,1557.9000244140625,1571.0,1526.0,1535.0,2630823,0.015613334205520024,1509.1599914550782,1504.5610034179688,,0.010516520821203539,1629.25,-0.04379314137544115
2024-07-05,1534.95751953125,1568.4000244140625,1574.75,1557.0,1562.0,2481046,0.006739841989507056,1513.9449951171875,1506.2360034179687,,0.010151726946777385,1629.25,-0.037348458239028694
2024-07-08,1523.21337890625,1556.4000244140625,1574.800048828125,1550.949951171875,1570.5999755859375,1120204,-0.007651109291765712,1516.4224975585937,1507.64900390625,,0.009258987668323306,1629.25,-0.044713810394928645
2024-07-09,1551.5950927734375,1585.4000244140625,1589.9000244140625,1549.800048828125,1564.800048828125,1492840,0.01863274193337139,1520.0375,1508.95400390625,,0.010000652295517625,1629.25,-0.026914209351503758
2024-07-10,1564.4647216796875,1598.550048828125,1601.1500244140625,1567.5999755859375,1592.800048828125,1899956,0.0082944520067878,1524.9775024414062,1510.79400390625,,0.009719577217386184,1629.25,-0.018842995962482737
2024-07-11,1548.0228271484375,1581.75,1602.5,1572.300048828125,1601.0,1707500,-0.01050955448059998,1528.7225036621094,1511.9970043945314,,0.010182882919125032,1629.25,-0.029154518950437316
2024-07-12,1548.5628662109375,1577.300048828125,1587.3499755859375,1550.0,1582.0,1426598,-0.002813308785759472,1532.0475036621094,1513.501005859375,,0.010251133171105821,1629.25,-0.03188580707188891
2024-07-15,1557.3006591796875,1586.199951171875,1594.699951171875,1577.300048828125,1579.949951171875,832804,0.00564249164283126,1535.5575012207032,1514.8450048828124,,0.010276874432673116,1629.25,-0.02642323082898573
2024-07-16,1550.5264892578125,1579.300048828125,1595.0,1574.949951171875,1589.0,688481,-0.004349957480866418,1538.4750061035156,1516.2080053710938,,0.010380407218572012,1629.25,-0.030658248379238914
2024-07-18,1565.2042236328125,1594.25,1596.5999755859375,1570.25,1575.0,1665636,0.009466188000797127,1542.9875061035157,1517.5100048828126,,0.010030749011555904,1629.25,-0.021482277121374866
2024-07-19,1540.0704345703125,1568.6500244140625,1589.75,1565.1500244140625,1584.699951171875,1649335,-0.016057692072095064,1547.8700073242187,1518.576005859375,,0.009323122280292221,1629.25,-0.03719501340244744
2024-07-22,1558.4298095703125,1587.3499755859375,1589.5,1555.050048828125,1555.050048828125,826636,0.011921047321476363,1553.8750061035157,1519.8880053710936,,0.009409646941856007,1629.25,-0.02571736959586466
2024-07-23,1572.4200439453125,1601.5999755859375,1605.6500244140625,1574.300048828125,1587.0,1502677,0.008977226332674393,1559.2300048828124,1522.0270043945313,,0.00885495219974543,1629.25,-0.016971013910733468
2024-07-24,1589.94482421875,1619.449951171875,1624.949951171875,1592.0,1602.0,2923358,0.011145089821450016,1564.9425048828125,1524.2850024414063,,0.008985438802634168,1629.25,-0.006015067563679607
2024-07-25,1635.450439453125,1665.800048828125,1681.300048828125,1602.199951171875,1614.8499755859375,5329712,0.02862088922396766,1572.1750061035157,1527.1000024414063,,0.01049099154579397,1665.800048828125,0.0
2024-07-26,1683.0177001953125,1714.25,1723.800048828125,1665.0,1670.449951171875,4591049,0.029085094099954523,1582.0750061035155,1530.4800024414062,,0.011646196357579146,1714.25,0.0
2024-07-29,1691.853759765625,1723.25,1728.75,1692.75,1715.25,3187339,0.005250109377278767,1592.1950073242188,1534.397001953125,,0.01162481203379565,1723.25,0.0
2024-07-30,1670.5982666015625,1701.5999755859375,1725.449951171875,1697.0,1716.0999755859375,1525840,-0.012563484354598864,1601.2700073242188,1537.7030004882813,,0.01229189374813736,1723.25,-0.012563484354598869
2024-07-31,1688.02490234375,1719.3499755859375,1730.949951171875,1695.199951171875,1702.0999755859375,1594881,0.010431358870869767,1611.0350036621094,1541.4619995117187,,0.012311741038394112,1723.25,-0.002263179697700566
2024-08-01,1683.950439453125,1715.199951171875,1746.449951171875,1681.300048828125,1725.5,5258291,-0.002413717086684586,1620.0975036621094,1544.9469995117188,,0.01245769322075765,1723.25,-0.004671434108878572
2024-08-02,1700.1005859375,1731.6500244140625,1741.800048828125,1683.8499755859375,1700.0,2992406,0.009590761258445824,1628.7850036621094,1548.7939990234374,,0.012276237110558133,1731.6500244140625,0.0
2024-08-05,1689.006591796875,1720.3499755859375,1758.0,1715.0,1725.0,5165558,-0.006525596205242845,1636.382501220703,1553.2989990234375,,0.012553664035686253,1731.6500244140625,-0.006525596205242796
2024-08-06,1676.4398193359375,1707.550048828125,1734.0,1703.949951171875,1725.0,1710278,-0.007440303972715223,1643.9400024414062,1557.7160009765626,,0.012542824209794218,1731.6500244140625,-0.013917347758587764
2024-08-07,1702.849609375,1734.449951171875,1736.8499755859375,1709.4000244140625,1720.0,1922313,0.015753507408003076,1651.3924987792968,1563.0839990234374,,0.01239032111195714,1734.449951171875,0.0
2024-08-08,1705.4024658203125,1737.050048828125,1748.6500244140625,1728.3499755859375,1735.0,2480113,0.0014990906220690992,1658.3174987792968,1568.5269995117187,,0.012376127833431403,1737.050048828125,0.0
2024-08-09,1703.6842041015625,1735.300048828125,1749.800048828125,1730.050048828125,1749.800048828125,751683,-0.001007455139925617,1665.9950012207032,1573.6540014648438,,0.011955532605636114,1737.050048828125,-0.0010074551399256524
2024-08-12,1702.2606201171875,1733.8499755859375,1748.5,1730.050048828125,1735.0,1526788,-0.0008356325715352941,1673.8224975585938,1579.1490014648436,,0.011898068177367901,1737.050048828125,-0.0018422458491316252
2024-08-13,1708.3968505859375,1740.0999755859375,1751.8499755859375,1725.5999755859375,1740.0,2076963,0.0036046948052053107,1681.5174987792968,1584.755,,0.011899284254662704,1740.0999755859375,0.0
2024-08-14,1709.9185791015625,1741.6500244140625,1753.0,1732.5999755859375,1747.5,2207250,0.0008907814780028112,1689.6349975585938,1590.5269995117187,,0.011746045803300026,1741.6500244140625,0.0
2024-08-16,1710.99853515625,1742.75,1751.1500244140625,1728.6500244140625,1749.5999755859375,2180718,0.0006315709646129708,1697.0599975585938,1596.785,,0.011734158144423747,1742.75,0.0
2024-08-19,1715.95654296875,1747.800048828125,1752.8499755859375,1740.6500244140625,1752.8499755859375,1363446,0.002897747139936957,1706.0174987792968,1601.995,,0.010704267457240159,1747.800048828125,0.0
2024-08-20,1734.1685791015625,1766.3499755859375,1770.800048828125,1745.1500244140625,1751.800048828125,1766597,0.010613300285836402,1714.9674987792969,1607.8680004882813,,0.01066675173510538,1766.3499755859375,0.0
2024-08-21,1732.4996337890625,1764.6500244140625,1771.949951171875,1757.300048828125,1770.0,1184193,-0.0009624090329614088,1723.1200012207032,1613.0240014648436,,0.010723216172555632,1766.3499755859375,-0.0009624090329613691
2024-08-22,1718.754638671875,1750.6500244140625,1769.5,1748.4000244140625,1769.5,1369554,-0.007933584453749476,1729.6800048828125,1617.7750024414063,,0.010985076554625654,1766.3499755859375,-0.008888358133368772
2024-08-23,1743.3973388671875,1775.75,1781.449951171875,1751.9000244140625,1753.75,3515492,0.014337517628252527,1735.1775024414062,1623.2950024414063,,0.009684713800277833,1775.75,0.0
2024-08-26,1740.1572265625,1772.449951171875,1780.0,1764.5,1780.0,933372,-0.0018583972001267046,1738.0875,1628.607001953125,,0.007583047343310614,1775.75,-0.001858397200126707
2024-08-27,1756.798583984375,1789.4000244140625,1792.5999755859375,1767.1500244140625,1778.0,1231023,0.009563075804188914,1741.395001220703,1634.1790014648439,,0.007748892776842923,1789.4000244140625,0.0
2024-08-28,1778.839599609375,1811.8499755859373,1823.0,1786.3499755859375,1796.9000244140625,1768949,0.012546077381007104,1746.9075012207031,1640.0960009765624,,0.007301039834811858,1811.8499755859373,0.0
2024-08-29,1766.419921875,1799.199951171875,1826.8499755859373,1790.25,1809.9000244140625,3205924,-0.006981827736576962,1750.9,1645.6610009765625,,0.007426620407759207,1811.8499755859373,-0.006981827736577009
2024-08-30,1788.4609375,1821.6500244140625,1828.1500244140625,1791.300048828125,1798.1500244140625,3036374,0.012477808943672564,1756.2225036621094,1652.0140014648437,,0.007671772510258354,1821.6500244140625,0.0
2024-09-02,1782.86474609375,1815.949951171875,1837.0,1805.199951171875,1829.949951171875,1617946,-0.003129071537229522,1760.4375,1658.9130004882813,,0.007627506604486836,1821.6500244140625,-0.0031290715372295184
2024-09-03,1778.4959716796875,1811.5,1839.550048828125,1805.0999755859373,1820.0,2148689,-0.0024504811759835654,1764.9950012207032,1665.7980004882813,,0.0074281521352649585,1821.6500244140625,-0.005571884982312821
2024-09-04,1799.4569091796875,1832.8499755859373,1835.0,1801.300048828125,1811.5,2473477,0.011785799385005458,1771.2599975585938,1672.565,,0.007301929054213881,1832.8499755859373,0.0
2024-09-05,1793.22265625,1826.5,1843.9000244140625,1820.0,1833.199951171875,1902919,-0.0034645364708081328,1775.8625,1678.9910009765624,,0.006866035067284112,1832.8499755859373,-0.003464536470808131
2024-09-06,1791.3082275390625,1824.550048828125,1850.0,1805.0,1819.550048828125,1701134,-0.001067588925198426,1780.2375,1685.0590014648437,,0.006911750633567124,1832.8499755859373,-0.004528426695239418
2024-09-09,1788.657470703125,1821.8499755859373,1835.4000244140625,1812.8499755859373,1824.550048828125,1544883,-0.001479857044163757,1784.5649963378905,1691.1710009765625,,0.006925100481753431,1832.8499755859373,-0.0060015823152593
2024-09-10,1802.89306640625,1836.3499755859373,1842.25,1825.699951171875,1830.0,1460472,0.007958942939490177,1789.6899963378905,1697.4810009765624,,0.006983840261477221,1836.3499755859373,0.0
2024-09-11,1812.0728759765625,1845.699951171875,1857.5,1831.0999755859373,1836.4000244140625,1701900,0.005091608740297016,1794.9699951171874,1703.9930004882813,,0.006999644796957084,1845.699951171875,0.0
2024-09-12,1831.4139404296875,1865.4000244140625,1871.5,1840.4000244140625,1855.1500244140625,2744070,0.010673497189876091,1801.1574951171874,1710.82,,0.007185790542433356,1865.4000244140625,0.0
2024-09-13,1819.9761962890625,1853.75,1865.0,1851.4000244140625,1865.0,1322430,-0.0062453223231419,1806.7074951171876,1717.2160009765626,,0.007486614882502082,1865.4000244140625,-0.006245322323141852
2024-09-16,1829.008544921875,1862.949951171875,1873.3499755859373,1850.9000244140625,1862.0,1284085,0.0049628866739717115,1812.464990234375,1723.3169995117187,,0.007497641597636842,1865.4000244140625,-0.0013134304761023513
2024-09-17,1832.10107421875,1866.0999755859373,1869.6500244140625,1859.25,1863.0,738265,0.0016908797856221014,1817.452490234375,1729.2709985351562,,0.007297469661876167,1866.0999755859373,0.0
2024-09-18,1802.549560546875,1836.0,1868.0,1829.5999755859373,1868.0,1202676,-0.01612988370383861,1821.0199890136719,1734.862998046875,,0.008409752397680829,1866.0999755859373,-0.016129883703838627
2024-09-19,1812.41650390625,1846.050048828125,1856.0,1835.0,1845.199951171875,1675819,0.005473882803989749,1825.789990234375,1740.0759985351563,,0.008103581264158647,1866.0999755859373,-0.010744293992885772
2024-09-20,1831.757568359375,1865.75,1871.0,1841.9000244140625,1851.0999755859373,4229991,0.010671406869158684,1830.289990234375,1745.4199975585936,,0.007864116484954348,1866.0999755859373,-0.00018754385644712508
2024-09-23,1828.7630615234373,1862.699951171875,1875.0,1857.5,1867.0,812520,-0.0016347575120595481,1834.802490234375,1751.0389965820314,,0.007857742873711406,1866.0999755859373,-0.001821994779778451
2024-09-24,1834.0645751953125,1868.0999755859373,1880.6500244140625,1856.0,1856.0,2528953,0.002899030737969932,1838.7374877929688,1756.8549951171874,,0.007682510305617437,1868.0999755859373,0.0
2024-09-25,1836.47021484375,1870.550048828125,1876.0,1858.550048828125,1874.0,956893,0.001311532184683717,1841.6724914550782,1762.5419970703124,,0.007285315927339681,1870.550048828125,0.0
2024-09-26,1863.812744140625,1898.4000244140625,1905.0,1867.050048828125,1870.550048828125,2452807,0.014888655667558925,1846.6324951171875,1768.9239965820314,,0.0075622334027607065,1898.4000244140625,0.0
2024-09-27,1913.1961669921875,1948.699951171875,1959.300048828125,1915.25,1917.949951171875,3809008,0.026495957706984097,1852.9849914550782,1776.0129956054689,,0.009023297374613133,1948.699951171875,0.0
2024-09-30,1891.5970458984373,1926.699951171875,1960.3499755859373,1921.050048828125,1949.0,2608461,-0.01128957795004304,1858.5224914550781,1783.173994140625,,0.009506369523691716,1948.699951171875,-0.011289577950043067
2024-10-01,1884.969970703125,1919.949951171875,1934.75,1902.3499755859373,1924.8499755859373,1275678,-0.003503399683948971,1863.9449890136718,1789.8259936523436,,0.009541036462591305,1948.699951171875,-0.014753425730169916
2024-10-03,1876.0357666015625,1910.8499755859373,1936.300048828125,1896.050048828125,1900.800048828125,2492195,-0.004739694167748221,1867.844989013672,1796.0109936523438,,0.009451117851048213,1948.699951171875,-0.0194231931720305
2024-10-04,1875.2503662109373,1910.050048828125,1952.25,1903.6500244140625,1910.8499755859373,2798189,-0.0004186235277664485,1872.0224914550781,1801.8229956054688,,0.009380530722584771,1948.699951171875,-0.01983368569415081
2024-10-07,1870.537841796875,1905.25,1917.949951171875,1888.050048828125,1910.050048828125,1691999,-0.0025130487188385064,1876.0574890136718,1806.6119946289064,,0.009413195265597592,1948.699951171875,-0.022296891394565813
2024-10-08,1882.2210693359373,1917.1500244140625,1921.449951171875,1901.550048828125,1904.0,2309881,0.006245912302355272,1880.822491455078,1810.6699951171875,,0.009412403762555102,1948.699951171875,-0.01619024352047608
2024-10-09,1895.671630859375,1930.8499755859373,1947.0,1894.5,1894.550048828125,1597182,0.00714599848598807,1885.5474914550782,1814.8219946289062,,0.009389746323612704,1948.699951171875,-0.009159940490173164
2024-10-10,1853.356689453125,1887.75,1937.949951171875,1883.9000244140625,1929.5999755859373,2383012,-0.02232176302193445,1887.6499938964844,1818.5449951171875,,0.010882048182884366,1948.699951171875,-0.031277237491190976
2024-10-11,1867.298095703125,1901.949951171875,1909.3499755859373,1890.5,1899.0,1019117,0.007522156626605714,1889.477490234375,1822.1969946289062,,0.010759525590845725,1948.699951171875,-0.023990353143841518
2024-10-14,1874.955810546875,1909.75,1915.75,1895.0999755859373,1903.0,676879,0.004101079959185627,1892.277490234375,1826.0879956054687,,0.01063959846448925,1948.699951171875,-0.019987659541147913
2024-10-15,1863.8616943359373,1898.449951171875,1920.4000244140625,1894.6500244140625,1918.0,1383203,-0.005917030411375812,1894.052490234375,1829.423994140625,,0.010733264487012563,1948.699951171875,-0.02578642236316655
2024-10-16,1863.910888671875,1898.5,1914.699951171875,1887.0,1908.949951171875,1401914,2.636299581881829e-05,1895.6724914550782,1832.9869946289064,,0.01073407006912115,1948.699951171875,-0.025760739174692664
2024-10-17,1855.1240234375,1889.550048828125,1923.6500244140625,1879.6500244140625,1923.550048828125,1447059,-0.004714222371279941,1898.3499938964844,1836.6269946289062,,0.010062470542680831,1948.699951171875,-0.030353519693054578
2024-10-18,1875.5450439453125,1910.3499755859373,1917.9000244140625,1872.699951171875,1900.0,1203693,0.011007872890539172,1901.564990234375,1840.1449951171876,,0.010252186161852292,1948.699951171875,-0.019679774489076932
2024-10-21,1862.438232421875,1897.0,1920.550048828125,1890.550048828125,1918.800048828125,660583,-0.006988235536183662,1903.127490234375,1843.343994140625,,0.010204945034852596,1948.699951171875,-0.026530483125831963
2024-10-22,1853.160400390625,1887.550048828125,1906.0,1881.0,1892.0,1192915,-0.004981524075843402,1904.3699951171875,1846.388994140625,,0.010275550913181287,1948.699951171875,-0.031379844961240314
2024-10-23,1805.83837890625,1839.3499755859373,1889.550048828125,1832.0,1880.050048828125,1673366,-0.0255357855396271,1902.9324951171875,1848.498994140625,1605.2384967041016,0.011809759075152719,1948.699951171875,-0.05611432150967046
2024-10-24,1815.2144775390625,1848.9000244140625,1859.550048828125,1829.449951171875,1830.0,1739776,0.005192078155264124,1901.8499938964844,1850.6749951171876,1608.1817468261718,0.011876389673589822,1948.699951171875,-0.05121359329731423
2024-10-25,1826.5048828125,1860.4000244140625,1875.5999755859373,1850.0999755859373,1856.800048828125,2148004,0.006219914461651044,1899.9499938964843,1853.0499951171876,1611.002747192383,0.011434610114361147,1948.699951171875,-0.04531222300524626
2024-10-28,1868.230712890625,1902.9000244140625,1916.0,1835.0,1863.199951171875,2445724,0.022844549259445124,1897.6599975585937,1856.2529956054686,1614.0242474365234,0.010994021755831737,1948.699951171875,-0.02350281105629943
2024-10-29,1837.5008544921875,1871.5999755859373,1922.699951171875,1862.0,1922.0,2295542,-0.01644860393428349,1894.9049987792969,1858.728994140625,1616.8174975585937,0.01130115233515588,1948.699951171875,-0.039564826560175514
2024-10-30,1818.356201171875,1852.0999755859373,1880.9000244140625,1820.0,1868.5,1900203,-0.010418893061747925,1891.5125,1860.443994140625,1619.5769976806641,0.011473733573840928,1948.699951171875,-0.04957149792498641
2024-10-31,1815.2144775390625,1848.9000244140625,1872.5,1842.0999755859373,1860.0,2572932,-0.0017277421381437508,1888.4150024414062,1862.128994140625,1622.2949975585936,0.011451960054801053,1948.699951171875,-0.05121359329731423
2024-11-01,1824.54150390625,1858.4000244140625,1864.949951171875,1831.550048828125,1860.0,107596,0.005138190207450766,1885.832501220703,1864.283994140625,1624.966997680664,0.011548720528687207,1948.699951171875,-0.04633854827343199
2024-11-04,1775.9432373046875,1808.9000244140625,1845.0,1760.0999755859375,1845.0,5031861,-0.02663581540557014,1881.0150024414063,1864.9469946289062,1627.3872479248048,0.012865961959065838,1948.699951171875,-0.0717400986610289
2024-11-05,1770.7398681640625,1803.5999755859373,1833.0,1799.449951171875,1805.0,1658010,-0.0029299843864184494,1875.3375,1865.5699951171875,1629.8239978027343,0.012699741704123215,1948.699951171875,-0.07445988567849045
2024-11-06,1794.1553955078125,1827.449951171875,1840.0,1802.199951171875,1815.550048828125,2060619,0.01322353953691402,1870.167498779297,1866.3309936523438,1632.3314978027345,0.013023155135128611,1948.699951171875,-0.06222096938376008
2024-11-07,1758.3201904296875,1790.949951171875,1845.0,1778.800048828125,1845.0,1909269,-0.019973187214563093,1865.3274963378906,1865.9129931640625,1634.6394976806641,0.012845987178884565,1948.699951171875,-0.08095140552814971
2024-11-08,1776.6304931640625,1809.5999755859373,1815.050048828125,1790.949951171875,1799.800048828125,1644075,0.010413481628483767,1860.7099975585938,1866.1209936523437,1637.1202478027344,0.012980861437432342,1948.699951171875,-0.07138090987393325
2024-11-11,1761.9036865234375,1794.5999755859375,1817.6500244140625,1791.949951171875,1817.4000244140625,1069649,-0.008289124780266888,1854.9524963378906,1865.5799926757813,1639.5982476806641,0.012949630351394008,1948.699951171875,-0.07907834938532612
2024-11-12,1768.0399169921875,1800.8499755859375,1825.0,1795.0999755859375,1801.9000244140625,2471888,0.0034826702802999154,1850.0724975585938,1865.2779931640625,1641.9237475585937,0.013009567982532645,1948.699951171875,-0.07587108292224572
2024-11-13,1746.5880126953125,1779.0,1797.300048828125,1770.449951171875,1791.0,1810332,-0.012133145948944546,1844.0974975585937,1864.6279931640624,1644.1407476806642,0.013165784647524067,1948.699951171875,-0.08708367394879023
2024-11-14,1735.9847412109375,1768.199951171875,1796.0,1763.1500244140625,1779.699951171875,1473358,-0.0060708537538645135,1838.0299926757812,1863.3349926757812,1646.0902471923828,0.013177688362115515,1948.699951171875,-0.09262585545376244
2024-11-18,1715.9073486328125,1747.75,1799.0,1743.199951171875,1799.0,1533025,-0.011565406479239981,1829.8999938964844,1861.7599926757812,1647.9184973144531,0.012856778560748414,1948.699951171875,-0.10312000626419231
2024-11-19,1744.8699951171875,1777.25,1806.75,1730.0,1730.050048828125,1933316,0.016878844228293444,1823.9124938964844,1860.8139916992188,1649.9632470703125,0.013681141216562455,1948.699951171875,-0.08798170855845275
2024-11-21,1747.56982421875,1780.0,1791.449951171875,1758.050048828125,1772.0,2014349,0.0015473343648895188,1818.5349914550782,1859.9769921875,1651.8589971923827,0.013713391224001763,1948.699951171875,-0.08657051131469735
2024-11-22,1762.5911865234375,1795.300048828125,1814.949951171875,1768.050048828125,1785.0,1420813,0.008595533049508441,1816.3324951171876,1859.1559936523438,1653.9767474365235,0.012835946866487629,1948.699951171875,-0.07871909795630726
2024-11-25,1766.12548828125,1798.9000244140625,1830.0,1784.1500244140625,1806.0,3137448,0.002005222240308635,1813.8324951171876,1858.2199951171874,1655.8789978027344,0.012772924090056937,1948.699951171875,-0.07687172500195756
2024-11-26,1729.505126953125,1761.5999755859375,1806.75,1753.199951171875,1806.75,1589883,-0.020734920407972313,1808.8924926757813,1856.143994140625,1657.6472479248048,0.013347708202435691,1948.699951171875,-0.09601271631039072
2024-11-27,1717.5762939453125,1749.449951171875,1778.5999755859375,1740.25,1760.0999755859375,1982546,-0.006897152919192795,1801.219989013672,1854.0579931640625,1659.3112475585938,0.011941750393511526,1948.699951171875,-0.10224765484300367
2024-11-28,1702.6534423828125,1734.25,1760.699951171875,1723.4000244140625,1749.449951171875,3071758,-0.008688417271779159,1794.352490234375,1851.483994140625,1660.663497314453,0.011642653517127802,1948.699951171875,-0.11004770182444601
2024-11-29,1748.4534912109375,1780.9000244140625,1795.800048828125,1739.199951171875,1742.9000244140625,2427677,0.02689925005856275,1790.7924926757812,1849.7799951171876,1662.1924975585937,0.013376973148124374,1948.699951171875,-0.08610865241562916
2024-12-02,1775.5997314453125,1808.550048828125,1814.0,1792.1500244140625,1800.0,1948045,0.015525871208385,1788.7749938964844,1849.23099609375,1663.754248046875,0.013931680991513961,1948.699951171875,-0.07191969305457678
2024-12-03,1767.254638671875,1800.050048828125,1832.0,1788.3499755859375,1831.25,1543970,-0.004699897581218582,1785.8574951171875,1848.31099609375,1665.2564984130859,0.013876733142452476,1948.699951171875,-0.07628157544436615
2024-12-04,1767.4017333984375,1800.199951171875,1814.8499755859373,1785.0,1810.5,2320116,8.327676435859743e-05,1785.4224914550782,1846.9999951171876,1666.5834979248048,0.01255270178604147,1948.699951171875,-0.0762046511627907
2024-12-05,1780.410400390625,1813.449951171875,1825.949951171875,1775.4000244140625,1808.699951171875,2742263,0.0073602935003829195,1785.914990234375,1846.0149951171875,1667.9784979248047,0.012644021649956106,1948.699951171875,-0.06940524626106022
2024-12-06,1771.967041015625,1804.8499755859373,1823.949951171875,1801.0,1815.8499755859373,1590478,-0.00474232860983026,1784.7849914550782,1844.7499951171876,1669.291748046875,0.012315060228565471,1948.699951171875,-0.07381843238587436
2024-12-09,1773.7342529296875,1806.6500244140625,1819.949951171875,1796.699951171875,1814.800048828125,1528215,0.00099733986340933,1785.5699951171875,1843.4719946289063,1670.722998046875,0.011435643590462237,1948.699951171875,-0.07289471458773784
2024-12-10,1776.97412109375,1809.949951171875,1823.0,1796.0,1821.0,2043634,0.0018265445510858846,1785.5874938964844,1841.7029931640625,1672.2232476806641,0.011202615249053827,1948.699951171875,-0.07120131548038525
2024-12-11,1780.950439453125,1814.0,1826.3499755859373,1805.050048828125,1824.300048828125,1745911,0.0022376579117575623,1786.5574951171875,1839.008994140625,1673.7434979248046,0.011035293543134223,1948.699951171875,-0.0691229817555399
2024-12-12,1772.5562744140625,1805.449951171875,1820.0,1798.050048828125,1819.0,1082394,-0.0047133676009509795,1786.7874938964844,1836.583994140625,1675.1202478027344,0.011074541849748439,1948.699951171875,-0.07351054733380315
2024-12-13,1780.410400390625,1813.449951171875,1816.800048828125,1774.050048828125,1804.75,1391111,0.004431028395335712,1788.509991455078,1834.453994140625,1676.4939978027344,0.010718449829295325,1948.699951171875,-0.06940524626106022
2024-12-16,1776.826904296875,1809.800048828125,1822.5,1792.3499755859375,1818.699951171875,1483330,-0.0020126843541456996,1790.5899963378906,1832.4329956054687,1677.8259979248046,0.010615187927949604,1948.699951171875,-0.0712782397619607
2024-12-17,1756.455078125,1789.050048828125,1815.75,1783.0999755859375,1810.0,1608164,-0.011465354978543618,1792.6549987792969,1830.0129956054689,1678.9809979248048,0.01060886881185504,1948.699951171875,-0.08192636441938768
2024-12-18,1768.2364501953125,1801.050048828125,1822.449951171875,1792.800048828125,1798.0,1732860,0.006707470262143023,1793.8450012207031,1827.9289965820312,1680.1799981689453,0.010047750712145363,1948.699951171875,-0.07576841281027327
2024-12-19,1790.0810546875,1823.300048828125,1829.4000244140625,1790.800048828125,1801.0,1924091,0.012353904331796395,1796.0100036621093,1826.0519970703126,1681.5117486572265,0.010380044415042814,1948.699951171875,-0.064350544201707
2024-12-20,1775.8941650390625,1808.8499755859373,1825.949951171875,1794.0999755859375,1823.300048828125,2513418,-0.007925230546379392,1796.6875,1823.6119970703126,1682.6422485351563,0.010422285773444293,1948.699951171875,-0.0717657818495029
2024-12-23,1781.5394287109375,1814.5999755859373,1828.0,1796.6500244140625,1811.0,1299181,0.0031788153122744855,1797.4724975585934,1822.1489965820313,1683.8459985351562,0.010434932759075442,1948.699951171875,-0.06881509670346891
2024-12-24,1785.8592529296875,1819.0,1831.75,1803.1500244140625,1814.9000244140625,1121058,0.0024247902971794577,1800.3424987792964,1820.4899975585938,1685.0512487792969,0.009163648400777515,1948.699951171875,-0.06655716858507556
2024-12-26,1807.8021240234373,1841.3499755859373,1845.050048828125,1814.4000244140625,1820.0,1402706,0.012286957441416835,1804.9374999999995,1819.1219970703125,1686.4617486572265,0.0092263719961482,1948.699951171875,-0.05508799624148473
2024-12-27,1827.3394775390625,1861.25,1866.0,1836.75,1845.5,1668898,0.01080730153306697,1811.2874999999997,1818.377998046875,1688.0074987792968,0.008997636039363835,1948.699951171875,-0.044876047294651944
2024-12-30,1849.576904296875,1883.9000244140625,1895.75,1855.0,1862.050048828125,6021550,0.012169254218435288,1816.4374999999995,1818.0859985351562,1689.5559991455077,0.007459625889940374,1948.699951171875,-0.0332529011040639
2024-12-31,1851.982177734375,1886.3499755859373,1910.0,1868.800048828125,1876.800048828125,1844944,0.0013004677212831162,1820.3274963378904,1818.0219970703124,1690.9677490234376,0.0068388983721614375,1948.699951171875,-0.03199567770730573
2025-01-01,1855.5166015625,1889.949951171875,1902.949951171875,1878.6500244140625,1889.9000244140625,1338092,0.0019084346131579277,1824.8224914550779,1817.6139965820312,1692.3889990234375,0.006648522007966073,1948.699951171875,-0.030148304752955917
2025-01-02,1843.784423828125,1878.0,1896.0,1864.949951171875,1892.0,2507223,-0.006322892923415924,1828.712493896484,1817.2339965820313,1693.8109991455078,0.006917947031076224,1948.699951171875,-0.03628057317359643
2025-01-03,1815.950927734375,1849.6500244140625,1884.0,1844.0,1878.0,1515825,-0.015095833645334178,1830.5224975585934,1816.47599609375,1695.1377490234374,0.007793145812785803,1948.699951171875,-0.050828721321744576
2025-01-06,1813.741943359375,1847.4000244140625,1856.5,1825.6500244140625,1850.5,1397724,-0.0012164463386595825,1832.6499999999996,1816.6369970703124,1696.581749267578,0.00769525420446181,1948.699951171875,-0.051983337248453526
2025-01-07,1819.632568359375,1853.4000244140625,1865.0,1845.6500244140625,1848.550048828125,1615649,0.0032478076868613925,1834.9874999999997,1816.7269970703126,1697.997749633789,0.007708670592125746,1948.699951171875,-0.04890436144389633
2025-01-08,1804.2677001953125,1837.75,1862.5999755859373,1829.199951171875,1862.5999755859373,1298188,-0.008443953926789316,1836.3775024414058,1816.2739965820313,1699.4454998779297,0.008008461902457206,1948.699951171875,-0.056935369195834314
2025-01-09,1793.0753173828125,1826.3499755859373,1841.0,1814.0,1841.0,1199181,-0.0062032509394981394,1836.9950012207028,1814.7429956054686,1700.7209997558593,0.0081494922028108,1948.699951171875,-0.06278543575287773
2025-01-10,1752.2823486328125,1784.800048828125,1834.5999755859373,1772.75,1825.449951171875,857827,-0.022750254503922207,1835.9625061035154,1813.0069970703125,1701.9027502441406,0.00960904281098961,1948.699951171875,-0.08410730561428235
2025-01-13,1715.0728759765625,1746.9000244140625,1785.550048828125,1742.449951171875,1784.5999755859375,1645287,-0.02123488535253415,1832.6350097656245,1810.902998046875,1702.8905004882813,0.010576621198829886,1948.699951171875,-0.10355618197478662
2025-01-14,1738.5865478515625,1770.8499755859375,1784.050048828125,1742.0999755859375,1755.0,1962645,0.01370997242953731,1830.6875061035153,1809.3419970703126,1703.9187506103515,0.011130887161565035,1948.699951171875,-0.09126596194503171
2025-01-15,1724.841552734375,1756.8499755859375,1775.0,1747.699951171875,1772.800048828125,857867,-0.007905808054331498,1829.0775024414058,1807.31099609375,1704.658500366211,0.010982689055782716,1948.699951171875,-0.09845023882233185
2025-01-16,1731.174072265625,1763.300048828125,1775.5999755859375,1740.800048828125,1775.050048828125,2180496,0.0036713853384300332,1827.1900024414058,1806.3989965820313,1705.4845007324218,0.010893347488848341,1948.699951171875,-0.09514030224727898
2025-01-17,1754.00048828125,1786.550048828125,1791.949951171875,1767.5999755859375,1779.0,1163986,0.013185504086755895,1825.352502441406,1806.057998046875,1706.3965008544922,0.010948457810318465,1948.699951171875,-0.08320927100461985
2025-01-20,1745.851806640625,1778.25,1800.449951171875,1768.300048828125,1789.3499755859375,1341246,-0.004645852957530838,1823.8225036621093,1805.0739990234374,1707.1850006103516,0.010862881703221737,1948.699951171875,-0.08746854592435988
2025-01-21,1730.5849609375,1762.699951171875,1805.75,1759.5,1772.0999755859375,2489267,-0.008744579686840948,1821.2275024414062,1804.5089990234376,1707.852250366211,0.010959984761292303,1948.699951171875,-0.0954482499412732
2025-01-22,1766.174560546875,1798.949951171875,1803.5999755859373,1773.8499755859375,1777.0,2262270,0.02056504283437488,1820.225,1804.2959985351563,1708.7357501220704,0.01199433202355483,1948.699951171875,-0.07684610445540678
2025-01-23,1800.1932373046875,1833.5999755859373,1839.75,1786.050048828125,1788.0999755859375,1974760,0.01926124981492139,1819.8375,1805.0759985351563,1709.8045001220703,0.012476891422261948,1948.699951171875,-0.059065006655704445
2025-01-24,1789.0009765625,1822.199951171875,1843.0999755859373,1808.199951171875,1829.0,1277935,-0.006217290884517723,1817.8849975585938,1805.502998046875,1710.81875,0.01226996432757156,1948.699951171875,-0.06491507321274763
2025-01-27,1754.2950439453125,1786.8499755859375,1824.25,1774.300048828125,1818.0999755859373,1452975,-0.01939961394642975,1813.0324951171874,1805.6599975585937,1711.7079998779298,0.012516361693498195,1948.699951171875,-0.08305535979954584
2025-01-28,1674.42724609375,1705.5,1780.0,1693.0999755859375,1779.800048828125,5972497,-0.04552703175836659,1803.9899963378907,1804.4059985351562,1712.2370001220704,0.01572382748574793,1948.699951171875,-0.12480112755461592
2025-01-29,1703.7332763671875,1735.3499755859375,1744.0,1696.0,1705.5,1433336,0.01750218445378926,1796.2599975585938,1804.157998046875,1712.9009997558594,0.016449488787552067,1948.699951171875,-0.10948323545532848
2025-01-30,1707.4149169921875,1739.0999755859375,1760.300048828125,1725.300048828125,1740.449951171875,2017991,0.002160947389723944,1789.3149963378905,1803.3949975585938,1713.5762493896484,0.01649922858124831,1948.699951171875,-0.10755887557748023
2025-01-31,1712.1766357421875,1743.949951171875,1769.8499755859375,1706.050048828125,1742.0,4275269,0.002788784804797384,1784.0299926757812,1802.6739965820314,1714.595999145508,0.016333138738180722,1948.699951171875,-0.10507004933051445
2025-02-01,1710.4586181640625,1742.199951171875,1789.0,1733.300048828125,1740.0,1477972,-0.001003469164252091,1778.7699890136719,1801.6119946289064,1715.6067486572265,0.016334301636213164,1948.699951171875,-0.10596808394017697
2025-02-03,1708.8875732421875,1740.5999755859375,1785.9000244140625,1710.550048828125,1781.449951171875,2210231,-0.0009183650733437521,1773.1299865722656,1800.4459936523438,1716.6219982910156,0.016279600646550742,1948.699951171875,-0.10678913162634093
2025-02-04,1733.0885009765625,1765.25,1776.25,1740.6500244140625,1749.300048828125,2796294,0.01416179751798774,1769.5049865722656,1800.518994140625,1717.8662481689453,0.016662532310486467,1948.699951171875,-0.09413966016756714
2025-02-05,1720.81640625,1752.75,1773.800048828125,1735.199951171875,1773.800048828125,1787905,-0.007081149978756529,1765.8249877929688,1800.5849951171874,1719.0159979248047,0.016675679677171415,1948.699951171875,-0.10055419309372798
2025-02-06,1720.5693359375,1742.0,1768.3499755859375,1736.300048828125,1753.0,3421791,-0.00613321922692911,1763.6849853515625,1800.7399951171874,1720.025498046875,0.01598283387769928,1948.699951171875,-0.10607069141022629
2025-02-07,1728.2734375,1749.800048828125,1753.0,1727.300048828125,1751.4000244140625,1371545,0.004477639970221103,1763.8299865722656,1800.1179956054686,1721.3512481689454,0.015296551751755814,1948.699951171875,-0.10206799780753269
2025-02-10,1710.7911376953125,1732.0999755859375,1750.0,1723.699951171875,1741.25,1237839,-0.010115483339963038,1761.8924865722656,1798.588994140625,1722.582998046875,0.015115335101364381,1948.699951171875,-0.1111510140161303
2025-02-11,1678.839111328125,1699.75,1734.199951171875,1695.050048828125,1725.199951171875,2779274,-0.01867673693315197,1759.0374877929687,1796.5829931640626,1723.4809979248048,0.0155598318776483,1948.699951171875,-0.12775181270064992
2025-02-12,1673.01171875,1693.8499755859375,1714.949951171875,1688.050048828125,1706.449951171875,1757284,-0.0034711130543094715,1755.5649841308593,1794.4559936523438,1724.4174975585938,0.015515965804492585,1948.699951171875,-0.13077948477018245
2025-02-13,1724.8658447265625,1746.3499755859375,1752.75,1699.949951171875,1700.0,2750390,0.030994480477433806,1753.55498046875,1793.113994140625,1725.5412475585938,0.01687800456622991,1948.699951171875,-0.10383844648030695
2025-02-14,1679.579833984375,1700.5,1748.949951171875,1685.0,1747.3499755859375,2123774,-0.026254746314840927,1749.66748046875,1791.0269946289063,1726.533247680664,0.01779057914089283,1948.699951171875,-0.12736694072508026
2025-02-17,1693.1112060546875,1714.199951171875,1735.3499755859375,1696.050048828125,1700.5,2277889,0.008056425270141165,1747.24248046875,1789.1779931640624,1727.5092474365235,0.017855940712567138,1948.699951171875,-0.12033663769477723
2025-02-18,1680.6663818359375,1701.5999755859375,1729.75,1698.4000244140625,1714.199951171875,2163972,-0.007350353485498506,1742.374981689453,1787.0109936523438,1728.461497192383,0.01713827356963662,1948.699951171875,-0.12680247435596273
2025-02-19,1655.973876953125,1676.5999755859375,1699.0,1647.0999755859375,1665.0999755859375,2576319,-0.014692054747703742,1734.5249816894532,1784.2629931640624,1729.1987469482422,0.016525610843649535,1948.699951171875,-0.1396315402082844
2025-02-20,1648.7637939453125,1669.300048828125,1677.949951171875,1663.0,1667.1500244140625,1670915,-0.004354006241268915,1726.8799865722656,1781.5399951171876,1729.968497314453,0.016519691452540713,1948.699951171875,-0.14337758985200846
2025-02-21,1623.528076171875,1643.75,1684.4000244140625,1632.0,1678.050048828125,2244190,-0.015305845612394009,1719.7249877929687,1778.14599609375,1730.5784973144532,0.016346445561703535,1948.699951171875,-0.15648892020985045
2025-02-24,1619.3302001953125,1639.5,1669.9000244140625,1627.050048828125,1629.75,2357441,-0.002585551330798519,1716.4249877929688,1774.7399951171874,1731.3027471923829,0.013109679921825644,1948.699951171875,-0.15866986140474512
2025-02-25,1593.7490234375,1613.5999755859375,1647.800048828125,1606.25,1639.5,2836717,-0.015797514128735868,1710.3374877929687,1771.2309936523438,1731.8379968261718,0.012622723100949959,1948.699951171875,-0.171960786156135
2025-02-27,1627.23193359375,1647.5,1653.0999755859375,1605.050048828125,1628.949951171875,2744489,0.02100893959282102,1705.7574890136718,1768.1599926757813,1732.4502465820312,0.013727194455214082,1948.699951171875,-0.1545645603320022
2025-02-28,1573.6492919921875,1593.25,1671.0,1586.4000244140625,1671.0,3549979,-0.032928679817905926,1698.2224914550782,1763.5589916992187,1732.6902465820312,0.015228757418663051,1948.699951171875,-0.1824036332315402
2025-03-03,1565.599609375,1585.0999755859375,1607.4000244140625,1582.199951171875,1585.300048828125,1425492,-0.005115345623136647,1690.3674926757812,1759.0839916992188,1732.9787463378907,0.015208253755532235,1948.699951171875,-0.1865859212277817
2025-03-04,1547.2283935546875,1566.5,1590.0,1556.0,1585.0,1717135,-0.011734260218546733,1681.6624938964844,1754.1219921875,1733.12974609375,0.015262501754116758,1948.699951171875,-0.19613073369352438
2025-03-05,1562.982177734375,1582.449951171875,1586.300048828125,1553.050048828125,1564.5999755859375,2428171,0.010181903078120058,1672.5224914550781,1749.3909912109375,1733.384995727539,0.015021574078816574,1948.699951171875,-0.18794581473651242
2025-03-06,1594.14404296875,1614.0,1617.9000244140625,1572.550048828125,1598.25,2458676,0.019937470252857414,1665.5849914550781,1744.8439916992188,1733.7502459716798,0.016037672478027492,1948.699951171875,-0.17175550857411323
2025-03-07,1589.501953125,1609.300048828125,1628.75,1605.6500244140625,1624.0,980890,-0.0029119895736524626,1658.9499938964843,1739.8049926757812,1734.1002459716797,0.01603122025305579,1948.699951171875,-0.17416734789758045
2025-03-10,1591.6748046875,1611.5,1641.449951171875,1602.75,1621.949951171875,1600589,0.0013670236159359916,1652.0349914550782,1734.3569921875,1734.68224609375,0.0159612975255429,1948.699951171875,-0.1730384151593454
2025-03-11,1634.9359130859375,1655.300048828125,1663.5999755859375,1605.3499755859375,1616.0999755859375,3325416,0.027179676592072655,1648.1949951171875,1729.7359936523437,1735.5252465820313,0.01732777215605344,1948.699951171875,-0.1505618667293086
2025-03-12,1656.2208251953125,1676.8499755859375,1680.25,1658.050048828125,1662.0,2389362,0.013018743503976138,1647.0499938964845,1725.473994140625,1736.5792462158204,0.017182876438360212,1948.699951171875,-0.13950324954976118
2025-03-13,1662.7396240234375,1683.449951171875,1687.1500244140625,1663.449951171875,1672.0,1666929,0.0039359368351550295,1646.5299926757812,1721.5829931640626,1737.6719958496094,0.01719614549607949,1948.699951171875,-0.1361163886931329
2025-03-17,1683.3331298828125,1704.300048828125,1720.1500244140625,1688.3499755859375,1694.050048828125,2588408,0.012385338596930584,1644.4274963378907,1718.6759936523438,1738.7987463378906,0.015873896429430993,1948.699951171875,-0.12541689765875813
2025-03-18,1683.3331298828125,1704.300048828125,1704.300048828125,1704.300048828125,1704.300048828125,0,0.0,1644.617498779297,1715.813994140625,1740.0247467041015,0.014728251384267598,1948.699951171875,-0.12541689765875813
2025-03-19,1711.0380859375,1732.3499755859375,1748.0,1726.300048828125,1747.800048828125,2167448,0.016458326558812075,1645.525,1713.3929931640625,1741.3874963378905,0.015079330536881408,1948.699951171875,-0.11102272335760707
2025-03-20,1728.7178955078125,1750.25,1757.1500244140625,1722.9000244140625,1735.6500244140625,1602232,0.01033279918395702,1647.957501220703,1711.6429931640625,1742.87349609375,0.015104876675938139,1948.699951171875,-0.10183709967896014
2025-03-21,1762.5465087890625,1784.5,1792.800048828125,1750.25,1759.0,2483162,0.01956863305242118,1653.3525024414062,1710.8059936523437,1744.6467462158203,0.015112362993825335,1948.699951171875,-0.08426127946127947
2025-03-24,1762.8427734375,1784.800048828125,1820.0,1777.5999755859375,1794.5,1182084,0.00016814168009249286,1659.1275024414062,1710.8059936523437,1746.1342462158202,0.015026473678712989,1948.699951171875,-0.08410730561428235
2025-03-25,1743.039306640625,1764.75,1795.949951171875,1758.5,1784.800048828125,1471028,-0.011233778731286836,1665.1775024414062,1711.1629931640625,1747.594496459961,0.014784485398231687,1948.699951171875,-0.09439624148461358
2025-03-26,1737.3106689453125,1758.949951171875,1770.800048828125,1746.0999755859375,1767.949951171875,1762361,-0.0032866121706331963,1671.15,1710.9249926757811,1748.8549963378907,0.014800898989314665,1948.699951171875,-0.09737260981912145
2025-03-27,1710.149169921875,1731.449951171875,1752.300048828125,1720.0,1751.0,3279881,-0.015634327731541497,1677.042498779297,1710.4169921875,1749.9467462158202,0.014789668082706757,1948.699951171875,-0.11148458225667528
2025-03-28,1713.359130859375,1734.699951171875,1741.3499755859375,1705.199951171875,1731.449951171875,1956781,0.0018770395285179209,1681.4024963378906,1709.844990234375,1751.1214959716797,0.01421430447466884,1948.699951171875,-0.10981680369587346
2025-04-01,1677.4564208984375,1698.3499755859375,1733.949951171875,1681.5999755859375,1731.0,4142445,-0.02095461844071722,1686.6574951171874,1708.0809887695314,1752.0789959716797,0.012819334597680341,1948.699951171875,-0.12847025291676453
2025-04-02,1692.568115234375,1713.6500244140625,1718.449951171875,1685.9000244140625,1695.0,3369489,0.009008772660562103,1693.0849975585938,1706.7889892578125,1753.0932458496093,0.012721342462057241,1948.699951171875,-0.12061883955837444
2025-04-03,1748.224853515625,1770.0,1812.699951171875,1750.0,1755.0,5715573,0.03288301274071692,1703.2599975585938,1706.934990234375,1754.3632458496095,0.013694876339707944,1948.699951171875,-0.09170213765562603
2025-04-04,1688.3209228515625,1709.3499755859375,1778.8499755859375,1658.050048828125,1778.8499755859375,5345276,-0.03426555051641944,1709.604998779297,1705.1429907226564,1755.3052459716796,0.016363503514332464,1948.699951171875,-0.12282546394174301
2025-04-07,1645.8499755859375,1666.3499755859375,1692.0,1620.0999755859375,1620.0999755859375,5715334,-0.025155761321060233,1712.2224975585937,1701.7979907226563,1756.1169958496093,0.01713899494004903,1948.699951171875,-0.14489145720773627
2025-04-08,1667.5794677734375,1688.3499755859375,1709.8499755859375,1645.0,1645.0,2807382,0.013202508670043356,1716.1749938964845,1699.1209912109375,1757.2037457275392,0.017287076762621614,1948.699951171875,-0.1336018792576932
2025-04-09,1631.8740234375,1652.199951171875,1679.75,1640.0,1650.0,3481864,-0.021411451971927065,1718.2099914550781,1696.4279907226562,1758.1284954833984,0.01809986426552943,1948.699951171875,-0.15215272100853497
2025-04-11,1666.789306640625,1687.550048828125,1737.0,1682.0999755859375,1710.0,3801939,0.021395774543617962,1719.822491455078,1696.0689916992187,1759.093745727539,0.01770832049069491,1948.699951171875,-0.13401237177981365
2025-04-15,1684.0245361328125,1705.0,1724.5,1696.800048828125,1720.0,1993085,0.010340405123979934,1721.2299926757812,1695.4619921875,1760.0927459716797,0.017623483284369478,1948.699951171875,-0.12505770887166237
2025-04-16,1672.27099609375,1693.0999755859375,1702.699951171875,1682.0999755859375,1691.0999755859375,2205374,-0.006979486459860684,1721.7124938964844,1694.5419921875,1760.9524957275391,0.017696015848055132,1948.699951171875,-0.13116435674575208
2025-04-17,1729.952392578125,1751.5,1758.0,1687.4000244140625,1695.0,2683908,0.03449295685793863,1724.072491455078,1694.6929931640625,1762.1287457275391,0.01911534090516039,1948.699951171875,-0.10119564638634405
2025-04-21,1723.4337158203125,1744.9000244140625,1761.0,1731.300048828125,1761.0,1539511,-0.003768184747894643,1726.102490234375,1694.7469946289064,1763.2489959716797,0.01914986150980453,1948.699951171875,-0.10458250724297236
2025-04-22,1725.9029541015625,1747.4000244140625,1755.0,1734.5,1751.0,961907,0.0014327468422379308,1726.8549926757812,1694.8829956054688,1764.3854962158202,0.018817882915332755,1948.699951171875,-0.10329960065774019
2025-04-23,1766.7935791015625,1788.800048828125,1791.300048828125,1742.0999755859375,1754.199951171875,1471029,0.02369235655009483,1728.7824951171874,1695.3539965820312,1765.7092462158203,0.019409343789970335,1948.699951171875,-0.08205465507791089
2025-04-24,1781.7078857421875,1803.9000244140625,1807.9000244140625,1773.9000244140625,1790.0,2101177,0.008441399359212731,1729.7524963378905,1696.3769970703124,1767.0589965820313,0.01901259640113703,1948.699951171875,-0.07430591183149322
2025-04-25,1765.410888671875,1787.4000244140625,1815.5,1764.199951171875,1806.0,2036801,-0.009146848371133776,1729.8824951171875,1697.2849975585937,1768.2064965820311,0.01914029264775126,1948.699951171875,-0.08277309529402553
2025-04-28,1818.9439697265625,1841.5999755859373,1846.0,1781.199951171875,1787.4000244140625,3216482,0.03032334700210293,1733.7249938964844,1699.12099609375,1769.5724963378907,0.020061922530184465,1948.699951171875,-0.05495970558296152
2025-04-29,1783.2880859375,1805.5,1846.0,1797.0,1845.0,2886160,-0.019602506551104515,1736.0524963378907,1700.5889965820313,1770.8179962158204,0.02062590154704185,1948.699951171875,-0.07348486414532926
2025-04-30,1809.758544921875,1832.300048828125,1838.9000244140625,1803.300048828125,1810.0,2667314,0.014843560691290447,1741.0950012207031,1703.2399975585938,1772.0524963378907,0.020417518107613605,1948.699951171875,-0.05973208049487119
2025-05-02,1802.153076171875,1824.5999755859373,1851.199951171875,1813.800048828125,1832.300048828125,1885257,-0.004202408468586993,1745.5900024414063,1705.8549975585938,1773.1827459716797,0.020480782229858458,1948.699951171875,-0.06368347036254024
2025-05-05,1814.005615234375,1836.5999755859373,1843.300048828125,1821.4000244140625,1827.800048828125,1219830,0.006576784040647876,1752.5025024414062,1707.6599975585937,1774.4569958496095,0.019716152331520593,1948.699951171875,-0.05752551875342585
2025-05-06,1796.7208251953125,1819.0999755859373,1827.9000244140625,1799.0,1820.0,1414772,-0.009528476659386276,1757.775,1710.0319970703124,1775.6659954833985,0.01990827975861041,1948.699951171875,-0.06650586485005101
2025-05-07,1759.3858642578125,1781.300048828125,1826.4000244140625,1778.699951171875,1817.9000244140625,2015237,-0.02077946636530348,1758.3400024414063,1711.3739990234376,1776.6414959716797,0.019301028336720743,1948.699951171875,-0.0859033748336074
2025-05-08,1745.4593505859375,1767.199951171875,1788.9000244140625,1755.0,1781.300048828125,2647871,-0.007915621888365254,1761.2325012207032,1712.6859985351562,1777.5809954833985,0.017630396118754558,1948.699951171875,-0.0931390180878553
2025-05-09,1723.3349609375,1744.800048828125,1766.300048828125,1731.699951171875,1751.9000244140625,1148956,-0.012675363831294861,1765.1550048828126,1714.05,1778.333745727539,0.016828246166883176,1948.699951171875,-0.10463381097799702
2025-05-12,1665.4556884765625,1686.199951171875,1712.4000244140625,1623.5999755859375,1695.699951171875,9221075,-0.03358556626337106,1765.0475036621094,1714.387998046875,1778.9214953613282,0.01842887194341918,1948.699951171875,-0.1347051914493775
2025-05-13,1679.086181640625,1700.0,1748.5,1691.300048828125,1711.0,6988329,0.008184111746969425,1767.4375061035157,1715.512998046875,1779.4847454833985,0.01778796815865023,1948.699951171875,-0.12762352204212668
2025-05-14,1687.1851806640625,1708.199951171875,1711.4000244140625,1692.0999755859375,1702.0,1639324,0.004823500689338234,1768.4700012207031,1716.8869970703124,1780.017745361328,0.01719217621250067,1948.699951171875,-0.12341561349933443
2025-05-15,1718.6927490234375,1740.0999755859375,1744.4000244140625,1684.0999755859375,1701.0999755859375,3880385,0.018674643089749532,1770.225,1719.4169970703124,1780.6209954833985,0.017534505564428027,1948.699951171875,-0.10704571294338736
2025-05-16,1713.5567626953125,1734.9000244140625,1741.5999755859375,1719.0,1740.0,1448249,-0.0029883059851915084,1772.3150024414062,1721.1649975585938,1780.966495361328,0.01745948550459856,1948.699951171875,-0.10971413358390103
2025-05-19,1708.9144287109375,1730.199951171875,1765.0,1726.5999755859375,1745.0,2074023,-0.002709132039913853,1771.25,1723.9039965820311,1781.0462451171875,0.015630181647344876,1948.699951171875,-0.11212603554929136
2025-05-20,1686.7900390625,1707.800048828125,1748.0,1703.300048828125,1743.800048828125,2706777,-0.01294642409889013,1769.395001220703,1726.357998046875,1780.968995361328,0.01586431372928761,1948.699951171875,-0.12362082843943309
2025-05-21,1710.494873046875,1731.800048828125,1758.699951171875,1707.800048828125,1716.4000244140625,2754306,0.014053167416448131,1768.6150024414062,1729.6639990234376,1781.1199957275392,0.016211459551541782,1948.699951171875,-0.11130492522120429
2025-05-22,1697.555908203125,1718.699951171875,1740.0,1707.199951171875,1734.199951171875,2670554,-0.007564440054794175,1765.1099975585937,1732.3889990234375,1781.1167456054689,0.015252689273135465,1948.699951171875,-0.11802740584135933
2025-05-23,1662.8878173828125,1683.5999755859375,1689.5,1636.5999755859375,1658.0,8339783,-0.020422398663597408,1759.0949951171874,1733.7809985351562,1780.958745727539,0.01558596086802716,1948.699951171875,-0.13603940176963433
2025-05-26,1655.47998046875,1676.0999755859375,1702.4000244140625,1667.0,1693.0999755859375,2282131,-0.0044547399077917715,1753.5299926757812,1735.1169970703124,1780.6809954833984,0.0155289952309041,1948.699951171875,-0.13988812152533084
2025-05-27,1662.6903076171875,1683.4000244140625,1692.0,1661.0999755859375,1676.0999755859375,2800622,0.004355377921638093,1745.6199951171875,1736.5549975585936,1780.496245727539,0.013546917849383769,1948.699951171875,-0.13614200923968367
2025-05-28,1645.8994140625,1666.4000244140625,1686.9000244140625,1663.0,1683.4000244140625,2657712,-0.010098609809582881,1738.6649963378907,1736.7769970703125,1780.2904956054688,0.013146087858360207,1948.699951171875,-0.1448657740192624
2025-05-29,1678.8885498046875,1699.800048828125,1703.300048828125,1670.4000244140625,1675.0,2377583,0.02004322127023883,1732.0399963378907,1737.2359985351563,1780.11724609375,0.013580878461029103,1948.699951171875,-0.12772612951217602
2025-05-30,1656.961669921875,1677.5999755859375,1713.5999755859375,1669.0999755859375,1702.0,3640641,-0.013060402755896261,1724.6899963378905,1737.1189990234375,1779.819995727539,0.01374303727745365,1948.699951171875,-0.13911837757419152
2025-06-02,1653.99853515625,1674.5999755859375,1683.5,1660.5,1679.0,1819538,-0.0017882689816755004,1716.5899963378906,1736.5249975585937,1779.5164953613282,0.01352655653038434,1948.699951171875,-0.14065786547647013
2025-06-03,1646.98583984375,1667.5,1695.0,1657.5999755859375,1695.0,2556920,-0.004239803946881837,1709.0099975585938,1735.7889965820314,1779.1847454833985,0.013475070902513037,1948.699951171875,-0.14430130765014487
2025-06-04,1644.41796875,1664.9000244140625,1669.0,1649.0,1656.0,1700482,-0.001559205748688175,1703.1899963378905,1734.4399975585939,1778.808745727539,0.012907976012055065,1948.699951171875,-0.1456355179704017
2025-06-05,1662.3939208984375,1683.0999755859375,1694.300048828125,1662.0,1662.0,2037073,0.010931557994468877,1698.9849975585937,1733.0969970703125,1778.5159954833985,0.013236585139433035,1948.699951171875,-0.13629598308668076
2025-06-06,1658.5419921875,1679.199951171875,1689.0,1669.0,1685.0,2500047,-0.00231716741170096,1695.7049926757813,1730.99099609375,1778.1982452392579,0.013012115643784915,1948.699951171875,-0.13829732988802756
2025-06-09,1673.554931640625,1694.4000244140625,1698.800048828125,1673.300048828125,1679.9000244140625,2589656,0.009051973370759026,1696.1149963378907,1729.1829956054687,1777.9312451171875,0.01084916924891349,1948.699951171875,-0.13049722026466212
2025-06-10,1668.02392578125,1688.800048828125,1706.9000244140625,1677.699951171875,1701.800048828125,2369135,-0.0033049902651376417,1695.554998779297,1727.6639965820314,1777.5434954833984,0.01071296741123781,1948.699951171875,-0.13337091848719757
2025-06-11,1669.8017578125,1690.5999755859375,1695.0,1679.300048828125,1694.800048828125,1999978,0.001065802170636676,1694.675,1726.2969970703125,1777.1732452392578,0.010651600045097184,1948.699951171875,-0.13244726333098425
2025-06-12,1666.64111328125,1687.4000244140625,1727.5,1681.0999755859375,1694.9000244140625,3588365,-0.0018927902626793003,1692.0400024414062,1725.4159985351562,1776.856995239258,0.009652601819313197,1948.699951171875,-0.13408935870331218
2025-06-13,1667.0361328125,1687.800048828125,1700.0,1661.0999755859375,1666.800048828125,2404272,0.0002370655495287366,1689.6850036621095,1724.4780004882812,1776.4172454833983,0.009653235346510766,1948.699951171875,-0.1338840811212904
2025-06-16,1664.56689453125,1685.300048828125,1689.800048828125,1655.699951171875,1665.0,2249326,-0.001481218110958027,1687.440008544922,1724.217001953125,1775.9814959716796,0.009647912386542728,1948.699951171875,-0.13516698770652258
2025-06-17,1629.898681640625,1650.199951171875,1681.699951171875,1641.0999755859375,1680.0,5408285,-0.020827209778256917,1684.5600036621095,1722.9480004882812,1775.2854956054687,0.010289515264156179,1948.699951171875,-0.1531790462767207
2025-06-18,1627.7257080078125,1648.0,1661.300048828125,1638.5,1645.0,1455885,-0.0013331421869893223,1680.3700012207032,1720.5080004882811,1774.466245727539,0.009604993765608258,1948.699951171875,-0.15430797901495577
2025-06-19,1627.3306884765625,1647.5999755859375,1655.300048828125,1636.0,1648.0999755859375,1696525,-0.0002427332609602484,1676.8150024414062,1719.2730004882812,1773.7082458496093,0.009538418092479753,1948.699951171875,-0.15451325659697754
2025-06-20,1644.615478515625,1665.0999755859375,1670.0,1645.5999755859375,1647.5999755859375,2567882,0.010621510232650122,1675.8900024414063,1719.2480004882811,1772.9254956054688,0.008898643299390392,1948.699951171875,-0.14553291050035236
2025-06-23,1642.04736328125,1662.5,1667.0,1647.199951171875,1663.199951171875,840643,-0.0015614531403873588,1675.2100036621093,1718.7310009765624,1772.1582458496093,0.008854628155465567,1948.699951171875,-0.14686712082060918
2025-06-24,1641.2572021484375,1661.699951171875,1686.4000244140625,1658.800048828125,1670.5,2066326,-0.000481232377819496,1674.125,1718.9210009765625,1771.4092456054686,0.00878454880435088,1948.699951171875,-0.14727767598465272
2025-06-25,1649.0599365234375,1669.5999755859375,1678.800048828125,1658.0999755859375,1661.699951171875,1372945,0.004754182250827688,1674.2849975585937,1718.5619995117188,1770.5929956054688,0.008565423822114882,1948.699951171875,-0.14322367864693447
2025-06-26,1649.257568359375,1669.800048828125,1678.9000244140625,1650.4000244140625,1674.800048828125,2102627,0.0001198330409157844,1672.7849975585937,1717.8580004882813,1769.8094958496094,0.007173089846092977,1948.699951171875,-0.143121008534962
2025-06-27,1666.8385009765625,1687.5999755859375,1695.699951171875,1668.199951171875,1670.199951171875,5313904,0.010659915101993489,1673.2849975585937,1717.7480004882811,1769.1247454833983,0.007009739600745797,1948.699951171875,-0.13398675123326287
2025-06-30,1655.0850830078125,1675.699951171875,1704.5,1671.5999755859375,1696.0,2160184,-0.007051448557843676,1673.3399963378906,1716.2319995117186,1768.393995361328,0.007189566941347905,1948.699951171875,-0.1400933991073526
2025-07-01,1646.6895751953125,1667.199951171875,1684.300048828125,1657.5,1675.699951171875,3298070,-0.005072507159802453,1673.3249938964843,1714.677998046875,1767.5482452392578,0.007218116898146955,1948.699951171875,-0.14445528149714196
2025-07-02,1656.86279296875,1677.5,1682.0,1656.0,1656.0,1611046,0.006178052501072395,1673.9549926757813,1713.2799975585938,1766.7072454833985,0.00733564441394473,1948.699951171875,-0.1391696813092162
2025-07-03,1659.0357666015625,1679.699951171875,1692.800048828125,1674.5,1677.5,1553777,0.0013114463021608458,1673.7849914550782,1711.0979956054687,1765.7787451171876,0.006912092918730071,1948.699951171875,-0.13804074857098114
2025-07-04,1655.6776123046875,1676.300048828125,1686.699951171875,1671.5999755859375,1686.699951171875,1264399,-0.002024112902651476,1673.6399963378906,1708.54599609375,1764.8914953613282,0.006907406062091196,1948.699951171875,-0.13978545141335838
2025-07-07,1664.6953125,1679.9000244140625,1682.4000244140625,1663.0,1674.699951171875,1550620,0.0021475723206321184,1672.9149963378907,1706.39599609375,1763.976245727539,0.006593235165315184,1948.699951171875,-0.13793807845900868
2025-07-08,1657.3623046875,1672.5,1682.0,1649.0999755859375,1680.0,1860328,-0.0044050385776044365,1672.0999938964844,1703.0139965820313,1763.0082458496095,0.006623187290893895,1948.699951171875,-0.14173549447968053
2025-07-09,1654.2904052734375,1669.4000244140625,1680.800048828125,1647.0,1660.0,2178705,-0.0018534981081838042,1671.0399963378907,1700.2919970703124,1762.1752459716797,0.0066198688584046105,1948.699951171875,-0.14332628611698378
2025-07-10,1647.4527587890625,1662.5,1670.5999755859375,1647.199951171875,1662.0,1741718,-0.004133236080719693,1669.7949951171875,1696.89599609375,1761.257495727539,0.006661547107497659,1948.699951171875,-0.14686712082060918
2025-07-11,1656.8668212890625,1672.0,1679.9000244140625,1662.199951171875,1665.800048828125,1298302,0.005714285714285783,1669.0049926757813,1693.8439965820312,1760.288745727539,0.00681388849819108,1948.699951171875,-0.14199207579672696
2025-07-14,1667.370849609375,1682.5999755859375,1696.9000244140625,1675.5,1680.4000244140625,1309704,0.006339698316948361,1668.8699890136718,1690.7639965820313,1759.3882458496093,0.006974009835673817,1948.699951171875,-0.1365525644037272
2025-07-15,1711.864501953125,1727.5,1730.9000244140625,1687.9000244140625,1705.0,3332578,0.026684907325299934,1672.7349914550782,1688.9319970703125,1758.6852459716797,0.007591384249830627,1948.699951171875,-0.11351154960457287
2025-07-16,1685.6043701171875,1701.0,1731.300048828125,1698.0,1730.0,2285143,-0.015340086830680222,1675.384991455078,1687.32599609375,1757.8374957275391,0.008533645047582713,1948.699951171875,-0.12711035940803384
2025-07-17,1687.982666015625,1703.4000244140625,1717.0,1696.0,1704.0,1461039,0.0014109490970384275,1678.1749938964845,1686.0499975585938,1756.862495727539,0.008522668427006556,1948.699951171875,-0.12587875655782632
2025-07-18,1678.271240234375,1693.5999755859375,1709.4000244140625,1686.699951171875,1709.0,1253929,-0.005753228066024074,1679.5999938964844,1685.02599609375,1755.5869958496094,0.008406340487668211,1948.699951171875,-0.13090777542870566
2025-07-21,1676.983154296875,1692.300048828125,1701.4000244140625,1677.5,1681.0999755859375,2390289,-0.0007675524188424099,1681.0899963378906,1685.147998046875,1754.4149963378907,0.008396062036045072,1948.699951171875,-0.13157484926787252
2025-07-22,1662.8125,1678.0,1693.0999755859375,1672.800048828125,1686.0999755859375,1244491,-0.008450067018568874,1681.9049987792969,1684.707998046875,1753.2052465820314,0.008651357920505736,1948.699951171875,-0.13891309999216975
2025-07-23,1667.271728515625,1682.5,1689.5999755859375,1671.4000244140625,1678.5,1229173,0.002681764004767606,1682.55,1684.1939990234375,1752.0634967041015,0.008610332173348329,1948.699951171875,-0.13660386813875186
2025-07-24,1676.685791015625,1692.0,1696.0,1680.0999755859375,1682.5,1079045,0.005646359583952432,1683.6599975585937,1683.2319995117186,1750.973246459961,0.00868852083566883,1948.699951171875,-0.13172882311486964
2025-07-25,1683.6224365234375,1699.0,1702.0,1682.199951171875,1690.0,1088592,0.004137115839243588,1684.229998779297,1682.5139990234375,1749.941996459961,0.00841288029858098,1948.699951171875,-0.12813668467621955
2025-07-28,1686.7933349609375,1702.199951171875,1710.0999755859375,1693.9000244140625,1702.0999755859375,2168507,0.001883432119996975,1685.554998779297,1681.9539990234375,1748.86724609375,0.008233354141907593,1948.699951171875,-0.12649458930389162
2025-07-29,1695.018310546875,1710.5,1718.0,1697.0999755859375,1698.0,1325544,0.004876071593358233,1687.7200012207031,1682.007998046875,1747.7654962158203,0.008159008806979116,1948.699951171875,-0.1222353143841516
2025-07-30,1718.1075439453125,1733.800048828125,1740.5,1712.0999755859375,1720.0,2318723,0.013621776573004896,1690.5350036621094,1682.047998046875,1746.9957464599609,0.00855283079251037,1948.699951171875,-0.11027859995301856
2025-07-31,1691.252685546875,1706.699951171875,1748.0,1694.0,1715.5,3233087,-0.0156304630828491,1691.8850036621093,1681.807998046875,1746.019496459961,0.009389944413006411,1948.699951171875,-0.12418535745047372
2025-08-01,1614.94970703125,1629.699951171875,1695.0,1608.0,1690.0,8774548,-0.04511630761290486,1689.554998779297,1680.7299975585938,1744.6192462158203,0.013928623953076345,1948.699951171875,-0.16369888027562446
2025-08-04,1626.7418212890625,1641.5999755859375,1647.4000244140625,1613.5999755859375,1629.800048828125,1898762,0.007301972614962349,1687.6399963378906,1680.0399975585938,1743.3349963378905,0.01404328274604767,1948.699951171875,-0.15759223240153472
2025-08-05,1617.327880859375,1632.0999755859375,1644.5999755859375,1620.0999755859375,1640.9000244140625,1622897,-0.0057870371231024675,1685.6199951171875,1679.0139965820313,1742.0029962158203,0.014064005695866477,1948.699951171875,-0.16246727742541697
2025-08-06,1580.761962890625,1595.199951171875,1629.699951171875,1591.0,1629.699951171875,2376257,-0.022608924064725366,1681.9099914550782,1677.5899951171875,1740.531245727539,0.014863499934188487,1948.699951171875,-0.18140299115182837
2025-08-07,1583.932861328125,1598.4000244140625,1605.4000244140625,1571.0,1581.0,3435674,0.002006064029676402,1678.7049926757813,1675.5619946289062,1738.9714959716796,0.014884080562518538,1948.699951171875,-0.17976083313757732
2025-08-08,1572.5369873046875,1586.9000244140625,1602.0,1580.9000244140625,1590.0,1654424,-0.007194694584802486,1674.4499938964843,1673.7479956054688,1737.42099609375,0.014818203228102515,1948.699951171875,-0.1856622034296453
2025-08-11,1593.842529296875,1608.4000244140625,1660.0,1584.199951171875,1586.9000244140625,1140902,0.013548427543782049,1670.7399963378907,1672.4239965820314,1736.0252459716796,0.01512902274186279,1948.699951171875,-0.17462920679664864
2025-08-12,1607.5174560546875,1622.199951171875,1636.699951171875,1610.0999755859375,1611.699951171875,1679088,0.008579909567484556,1665.4749938964844,1671.5179956054687,1734.9394958496093,0.013796302380617789,1948.699951171875,-0.16754760003132096
2025-08-13,1624.9583740234375,1639.800048828125,1643.5,1617.300048828125,1624.199951171875,1313668,0.01084952421773644,1662.4149963378907,1671.01599609375,1733.8939959716797,0.013811051764569733,1948.699951171875,-0.15851588755774804
2025-08-14,1626.5438232421875,1641.4000244140625,1651.0999755859375,1632.199951171875,1639.800048828125,1738094,0.0009757138299153478,1659.3149963378905,1670.1819970703125,1732.7989959716797,0.013806170518436658,1948.699951171875,-0.15769483987158406
2025-08-18,1617.9224853515625,1632.699951171875,1649.5999755859375,1625.4000244140625,1649.5999755859375,3080173,-0.005300397899831388,1656.2699951171876,1669.2519970703124,1731.4479956054688,0.013799646913662726,1948.699951171875,-0.16215939237334587
2025-08-19,1611.8775634765625,1626.5999755859375,1638.0,1619.0999755859375,1632.800048828125,2656391,-0.003736127744451312,1652.9849914550782,1667.89599609375,1730.2229956054687,0.013804630676808562,1948.699951171875,-0.16528967191292773
2025-08-20,1618.31884765625,1633.0999755859375,1636.5,1616.0,1634.0,1831706,0.00399606547249487,1650.739990234375,1666.7819946289062,1729.1279956054686,0.013773640010631463,1948.699951171875,-0.1619541147913241
2025-08-21,1625.3544921875,1640.199951171875,1652.5,1623.9000244140625,1630.800048828125,1727099,0.004347544970962458,1648.6249877929688,1665.773994140625,1728.0844952392579,0.01380375608533132,1948.699951171875,-0.15831067261764936
2025-08-22,1626.940185546875,1641.800048828125,1651.4000244140625,1635.0999755859375,1642.0,2098310,0.0009755503620805239,1646.114990234375,1664.8619946289064,1727.0014953613281,0.013721447852493563,1948.699951171875,-0.1574895622895623
2025-08-25,1641.7052001953125,1656.699951171875,1660.5,1634.0,1649.199951171875,1904984,0.009075345292129278,1643.9999877929688,1664.2399926757812,1726.2404949951172,0.01387021437281303,1948.699951171875,-0.14984348915511705
2025-08-26,1585.8157958984375,1600.300048828125,1647.4000244140625,1596.199951171875,1645.0,4502371,-0.03404352266918054,1638.9049926757812,1662.5399926757811,1725.2239953613282,0.015664760605261705,1948.699951171875,-0.17878581160441626
2025-08-28,1571.347900390625,1585.699951171875,1600.0,1567.5999755859375,1593.0999755859375,4993739,-0.009123350128584562,1632.664990234375,1661.2499926757812,1724.0152453613282,0.015608709679668686,1948.699951171875,-0.1862780361757106
2025-08-29,1580.0682373046875,1594.5,1601.699951171875,1575.800048828125,1581.0,3176534,0.005549630509619208,1625.6999877929688,1660.1799926757812,1723.0329956054688,0.015238202091338877,1948.699951171875,-0.18176217993892413
2025-09-01,1549.150634765625,1563.300048828125,1600.199951171875,1556.199951171875,1599.0,9366820,-0.019567231841878363,1618.5299926757812,1658.493994140625,1721.8014959716797,0.015419781888163092,1948.699951171875,-0.19777282906585233
2025-09-02,1551.033447265625,1565.199951171875,1570.300048828125,1558.0,1566.0,2855840,0.0012153152206284545,1615.3049926757812,1656.4959936523437,1720.6544958496095,0.012077309974362523,1948.699951171875,-0.19679787017461436
2025-09-03,1564.4112548828125,1578.699951171875,1581.0999755859375,1558.300048828125,1562.0999755859375,2091370,0.008625096103467511,1612.1599914550782,1654.8199926757814,1719.543745727539,0.012134130043523855,1948.699951171875,-0.18987017461436065
2025-09-04,1567.978759765625,1582.300048828125,1597.0,1561.0,1597.0,2298657,0.0022804191851515387,1609.6699951171875,1653.2319946289062,1718.5602459716797,0.012131535410683725,1948.699951171875,-0.18802273901808786
2025-09-05,1579.1763916015625,1593.5999755859375,1599.300048828125,1575.5,1582.4000244140625,1814479,0.00714145636675001,1609.5899963378906,1651.7119946289063,1717.68724609375,0.011191638991149817,1948.699951171875,-0.18222403883799232
2025-09-08,1566.6904296875,1581.0,1604.5,1578.199951171875,1597.5999755859375,1369139,-0.007906611307084588,1608.7199951171874,1649.9359936523438,1716.85349609375,0.011317380719325086,1948.699951171875,-0.18868987549917782
2025-09-09,1577.2935791015625,1591.699951171875,1597.0,1577.5,1580.0,1709406,0.006767837553368183,1608.9599914550781,1648.0179931640625,1715.9257458496095,0.011312386607434695,1948.699951171875,-0.18319906037115338
2025-09-10,1578.978271484375,1593.4000244140625,1601.5999755859375,1582.4000244140625,1592.0999755859375,2408379,0.0010680865077214996,1608.2099914550781,1646.3719946289064,1714.9927459716796,0.010873748169093521,1948.699951171875,-0.18232664630804166
2025-09-11,1595.130615234375,1609.699951171875,1617.0,1591.0,1592.5,1762484,0.010229651379481064,1607.5849914550781,1645.2219946289063,1714.0647454833984,0.010951525051427024,1948.699951171875,-0.1739621329574818
2025-09-12,1601.9681396484375,1616.5999755859375,1622.5,1603.0999755859375,1610.0,1878894,0.004286528311713722,1606.4249877929688,1644.003994140625,1713.1532452392578,0.010694248742600042,1948.699951171875,-0.1704212982538564
2025-09-15,1587.5003662109375,1602.0,1617.0999755859375,1595.4000244140625,1616.5999755859375,2005917,-0.009031285294091251,1604.4549865722656,1642.4499951171874,1712.3552453613281,0.010846840584731185,1948.699951171875,-0.17791346018322762
2025-09-16,1595.9234619140625,1610.5,1615.0,1600.0,1602.5,1480567,0.005305867665418296,1603.344989013672,1641.133994140625,1711.6604956054687,0.0108928077127623,1948.699951171875,-0.17355157779343827
2025-09-17,1605.53564453125,1620.199951171875,1622.0999755859375,1607.4000244140625,1612.5999755859375,2128406,0.006022943912992851,1603.0249877929687,1639.9399926757812,1711.090245361328,0.010964556981787776,1948.699951171875,-0.16857392529950668
2025-09-18,1633.678466796875,1648.5999755859375,1651.300048828125,1627.699951171875,1635.0999755859375,1832386,0.017528715757287205,1603.7999877929688,1639.4619921875,1710.4287451171874,0.011630512905062522,1948.699951171875,-0.15400009396288467
2025-09-19,1641.0115966796875,1656.0,1668.0999755859375,1643.0999755859375,1648.5999755859375,3191406,0.004488671917778353,1604.589990234375,1639.1939916992187,1709.6659948730469,0.011632988772092031,1948.699951171875,-0.15020267794221281
2025-09-22,1629.1202392578125,1644.0,1657.9000244140625,1635.300048828125,1650.0,1785320,-0.007246376811594235,1604.6999877929688,1638.8239916992188,1708.8857446289062,0.011761519219395578,1948.699951171875,-0.15636062955132723
2025-09-23,1616.43603515625,1631.199951171875,1644.0,1625.0999755859375,1643.199951171875,1967731,-0.007785917778664886,1603.4249877929688,1638.0079907226564,1708.0407446289062,0.011690918836777711,1948.699951171875,-0.16292913632448516
2025-09-24,1612.3731689453125,1627.0999755859375,1635.9000244140625,1625.0,1630.0,1131058,-0.002513472111737136,1604.7649841308594,1636.8979907226562,1707.1089947509765,0.008703529154916262,1948.699951171875,-0.16503309059588128
2025-09-25,1612.67041015625,1627.4000244140625,1642.800048828125,1622.699951171875,1627.9000244140625,2762750,0.00018440712471701204,1606.8499877929687,1634.8959912109376,1706.2217449951172,0.008384220271341593,1948.699951171875,-0.1648791167488842
2025-09-26,1572.3387451171875,1586.699951171875,1602.9000244140625,1548.0,1585.0,7256759,-0.02500926178665963,1606.4599853515624,1632.609990234375,1705.1219946289064,0.010169615781699637,1948.699951171875,-0.18576487354161772
2025-09-29,1574.9154052734375,1589.300048828125,1618.9000244140625,1580.0,1581.0,4180922,0.001638682634564681,1607.7599853515626,1630.3279907226563,1704.0187451171876,0.009092007047366842,1948.699951171875,-0.18443060057943778
2025-09-30,1579.8701171875,1594.300048828125,1604.300048828125,1586.0,1589.0999755859375,2257443,0.003146039040071047,1609.214990234375,1628.3419921875,1702.9202453613282,0.009106166417104386,1948.699951171875,-0.18186478740897347
2025-10-01,1621.3907470703125,1636.199951171875,1651.5,1611.9000244140625,1611.9000244140625,3109095,0.02628106445493006,1612.089990234375,1627.219990234375,1702.0739953613281,0.010618506915794374,1948.699951171875,-0.16036332315402083
2025-10-03,1616.43603515625,1631.199951171875,1645.5,1600.0,1600.0,4041865,-0.0030558612328639434,1614.5349853515625,1626.2839892578124,1701.1627453613282,0.010673859152042477,1948.699951171875,-0.16292913632448516
2025-10-06,1639.723388671875,1654.699951171875,1659.699951171875,1620.0,1630.0,1756916,0.014406572280190044,1617.5899841308594,1625.72798828125,1700.387244873047,0.010992075907084639,1948.699951171875,-0.1508698144233028
2025-10-07,1638.1378173828125,1653.0999755859375,1663.0,1647.0,1649.4000244140625,2174852,-0.0009669279223730731,1621.1949829101563,1624.9499877929688,1699.707494506836,0.010772213470372202,1948.699951171875,-0.15169086210946675
2025-10-08,1616.8323974609375,1631.5999755859375,1655.0,1629.0,1645.0,1846507,-0.013005867955674821,1623.1899841308593,1623.6019873046876,1698.860244140625,0.011236750812992394,1948.699951171875,-0.1627238587424634
2025-10-09,1643.489013671875,1658.5,1662.300048828125,1632.4000244140625,1645.0,2197566,0.01648689925016833,1626.4449829101563,1622.72798828125,1698.0362438964844,0.011737862073610078,1948.699951171875,-0.14891977135698065
2025-10-10,1655.7767333984375,1670.9000244140625,1676.5999755859375,1649.0,1655.0,1454056,0.007476650234586879,1629.5049865722656,1621.9359887695311,1697.346494140625,0.011652967236384404,1948.699951171875,-0.14255654216584449
2025-10-13,1653.29931640625,1668.4000244140625,1675.0,1655.800048828125,1662.5,1375179,-0.001496199631020212,1632.094989013672,1620.62798828125,1696.6154943847657,0.011663205526152992,1948.699951171875,-0.14383944875107665
2025-10-14,1639.4261474609375,1654.4000244140625,1669.9000244140625,1646.199951171875,1667.5999755859375,2108287,-0.008391272953209628,1634.714990234375,1619.5819897460938,1695.792494506836,0.01163321692427231,1948.699951171875,-0.1510237256283768
2025-10-15,1640.1197509765625,1655.0999755859375,1668.699951171875,1650.0999755859375,1652.5,2088737,0.0004230845995802923,1636.9449890136718,1620.089990234375,1694.8612445068359,0.011604202347375622,1948.699951171875,-0.15066453684128103
2025-10-16,1643.984375,1659.0,1662.9000244140625,1643.199951171875,1654.0,2895957,0.0023563678760141205,1638.884991455078,1620.4379907226562,1693.8499945068359,0.01155669816011134,1948.699951171875,-0.14866319003993422
2025-10-17,1663.902587890625,1679.0999755859375,1692.0,1656.699951171875,1658.199951171875,1594147,0.012115717652765312,1640.4099914550782,1621.3779907226562,1692.8259942626953,0.011213622235272103,1948.699951171875,-0.13834863362305222
2025-10-20,1673.3165283203125,1688.5999755859375,1696.9000244140625,1682.800048828125,1684.9000244140625,1647622,0.005657792947489471,1642.039990234375,1623.2459912109375,1691.8372442626953,0.011235918926530869,1948.699951171875,-0.13347358859917
2025-10-21,1675.1993408203125,1690.5,1696.0,1684.0,1690.0,74296,0.0011252069415690347,1644.364990234375,1625.0879907226563,1690.8399945068359,0.01106581411449914,1948.699951171875,-0.13249856706600893
2025-10-23,1674.6048583984375,1689.9000244140625,1712.0,1682.199951171875,1705.0,2687094,-0.00035491013660904347,1647.2999938964845,1627.1479907226562,1689.8994946289063,0.010862132093521555,1948.699951171875,-0.13280645211808004
2025-10-24,1683.6224365234375,1699.0,1701.9000244140625,1686.0,1690.0,994307,0.005384919494922702,1650.8949951171876,1628.959990234375,1689.146244506836,0.01083964481501546,1948.699951171875,-0.12813668467621955
2025-10-27,1678.271240234375,1693.5999755859375,1708.5,1690.0,1701.0,2067904,-0.003178354569783659,1654.2049926757813,1630.3879907226562,1688.3772442626953,0.010898803226019558,1948.699951171875,-0.13090777542870566
2025-10-28,1671.73095703125,1687.0,1702.699951171875,1679.199951171875,1692.0,2440939,-0.003897009731388401,1659.2199951171874,1631.3319897460938,1687.545244140625,0.008996157281969501,1948.699951171875,-0.13429463628533395
2025-10-29,1700.3695068359375,1715.9000244140625,1722.0,1687.300048828125,1690.0,1016738,0.017131016250185205,1665.5499938964845,1632.8219897460938,1686.9359942626952,0.00951503800621211,1948.699951171875,-0.11946422363166549
2025-10-30,1687.982666015625,1703.4000244140625,1716.9000244140625,1680.0999755859375,1715.800048828125,1986233,-0.007284806703274249,1671.0049926757813,1634.2359912109375,1686.321244506836,0.009837907250618649,1948.699951171875,-0.12587875655782632
2025-10-31,1675.3974609375,1690.699951171875,1705.0,1686.800048828125,1700.0,1560918,-0.007455719772315961,1673.7299926757812,1635.5179907226564,1685.8507440185547,0.008502778293838532,1948.699951171875,-0.1323959595959596
2025-11-03,1690.9554443359375,1706.4000244140625,1712.800048828125,1681.199951171875,1688.199951171875,1099955,0.009286138105880637,1677.4899963378907,1636.9839916992187,1685.6482440185546,0.008588878008915696,1948.699951171875,-0.12433926865554773
2025-11-04,1674.7039794921875,1690.0,1711.199951171875,1682.199951171875,1707.0,1597993,-0.009610890869328204,1679.2549987792968,1637.9799926757812,1685.243994140625,0.008484139943882208,1948.699951171875,-0.13275514838305535
2025-11-06,1670.6409912109375,1685.9000244140625,1723.9000244140625,1667.0,1699.0,3389867,-0.002426021056767702,1680.895001220703,1638.8619921875,1684.8892443847656,0.008508996021495768,1948.699951171875,-0.1348591026544515
2025-11-07,1676.0911865234375,1691.4000244140625,1710.0,1683.0999755859375,1694.0,1512908,0.0032623524054526953,1683.8850036621093,1639.5559936523437,1684.5297442626952,0.007849977630439181,1948.699951171875,-0.13203670816694071
2025-11-10,1682.433349609375,1697.800048828125,1703.0999755859375,1685.800048828125,1697.5,1235665,0.0037838620797463474,1685.8500061035156,1641.5059936523437,1684.0859942626953,0.007077612122791917,1948.699951171875,-0.12875245478036176
2025-11-11,1700.567626953125,1716.0999755859375,1719.0,1695.0,1701.5999755859375,1315353,0.01077861128019375,1688.1100036621094,1644.113994140625,1683.775244140625,0.007267802048900033,1948.699951171875,-0.11936161616161615
2025-11-12,1716.4228515625,1732.0999755859375,1744.0999755859375,1710.199951171875,1721.4000244140625,1833097,0.009323466131125002,1691.2950012207032,1646.8659936523438,1683.6222442626954,0.007444506804073583,1948.699951171875,-0.1111510140161303
2025-11-13,1721.6748046875,1737.4000244140625,1747.800048828125,1725.4000244140625,1734.5,1727602,0.0030598977558047302,1695.445001220703,1650.3479931640625,1683.3144946289062,0.007040625382137963,1948.699951171875,-0.10843122699866886
2025-11-14,1741.196533203125,1757.0999755859375,1760.0999755859375,1734.699951171875,1737.4000244140625,1667322,0.011338753824709391,1700.5450012207032,1654.1859936523438,1682.9319946289063,0.007291873406132096,1948.699951171875,-0.09832194816380863
2025-11-17,1747.9349365234375,1763.9000244140625,1768.0,1747.699951171875,1765.800048828125,1430618,0.003870040932564045,1705.7900024414062,1657.8899951171875,1682.6404949951173,0.007292480214090612,1948.699951171875,-0.0948324171952079
2025-11-18,1742.8812255859375,1758.800048828125,1764.5,1750.0,1764.0,1429522,-0.002891306488660872,1709.7750061035156,1661.4199951171875,1682.500245361328,0.00708460958707469,1948.699951171875,-0.09744953410069689
2025-11-19,1767.9521484375,1784.0999755859375,1790.300048828125,1751.0999755859375,1762.0,2131124,0.014384765780891096,1714.5500061035157,1665.2299951171874,1682.8932452392578,0.007552667271120687,1948.699951171875,-0.08446655704330124
2025-11-20,1761.3128662109375,1777.4000244140625,1792.0,1773.0999755859375,1790.0,1513894,-0.003755367559867051,1718.8950073242188,1669.1579956054688,1683.1034954833985,0.007686656967457158,1948.699951171875,-0.08790472163495419
2025-11-21,1763.5919189453125,1779.699951171875,1787.4000244140625,1773.699951171875,1778.0,2199311,0.001293983755047412,1723.3850036621093,1672.9179956054688,1683.3064953613282,0.007662807160080435,1948.699951171875,-0.08672448516169447
2025-11-24,1764.68212890625,1780.800048828125,1785.9000244140625,1771.800048828125,1785.9000244140625,3434492,0.0006181365884319057,1727.4750061035156,1676.66599609375,1683.4907458496093,0.007646393813480275,1948.699951171875,-0.08615995615065382
2025-11-25,1760.71826171875,1776.800048828125,1792.0999755859375,1766.0999755859375,1785.0,1848114,-0.002246181429875982,1731.635009765625,1680.007998046875,1683.6637463378906,0.007613489723384578,1948.699951171875,-0.0882126066870253
2025-11-26,1788.56396484375,1804.9000244140625,1806.9000244140625,1773.5999755859375,1775.5,1158948,0.015814934046445295,1737.530010986328,1683.7739990234375,1683.9852465820313,0.008016785590631237,1948.699951171875,-0.07379274919740036
2025-11-27,1793.9150390625,1810.300048828125,1814.9000244140625,1802.0999755859373,1802.0999755859373,2902053,0.0029918689905361617,1742.2500122070312,1687.94,1684.210496826172,0.007338176774835954,1948.699951171875,-0.07102165844491426
2025-11-28,1815.022216796875,1831.5999755859373,1833.0,1807.5,1810.300048828125,1623103,0.011765964858477806,1748.660009765625,1692.3619995117188,1684.6047467041017,0.007208243129693208,1948.699951171875,-0.06009133192389018
2025-12-01,1791.0413818359375,1807.4000244140625,1849.0,1801.0,1841.0,1869293,-0.013212465327825273,1754.4950134277344,1696.1060009765624,1684.9317468261718,0.007768604658082977,1948.699951171875,-0.0725098426121682
2025-12-02,1783.2127685546875,1799.5,1814.9000244140625,1788.5999755859375,1804.0,2948688,-0.00437093300174296,1759.1500122070313,1699.1240014648438,1685.1802465820313,0.00782139587863011,1948.699951171875,-0.07656383994988646
2025-12-03,1790.34765625,1806.699951171875,1816.0,1782.5,1805.0,2114510,0.004001084285565337,1764.985009765625,1702.1380004882812,1685.553246459961,0.007267408419786982,1948.699951171875,-0.07286909404118706
2025-12-04,1801.8426513671875,1818.300048828125,1823.199951171875,1798.300048828125,1808.4000244140625,1713961,0.006420599972190022,1771.6050109863281,1705.6240014648438,1686.1459967041017,0.007164610821742456,1948.699951171875,-0.06691635737217133
2025-12-05,1788.96044921875,1805.300048828125,1820.199951171875,1800.199951171875,1819.0,1777401,-0.007149535088215142,1777.3000122070312,1709.1060034179689,1686.7032470703125,0.007573241770841516,1948.699951171875,-0.0735874716153786
2025-12-08,1779.942626953125,1796.199951171875,1806.0,1785.699951171875,1805.300048828125,2410074,-0.005040767412684222,1782.2200073242188,1712.4880029296876,1686.9524969482422,0.007796786512283043,1948.699951171875,-0.07825730169916216
2025-12-09,1759.925537109375,1776.0,1801.199951171875,1772.0,1796.0,2401728,-0.011245936822733005,1785.2150085449218,1715.4600024414062,1687.3299969482423,0.008164675014678524,1948.699951171875,-0.08862316185106883
2025-12-10,1769.3394775390625,1785.5,1791.699951171875,1767.9000244140625,1787.9000244140625,2321746,0.005349099099099197,1787.885009765625,1719.4360034179688,1687.6864971923828,0.008017649166792304,1948.699951171875,-0.0837481168271866
2025-12-11,1790.843017578125,1807.199951171875,1810.5,1775.0999755859375,1778.0,1280916,0.01215343106797806,1791.3750061035157,1723.7940014648439,1688.2144970703125,0.008358395291794987,1948.699951171875,-0.07261251272414063
2025-12-12,1777.26708984375,1793.5,1811.800048828125,1791.0,1808.0,1442309,-0.0075807611454346,1793.1950073242188,1727.7780004882814,1688.7989971923828,0.008316896313231183,1948.699951171875,-0.07964281575444367
2025-12-15,1780.83447265625,1797.0999755859375,1804.5999755859373,1777.5999755859375,1779.0,1396948,0.0020072347844646288,1794.8550048828124,1730.9960009765625,1689.437996826172,0.008294152906801579,1948.699951171875,-0.07779544280009397
2025-12-16,1765.177490234375,1781.300048828125,1791.9000244140625,1778.300048828125,1790.0,1533979,-0.0087919019378212,1795.9800048828124,1733.9980029296876,1690.1257470703124,0.008539864081541443,1948.699951171875,-0.0859033748336074
2025-12-17,1776.6724853515625,1792.9000244140625,1797.5999755859375,1771.5,1781.0,1910628,0.006512084021762066,1796.4200073242187,1736.7620043945312,1690.8927471923828,0.008041334636323718,1948.699951171875,-0.07995070080651476
2025-12-18,1730.097900390625,1745.9000244140625,1785.0,1736.0,1785.0,3461351,-0.026214512443525684,1794.8450073242188,1738.6180053710937,1691.5542474365234,0.009970761425014405,1948.699951171875,-0.1040693446088795
2025-12-19,1729.1070556640625,1744.9000244140625,1760.0,1741.199951171875,1747.0,2768986,-0.0005727704828548674,1793.1050109863281,1740.8840063476562,1692.0412475585938,0.009958401943589526,1948.699951171875,-0.10458250724297236
2025-12-22,1753.7816162109375,1769.800048828125,1773.199951171875,1743.0999755859375,1744.9000244140625,1467257,0.01427017254035734,1792.5550109863282,1743.1100073242187,1692.9239978027344,0.010522698350743862,1948.699951171875,-0.09180474512567535
2025-12-23,1740.0074462890625,1755.9000244140625,1774.5999755859375,1751.699951171875,1772.0,1124853,-0.007854008379797661,1791.510009765625,1744.8100073242188,1693.777998046875,0.010652408019828124,1948.699951171875,-0.09893771826795082
2025-12-24,1721.278564453125,1737.0,1759.0,1719.0,1755.9000244140625,2224786,-0.010763724671835617,1788.115008544922,1746.1820068359375,1694.630498046875,0.010151126750008885,1948.699951171875,-0.10863650458069063
2025-12-26,1703.9368896484375,1719.5,1737.0,1708.0,1737.0,2507337,-0.010074841681059321,1783.5750061035155,1747.4840063476563,1695.3157482910156,0.010242079885055377,1948.699951171875,-0.1176168506773158
2025-12-29,1701.6575927734375,1717.199951171875,1727.5,1710.300048828125,1719.5,1800816,-0.0013376265356934702,1777.8550048828124,1748.726005859375,1695.831748046875,0.009684055426291917,1948.699951171875,-0.11879714979249863
2025-12-30,1704.6304931640625,1720.199951171875,1723.0999755859375,1707.0,1723.0999755859375,2639497,0.0017470300985931164,1773.4950012207032,1749.9500048828124,1696.3862475585938,0.009442675078222497,1948.699951171875,-0.11725766189022004
2025-12-31,1704.135009765625,1719.699951171875,1725.5999755859375,1715.5,1720.199951171875,1428439,-0.0002906638845440179,1769.5049987792968,1750.7620043945312,1696.927247314453,0.009442539167806348,1948.699951171875,-0.11751424320726646
