Date,Adj Close,Close,High,Low,Open,Volume,Daily_Return,MA20,MA50,MA200,Rolling_Volatility_20D,Running_Max,Drawdown
2024-01-01,3482.78515625,3811.10009765625,3832.0,3773.0,3790.0,825907,,,,,,3811.10009765625,0.0
2024-01-02,3457.28857421875,3783.199951171875,3811.10009765625,3767.25,3811.10009765625,1344068,-0.007320759300321944,,,,,3811.10009765625,-0.00732075930032198
2024-01-03,3373.716552734375,3691.75,3771.85009765625,3687.050048828125,3767.0,1803075,-0.02417264547266329,,,,,3811.10009765625,-0.031316442653827936
2024-01-04,3350.916259765625,3666.800048828125,3719.0,3651.0,3701.75,3598144,-0.006758299227161868,,,,,3811.10009765625,-0.03786309599080503
2024-01-05,3415.890625,3737.89990234375,3747.75,3674.85009765625,3675.0,1963127,0.01939016378554581,,,,,3811.10009765625,-0.019207103837948693
2024-01-08,3361.42529296875,3678.300048828125,3739.75,3672.39990234375,3737.89990234375,1067805,-0.01594474305699156,,,,,3811.10009765625,-0.03484559455937522
2024-01-09,3372.02587890625,3689.89990234375,3752.35009765625,3682.75,3709.949951171875,1370944,0.003153590887540636,,,,,3811.10009765625,-0.031801892421307876
2024-01-10,3393.18212890625,3713.050048828125,3729.25,3688.0,3690.0,1292227,0.0062739226258334835,,,,,3811.10009765625,-0.025727492407880814
2024-01-11,3413.743408203125,3735.550048828125,3773.0,3707.0,3724.0,1777909,0.006059708246351603,,,,,3811.10009765625,-0.019823685259431196
2024-01-12,3548.30810546875,3882.800048828125,3905.25,3821.60009765625,3848.0,6813450,0.03941855900075386,,,,,3882.800048828125,0.0
2024-01-15,3567.4990234375,3903.800048828125,3965.0,3885.0,3960.0,2801505,0.005408468047778614,,,,,3903.800048828125,0.0
2024-01-16,3528.660400390625,3861.300048828125,3899.0,3855.550048828125,3899.0,1432672,-0.010886828082487976,,,,,3903.800048828125,-0.010886828082487985
2024-01-17,3549.953125,3884.60009765625,3909.949951171875,3812.550048828125,3819.0,3458696,0.0060342497432170905,,,,,3903.800048828125,-0.004918272178832161
2024-01-18,3566.402587890625,3902.60009765625,3908.800048828125,3862.0,3898.0,2239110,0.004633681601063699,,,,,3903.800048828125,-0.0003073802850725439
2024-01-19,3628.471435546875,3943.050048828125,3963.550048828125,3915.050048828125,3945.0,2941975,0.010364872177440754,,,,,3943.050048828125,0.0
2024-01-23,3550.43701171875,3858.25,3933.89990234375,3842.75,3900.0,2618854,-0.021506206560408136,,,,,3943.050048828125,-0.021506206560408126
2024-01-24,3535.298828125,3841.800048828125,3883.64990234375,3805.60009765625,3880.0,2657709,-0.004263578350774289,,,,,3943.050048828125,-0.025678091514484202
2024-01-25,3506.312255859375,3810.300048828125,3861.0,3778.699951171875,3839.89990234375,2205154,-0.008199281482545784,,,,,3943.050048828125,-0.03366683109676818
2024-01-29,3497.754150390625,3801.0,3820.0,3780.85009765625,3800.800048828125,1646747,-0.0024407654801320566,,,,,3943.050048828125,-0.036025423737733764
2024-01-30,3497.33984375,3800.550048828125,3847.800048828125,3787.0,3807.449951171875,1411621,-0.00011837705126938047,3799.880029296875,,,,3943.050048828125,-0.03613953620557036
2024-01-31,3511.51171875,3815.949951171875,3834.0,3796.449951171875,3811.199951171875,2459358,0.004052019351382663,3800.122521972656,,,0.014209976371027663,3943.050048828125,-0.03223395495424263
2024-02-01,3546.66357421875,3854.14990234375,3904.89990234375,3805.050048828125,3820.0,2363107,0.01001060067890669,3803.67001953125,,,0.014258215494701186,3943.050048828125,-0.022546035526684764
2024-02-02,3649.86669921875,3966.300048828125,3984.39990234375,3872.0,3875.050048828125,2826510,0.0290985429539663,3817.3975219726562,,,0.014278987941736472,3966.300048828125,0.0
2024-02-05,3656.308349609375,3973.300048828125,4022.0,3962.10009765625,3983.0,1691523,0.0017648689997793454,3832.722521972656,,,0.014076528017957226,3973.300048828125,0.0
2024-02-06,3806.02734375,4136.0,4149.89990234375,3990.0,3997.0,4474396,0.04094831731116333,3852.6275268554687,,,0.016001548674427303,4136.0,0.0
2024-02-07,3757.624267578125,4083.39990234375,4155.0,4073.949951171875,4153.0,2124267,-0.012717625158667811,3872.88251953125,,,0.015792081149905764,4136.0,-0.012717625158667796
2024-02-08,3804.279296875,4134.10009765625,4158.0,4086.050048828125,4090.0,2345173,0.01241617194617639,3895.092529296875,,,0.015859815690184964,4136.0,-0.00045935743320841394
2024-02-09,3803.911376953125,4133.7001953125,4184.75,4100.0,4136.5498046875,2100596,-9.673262240961211e-05,3916.125036621094,,,0.01591404994195596,4136.0,-0.0005560456207688588
2024-02-12,3791.94873046875,4120.7001953125,4159.60009765625,4105.5498046875,4130.0,1013716,-0.0031448821602354515,3935.3825439453126,,,0.016029659054610856,4136.0,-0.003699179083051257
2024-02-13,3818.450439453125,4149.5,4170.0,4081.5,4125.4501953125,1257415,0.00698905606388478,3948.7175415039064,,,0.01386267555674225,4149.5,0.0
2024-02-14,3772.991943359375,4100.10009765625,4114.89990234375,4049.5,4107.0,1391283,-0.011905025266598424,3958.5325439453127,,,0.01426649320184127,4149.5,-0.011905025266598385
2024-02-15,3775.844970703125,4103.2001953125,4146.2998046875,4083.0,4128.0,1091582,0.0007561029200291447,3970.627551269531,,,0.013922675653663404,4149.5,-0.011157923770936258
2024-02-16,3798.94189453125,4128.2998046875,4147.9501953125,4100.10009765625,4113.25,1307556,0.006117081346329156,3982.812536621094,,,0.013923596150590798,4149.5,-0.005109096351970117
2024-02-19,3776.396484375,4103.7998046875,4128.2998046875,4055.0,4123.0498046875,772291,-0.005934646503187868,3992.872521972656,,,0.014063678889185796,4149.5,-0.011013422174358356
2024-02-20,3709.082275390625,4030.64990234375,4098.0,4010.0,4082.10009765625,1193648,-0.01782491978780143,3997.2525146484377,,,0.01464607394207916,4149.5,-0.028642028595312688
2024-02-21,3673.056396484375,3991.5,4063.35009765625,3980.60009765625,4013.0,1885939,-0.00971304958066066,4003.9150146484376,,,0.01390230994280044,4149.5,-0.0380768767321364
2024-02-22,3761.029296875,4087.10009765625,4094.949951171875,3971.0,3971.0,2982052,0.023950920119315988,4016.1800170898437,,,0.014666261244980943,4149.5,-0.015037932845824798
2024-02-23,3728.82177734375,4052.10009765625,4130.0,4046.39990234375,4130.0,2538072,-0.008563528948084875,4028.27001953125,,,0.014681380663442782,4149.5,-0.02347268402066514
2024-02-26,3681.84423828125,4001.050048828125,4050.0,3982.75,4036.0,1379284,-0.012598417511367144,4038.2725219726562,,,0.015057027053647053,4149.5,-0.035775382858627545
2024-02-27,3776.94873046875,4104.39990234375,4124.0,3999.0,3999.0,2960475,0.025830682509431657,4053.4650146484373,,,0.015898224484391148,4149.5,-0.01086880290547054
2024-02-28,3790.338134765625,4118.9501953125,4154.89990234375,4089.0,4095.60009765625,1939225,0.003545047586723138,4068.615026855469,,,0.01589849397259346,4149.5,-0.007362285742258104
2024-02-29,3768.39111328125,4095.10009765625,4138.10009765625,4064.550048828125,4099.0,3772719,-0.00579033407186913,4080.6625366210938,,,0.015973706977548633,4149.5,-0.013109989720147005
2024-03-01,3767.700927734375,4094.35009765625,4140.0,4086.800048828125,4107.2001953125,2043265,-0.00018314570635991068,4087.0650390625,,,0.014767162743616679,4149.5,-0.013290734388179298
2024-03-04,3755.139892578125,4080.699951171875,4117.89990234375,4075.89990234375,4105.0,1749271,-0.0033338982155406427,4092.4350341796876,,,0.014809794617226141,4149.5,-0.016580322648060006
2024-03-05,3692.012451171875,4012.10009765625,4064.0,3980.0,4062.0,2070859,-0.01681080558150938,4086.2400390625,,,0.012079439147947568,4149.5,-0.0331123996490541
2024-03-06,3740.048095703125,4064.300048828125,4072.0,3958.449951171875,3994.050048828125,1744204,0.013010630318612604,4085.285046386719,,,0.012185902532653949,4149.5,-0.020532582521237498
2024-03-07,3780.81396484375,4108.60009765625,4124.0,4037.699951171875,4065.0,2688905,0.010899797823956892,4084.010046386719,,,0.01210797813692893,4149.5,-0.009856585695565731
2024-03-11,3793.466552734375,4122.35009765625,4153.0,4089.0,4089.0,2304068,0.003346638678182412,4083.4425415039063,,,0.012134574767680071,4149.5,-0.006542933448307025
2024-03-12,3857.790283203125,4192.25,4229.9501953125,4121.0498046875,4122.35009765625,4039801,0.01695632362314181,4087.0200317382814,,,0.01268621509822647,4192.25,0.0
2024-03-13,3817.990234375,4149.0,4241.0,4131.89990234375,4205.0,2837260,-0.010316655733794478,4086.9950317382813,3962.09203125,,0.01284095385689401,4192.25,-0.010316655733794502
2024-03-14,3871.915283203125,4207.60009765625,4225.0,4086.0,4153.4501953125,2919608,0.01412390881085801,4092.3700317382813,3970.02203125,,0.012882151439109358,4207.60009765625,0.0
2024-03-15,3882.636474609375,4219.25,4239.0,4177.0,4192.60009765625,3373143,0.0027687760417725027,4098.172521972656,3978.7430322265627,,0.012884936570685734,4219.25,0.0
2024-03-18,3821.21142578125,4152.5,4254.75,4117.85009765625,4215.25,1526904,-0.015820347218107433,4099.382531738282,3987.9580322265624,,0.013392623283451623,4219.25,-0.015820347218107482
2024-03-19,3659.989013671875,3977.300048828125,4058.0,3966.60009765625,4051.25,8931209,-0.042191439174443124,4093.0575439453123,3994.1680322265624,,0.01640667865239312,4219.25,-0.05734430317517924
2024-03-20,3654.09912109375,3970.89990234375,4018.0,3960.199951171875,3986.0,1817913,-0.0016091686334454014,4090.0700439453126,3998.8280322265623,,0.01594840154034996,4219.25,-0.05886119515464834
2024-03-21,3655.985595703125,3972.949951171875,4008.39990234375,3948.0,3990.050048828125,3829582,0.0005162680698436173,4089.142541503906,4004.7210302734375,,0.01580498695996155,4219.25,-0.05837531524041595
2024-03-22,3598.886474609375,3910.89990234375,3938.0,3855.0,3897.0,5852485,-0.015618130001819552,4080.3325317382814,4009.1410302734375,,0.015094738277898605,4219.25,-0.0730817319799135
2024-03-26,3568.151123046875,3877.5,3946.699951171875,3871.449951171875,3875.0,3440925,-0.00854020894877261,4071.6025268554686,4012.430029296875,,0.015094212953942393,4219.25,-0.08099780766723944
2024-03-27,3534.470703125,3840.89990234375,3895.0,3829.39990234375,3888.5,1968575,-0.009439096752095422,4063.59501953125,4014.5370263671875,,0.014994662071673659,4219.25,-0.08967235827605617
2024-03-28,3567.046875,3876.300048828125,3915.0,3840.5,3850.10009765625,4311783,0.009216628234121282,4052.1900268554687,4014.4070263671874,,0.013787211413067435,4219.25,-0.08128220683104224
2024-04-01,3604.269775390625,3916.75,3933.300048828125,3888.050048828125,3897.699951171875,1569676,0.010435196105137434,4042.0800170898438,4014.666025390625,,0.014036963098565978,4219.25,-0.07169520649404515
2024-04-02,3573.94873046875,3883.800048828125,3909.85009765625,3873.0,3890.0,2142666,-0.00841257449974464,4031.5150146484375,4015.116025390625,,0.014082284145010338,4219.25,-0.0795046397278841
2024-04-03,3632.382080078125,3947.300048828125,3981.0,3851.0,3851.0,3973090,0.01634996632207164,4024.1625122070313,4016.3700244140623,,0.014700242568718273,4219.25,-0.06445457158781182
2024-04-04,3683.91455078125,4003.300048828125,4028.64990234375,3935.25,3975.89990234375,3394637,0.014186912397659013,4020.292517089844,4018.3840234375,,0.015115417765076163,4219.25,-0.05118207055089767
2024-04-05,3661.783203125,3979.25,4002.0,3960.5,3978.0,1636819,-0.006007555900079287,4018.650012207031,4019.1080224609377,,0.014702312638240242,4219.25,-0.056882147301060615
2024-04-08,3655.617919921875,3972.550048828125,4032.64990234375,3960.0,3983.0,2302538,-0.001683722101369578,4014.0625122070314,4021.3940234375,,0.014365044852583619,4219.25,-0.05847009567384606
2024-04-09,3631.692138671875,3946.550048828125,4015.85009765625,3925.050048828125,3984.0,1876992,-0.006544914395142709,4005.960009765625,4023.4890234375,,0.014129472813352575,4219.25,-0.06463232829812762
2024-04-10,3666.75244140625,3984.64990234375,3990.199951171875,3918.0,3956.39990234375,2101965,0.009653964359818135,3999.075,4026.9760205078123,,0.01432214776451888,4219.25,-0.05560232213219174
2024-04-12,3682.165771484375,4001.39990234375,4013.35009765625,3945.5,3971.0,4354821,0.004203631538657326,3989.5324951171874,4030.9840185546873,,0.0137239679375431,4219.25,-0.05163242226847189
2024-04-15,3626.768798828125,3941.199951171875,4064.199951171875,3919.050048828125,4001.39990234375,4200329,-0.01504472250739397,3979.1424926757813,4033.7970166015625,,0.013909941956728693,4219.25,-0.06590034931045209
2024-04-16,3563.82568359375,3872.800048828125,3928.699951171875,3862.85009765625,3902.0,3051420,-0.017355095704650103,3962.402490234375,4034.9340185546876,,0.013712704132145185,4219.25,-0.08211173814584938
2024-04-18,3553.88720703125,3862.0,3936.0,3850.0,3876.800048828125,3476284,-0.0027886925975930676,3944.539990234375,4035.0910205078126,,0.013623342055299704,4219.25,-0.0846714463470996
2024-04-19,3520.943359375,3826.199951171875,3852.550048828125,3800.89990234375,3838.0,2957749,-0.009269821032657943,3928.224987792969,4032.2890185546876,,0.013409485615810462,4219.25,-0.09315637822554364
2024-04-22,3556.2802734375,3864.60009765625,3878.0,3812.0,3837.0,1728883,0.010036105528832495,3922.589990234375,4030.11501953125,,0.010306391171271736,4219.25,-0.08405519993926645
2024-04-23,3565.57470703125,3874.699951171875,3895.0,3860.60009765625,3877.050048828125,1807586,0.0026134278477480954,3917.779992675781,4024.8890185546875,,0.010344752763286306,4219.25,-0.08166144429178764
2024-04-24,3525.406982421875,3831.050048828125,3898.0,3824.449951171875,3890.0,1317312,-0.01126536322652505,3910.6849975585938,4019.842021484375,,0.010576259162149246,4219.25,-0.09200686168676304
2024-04-25,3544.869140625,3852.199951171875,3873.64990234375,3811.0,3811.199951171875,2856271,0.005520654148128301,3907.75,4014.2040185546875,,0.010167187191763433,4219.25,-0.08699414560126208
2024-04-26,3516.480712890625,3821.35009765625,3876.800048828125,3802.550048828125,3855.14990234375,2039178,-0.00800837285360545,3904.9425048828125,4007.9570166015624,,0.010146294895757356,4219.25,-0.09430583690081176
2024-04-29,3561.43310546875,3870.199951171875,3877.800048828125,3819.199951171875,3838.0,1110693,0.012783401747352707,3906.407507324219,4002.94701171875,,0.010351343153858486,4219.25,-0.08272798455368252
2024-04-30,3515.83642578125,3820.64990234375,3881.75,3810.0,3872.0,2203078,-0.012802968697553041,3903.625,3996.370009765625,,0.010537055525760751,4219.25,-0.09447178945458316
2024-05-02,3555.083984375,3863.300048828125,3871.10009765625,3778.050048828125,3778.050048828125,2491044,0.011163060624374888,3900.952502441406,3991.6340087890626,,0.010578604866068986,4219.25,-0.08436332314318302
2024-05-03,3536.771240234375,3843.39990234375,3893.60009765625,3797.60009765625,3890.14990234375,2962234,-0.005151074530286959,3898.9324951171875,3986.4380029296876,,0.010477028057798187,4219.25,-0.08907983590833679
2024-05-06,3608.226806640625,3921.050048828125,3939.949951171875,3853.0,3853.0,2053831,0.020203504308001552,3897.6199951171875,3982.2930078125,,0.010832063891845241,4219.25,-0.07067605644886532
2024-05-07,3661.507568359375,3978.949951171875,3988.0,3913.5,3930.800048828125,2062112,0.014766427773869939,3896.402490234375,3979.7960107421877,,0.010873489593226303,4219.25,-0.056953261557889434
2024-05-08,3659.6669921875,3976.949951171875,3984.300048828125,3938.60009765625,3961.0,1247685,-0.0005026451763764372,3896.287487792969,3978.72201171875,,0.010789395082456726,4219.25,-0.05742727945206494
2024-05-09,3644.253173828125,3960.199951171875,3971.0,3910.050048828125,3962.0,1726486,-0.0042117703782177385,3895.6699829101562,3978.0960107421874,,0.010825232684179379,4219.25,-0.0613971793157848
2024-05-10,3583.24267578125,3893.89990234375,3973.60009765625,3885.050048828125,3962.60009765625,1672489,-0.016741591244276988,3893.0374755859375,3974.2320068359377,,0.011371092918913162,4219.25,-0.07711088408040528
2024-05-13,3632.84228515625,3947.800048828125,3955.0,3870.0,3884.5,931326,0.013842201349842709,3891.1949829101563,3972.146005859375,,0.011606197435935989,4219.25,-0.06433606711426794
2024-05-14,3589.960205078125,3901.199951171875,3945.800048828125,3892.89990234375,3936.0,1058317,-0.011804067348872627,3886.1849853515623,3970.14900390625,,0.011821933305879967,4219.25,-0.0753807071939622
2024-05-15,3570.81982421875,3880.39990234375,3926.949951171875,3875.5,3904.5,1115021,-0.005331705395381414,3883.144982910156,3965.66900390625,,0.01141582108614015,4219.25,-0.08031050486608994
2024-05-16,3615.821044921875,3900.949951171875,3909.5,3843.5,3891.10009765625,2599399,0.005295858505643514,3884.5524780273436,3961.3089990234375,,0.010784230033879683,4219.25,-0.07543995943073413
2024-05-17,3553.857421875,3834.10009765625,3920.0,3830.0,3919.0,2765804,-0.017136813943368523,3883.1574829101564,3956.0889990234373,,0.01146451882630678,4219.25,-0.09128397282544291
2024-05-21,3540.97314453125,3820.199951171875,3844.75,3810.050048828125,3830.60009765625,1908117,-0.0036253999974784623,3882.8574829101562,3950.60599609375,,0.011300389242971573,4219.25,-0.09457843190807015
2024-05-22,3551.91064453125,3832.0,3841.25,3817.550048828125,3835.0,1311168,0.0030888563370892186,3881.2274780273438,3945.6319970703125,,0.01107969561085159,4219.25,-0.09178171475973218
2024-05-23,3608.868896484375,3893.449951171875,3905.0,3825.5,3840.949951171875,2095742,0.01603599978389214,3882.1649780273438,3943.258994140625,,0.011660894636255059,4219.25,-0.07721752653389229
2024-05-24,3568.1318359375,3849.5,3883.800048828125,3844.300048828125,3878.25,1309452,-0.011288176738639355,3883.0874755859377,3938.9629931640625,,0.011662087173982197,4219.25,-0.08763405818569651
2024-05-27,3565.860595703125,3847.050048828125,3908.35009765625,3841.35009765625,3855.0,1841538,-0.0006364336074490273,3882.82998046875,3933.7319921875,,0.011598244387890241,4219.25,-0.08821471853335901
2024-05-28,3559.233154296875,3839.89990234375,3870.0,3830.0,3858.0,1801993,-0.0018586050073752247,3883.757470703125,3928.08298828125,,0.01145548255140363,4219.25,-0.08990936722314392
2024-05-29,3525.633056640625,3803.64990234375,3848.89990234375,3800.0,3848.89990234375,1568095,-0.009440350249201646,3880.429968261719,3920.310986328125,,0.011257450337915115,4219.25,-0.09850094155507495
2024-05-30,3463.02001953125,3736.10009765625,3794.39990234375,3715.449951171875,3777.0,2919230,-0.01775920666249453,3876.2024780273437,3912.05298828125,,0.011585202765954797,4219.25,-0.11451084964004266
2024-05-31,3402.632080078125,3670.949951171875,3749.800048828125,3653.75,3740.0,10956800,-0.017438008827773466,3866.5849731445314,3901.3199853515625,,0.01176159121456791,4219.25,-0.12995201726091724
2024-06-03,3432.20068359375,3702.85009765625,3751.550048828125,3696.0,3732.800048828125,2156773,0.008689888696028492,3859.557482910156,3890.9919873046874,,0.012001200408526784,4219.25,-0.12239139713071043
2024-06-04,3443.46240234375,3715.0,3745.0,3591.5,3700.0,3395997,0.003281229869780633,3849.25498046875,3882.2419873046874,,0.010916294739307886,4219.25,-0.11951176156899923
2024-06-05,3472.614013671875,3746.449951171875,3783.800048828125,3700.0,3716.0,2799670,0.008465666533479244,3837.62998046875,3877.6249853515624,,0.01046932268658249,4219.25,-0.1120578417557919
2024-06-06,3550.427978515625,3830.39990234375,3839.89990234375,3741.5,3781.0,4328036,0.02240786671809558,3830.3024780273436,3874.8149853515624,,0.011906404537343887,4219.25,-0.09216095222047757
2024-06-07,3609.3330078125,3893.949951171875,3915.0,3837.300048828125,3837.300048828125,4552445,0.016590969728575766,3826.9899780273436,3873.2349853515625,,0.012575252798059386,4219.25,-0.07709902206034841
2024-06-10,3576.6591796875,3858.699951171875,3905.89990234375,3841.89990234375,3895.0,1734661,-0.009052504639766035,3825.22998046875,3872.190986328125,,0.012172283818016157,4219.25,-0.08545358744519169
2024-06-11,3570.54150390625,3852.10009765625,3879.949951171875,3841.0,3845.0,1419898,-0.001710382667514887,3820.4449829101563,3871.68298828125,,0.011703389107319124,4219.25,-0.08701781177786336
2024-06-12,3551.5859375,3831.64990234375,3893.5,3827.449951171875,3874.39990234375,2177001,-0.005308843174906763,3816.96748046875,3871.49798828125,,0.011480511619031287,4219.25,-0.09186469103661789
2024-06-13,3594.6875,3878.14990234375,3890.0,3852.0,3856.800048828125,1932323,0.012135764275216454,3816.85498046875,3871.5349853515627,,0.011781024223164339,4219.25,-0.08084377499703739
2024-06-14,3551.956787109375,3832.050048828125,3889.0,3828.0,3889.0,1860730,-0.011887073650186819,3813.4099853515627,3869.840986328125,,0.012001795642651055,4219.25,-0.09176985273967529
2024-06-18,3536.24609375,3815.10009765625,3842.0,3795.050048828125,3826.050048828125,1774045,-0.004423207149149455,3812.4599853515624,3868.4669873046873,,0.01141453295396459,4219.25,-0.09578714282011021
2024-06-19,3523.8251953125,3801.699951171875,3833.85009765625,3792.949951171875,3827.64990234375,1509050,-0.0035123970908672586,3811.5349853515627,3865.5549853515627,,0.011412769003942556,4219.25,-0.09896309742919358
2024-06-20,3510.431640625,3787.25,3809.949951171875,3780.050048828125,3796.0,2846526,-0.0038009183674321267,3809.2974853515625,3861.233984375,,0.011412859216206932,4219.25,-0.1023878651419091
2024-06-21,3532.213623046875,3810.75,3877.800048828125,3798.050048828125,3827.0,4642195,0.006205030034985848,3805.162487792969,3857.863984375,,0.01086035613357644,4219.25,-0.09681815488534692
2024-06-24,3537.821533203125,3816.800048828125,3857.0,3791.300048828125,3808.75,1702154,0.0015876268000065696,3803.527490234375,3854.748984375,,0.010597906119760508,4219.25,-0.09538423918276352
2024-06-25,3557.88916015625,3838.449951171875,3847.64990234375,3792.89990234375,3817.0,1338808,0.0056722652658729444,3803.0974853515627,3852.586982421875,,0.010683201206212101,4219.25,-0.09025301862371866
2024-06-26,3574.017578125,3855.85009765625,3866.949951171875,3841.0,3844.5,1639845,0.004533117978798407,3803.8949951171876,3850.010986328125,,0.010722026952186471,4219.25,-0.0861290282262843
2024-06-27,3646.59423828125,3934.14990234375,3942.0,3818.10009765625,3831.0,4526556,0.020306755372853758,3810.4199951171877,3848.665986328125,,0.011350162976634829,4219.25,-0.06757127396012325
2024-06-28,3618.786865234375,3904.14990234375,3960.0,3897.85009765625,3917.800048828125,2731571,-0.007625535565416008,3818.8224853515626,3847.9249853515626,,0.010637251648472373,4219.25,-0.07468154237275582
2024-07-01,3687.4248046875,3978.199951171875,4001.699951171875,3884.0,3884.0,2658723,0.01896700963855702,3834.1849853515623,3850.0329833984374,,0.010195506526789367,4219.25,-0.05713101826820525
2024-07-02,3723.759033203125,4017.39990234375,4023.39990234375,3982.550048828125,3993.60009765625,2307449,0.009853690526623105,3849.9124755859375,3853.1409814453127,,0.010226499271376,4219.25,-0.047840279115067844
2024-07-03,3675.42138671875,3965.25,4026.10009765625,3955.0,4020.0,1821198,-0.012981008515812853,3862.4249755859373,3855.921982421875,,0.010920834045653189,4219.25,-0.06020027256028915
2024-07-04,3727.04931640625,4020.949951171875,4047.35009765625,3982.10009765625,3999.85009765625,2518001,0.01404702129042934,3876.1499755859377,3859.0489794921873,,0.011128550053199704,4219.25,-0.04699888578020383
2024-07-05,3718.568603515625,4011.800048828125,4026.75,3988.0,4010.0,1668616,-0.0022755573819274177,3885.2199829101564,3861.7909814453124,,0.010268458612263309,4219.25,-0.049167494500651776
2024-07-08,3701.328369140625,3993.199951171875,4031.25,3978.050048828125,4022.0,1758882,-0.004636347133422869,3890.182482910156,3865.0339794921874,,0.009807463926777027,4219.25,-0.05357588406188896
2024-07-09,3694.191162109375,3985.5,4006.949951171875,3975.10009765625,3985.0,1305801,-0.001928265868483603,3896.5224853515624,3867.69998046875,,0.00953713767581475,4219.25,-0.05540084138176216
2024-07-10,3623.42138671875,3909.14990234375,4003.300048828125,3902.0,3983.699951171875,2669716,-0.019156968424601684,3899.3749755859376,3869.4559765625,,0.010600355347064648,4219.25,-0.07349649763731705
2024-07-11,3636.908203125,3923.699951171875,3980.0,3895.60009765625,3931.0,4872189,0.0037220493436185276,3903.9774780273438,3870.5259765625,,0.010518983975168834,4219.25,-0.07004800588448777
2024-07-12,3878.13623046875,4183.9501953125,4199.9501953125,3971.300048828125,3980.0,13509164,0.06632776394201523,3919.2674926757813,3877.791982421875,,0.01787850166206219,4219.25,-0.008366369541387687
2024-07-15,3864.464599609375,4169.2001953125,4240.0,4157.0498046875,4235.7001953125,4848030,-0.003525376572724337,3936.125,3883.9099853515627,,0.01758401218256264,4219.25,-0.011862251510932037
2024-07-16,3873.038330078125,4178.4501953125,4194.5498046875,4144.89990234375,4172.0,2029521,0.0022186509562194257,3954.2925048828124,3890.6109912109373,,0.017471605578558806,4219.25,-0.009669918750370326
2024-07-18,4000.11669921875,4315.5498046875,4325.0,4160.0,4160.0,5613364,0.03281111487910082,3979.984997558594,3898.500986328125,,0.01843439224113852,4315.5498046875,0.0
2024-07-19,3997.190673828125,4302.39990234375,4358.75,4285.25,4317.39990234375,3903354,-0.003047097806510468,4005.7424926757812,3904.9699853515626,,0.018412945948883104,4315.5498046875,-0.0030470978065104772
2024-07-22,3983.208251953125,4287.35009765625,4319.9501953125,4265.0,4299.9501953125,1896386,-0.0034980022845625403,4029.5724975585936,3911.17798828125,,0.01854993911078368,4315.5498046875,-0.006534441335984538
2024-07-23,3997.143798828125,4302.35009765625,4361.7001953125,4266.2998046875,4283.0,2365208,0.003498664596623513,4053.85,3918.0209912109376,,0.01853055407176155,4315.5498046875,-0.003058638557922013
2024-07-24,4000.766845703125,4306.25,4339.10009765625,4268.10009765625,4287.5,1809793,0.0009064586226663618,4077.2400024414064,3926.2679931640623,,0.018567817974441563,4315.5498046875,-0.0021549524645500927
2024-07-25,4015.8642578125,4322.5,4343.0,4274.2001953125,4295.0,2810342,0.0037735849056603765,4100.572497558594,3933.7619921875,,0.018571592918020775,4322.5,0.0
2024-07-26,4076.57861328125,4387.85009765625,4422.4501953125,4337.0498046875,4350.0,3552210,0.015118588237420516,4123.257507324219,3943.4949951171875,,0.01839498484504373,4387.85009765625,0.0
2024-07-29,4070.307373046875,4381.10009765625,4431.0,4371.0,4415.0,1746803,-0.0015383387877369037,4147.105017089843,3953.5089990234374,,0.018213608325562257,4387.85009765625,-0.0015383387877369562
2024-07-30,4055.6748046875,4365.35009765625,4398.0,4327.2998046875,4391.10009765625,1797906,-0.003594987480068257,4166.4625244140625,3962.797001953125,,0.01806190327903881,4387.85009765625,-0.005127795959123187
2024-07-31,4074.256103515625,4385.35009765625,4414.0,4345.0,4350.0,2330091,0.00458153402420991,4184.860034179687,3973.822001953125,,0.018022768100738176,4387.85009765625,-0.000569755106569243
2024-08-01,4085.171875,4397.10009765625,4419.2998046875,4365.0498046875,4399.39990234375,2202244,0.002679375588799493,4206.4525390625,3985.3600048828125,,0.017555566310386312,4397.10009765625,0.0
2024-08-02,3979.212890625,4283.0498046875,4398.0,4270.0,4365.0,2811282,-0.0259376158003638,4219.557531738281,3994.3810009765625,,0.018746276367926452,4397.10009765625,-0.02593761580036381
2024-08-05,3860.29345703125,4155.0498046875,4239.0,4110.5,4239.0,2787771,-0.029885246690317002,4226.72001953125,3999.612998046875,,0.020144833525921814,4397.10009765625,-0.055047710443928276
2024-08-06,3875.29736328125,4171.2001953125,4258.25,4160.7998046875,4170.9501953125,2203067,0.003886930694977364,4235.620031738281,4006.047001953125,,0.020088364799821862,4397.10009765625,-0.05137474638436354
2024-08-07,3902.472412109375,4200.4501953125,4244.9501953125,4180.2998046875,4228.0,1237666,0.007012370212504004,4246.367541503906,4013.1150048828126,,0.02008714424036816,4397.10009765625,-0.044722634913080254
2024-08-08,3876.551513671875,4172.5498046875,4232.0,4160.0,4181.0,2441283,-0.0066422381715501855,4259.537536621094,4019.7680029296876,,0.01955444228802407,4397.10009765625,-0.051067814691878446
2024-08-09,3928.76513671875,4228.75,4253.64990234375,4205.5498046875,4217.0,1302536,0.013469029237078045,4274.7900390625,4028.2700048828124,,0.019682791426193183,4397.10009765625,-0.03828661934395905
2024-08-12,3898.01318359375,4195.64990234375,4239.0,4186.35009765625,4230.0,936912,-0.00782739524830034,4275.375024414063,4037.4610009765624,,0.013240193473006513,4397.10009765625,-0.045814330089932985
2024-08-13,3899.220947265625,4196.9501953125,4234.0,4183.0,4213.0,1495593,0.0003099145541252124,4276.762524414063,4047.981005859375,,0.013210788043675861,4397.10009765625,-0.04551861406349022
2024-08-14,3990.547607421875,4295.25,4306.2001953125,4188.14990234375,4209.0,3226545,0.023421722944744428,4282.602514648437,4059.82900390625,,0.014178488343479205,4397.10009765625,-0.023163015486169697
2024-08-16,4102.77734375,4416.0498046875,4427.0,4325.10009765625,4350.0,3457058,0.02812404509341704,4287.627514648438,4073.85,,0.01366262942669608,4416.0498046875,0.0
2024-08-19,4171.482421875,4490.0,4494.25,4390.35009765625,4421.0,2055210,0.01674577927857701,4297.00751953125,4088.7210009765627,,0.014047140820767325,4490.0,0.0
2024-08-20,4202.41943359375,4523.2998046875,4565.0,4500.0,4505.0,2212298,0.007416437569599088,4308.805004882813,4102.578999023437,,0.0140248828853049,4523.2998046875,0.0
2024-08-21,4228.619140625,4551.5,4560.0,4492.5498046875,4518.0,1896990,0.006234429847713496,4321.2625,4115.73,,0.014045628858618075,4551.5,0.0
2024-08-22,4182.630859375,4502.0,4560.9501953125,4497.2001953125,4560.0,1829872,-0.010875535537734793,4331.05,4128.596000976562,,0.014377365658365044,4551.5,-0.010875535537734812
2024-08-23,4147.2333984375,4463.89990234375,4506.0,4455.0,4500.0,1809253,-0.008462927067136805,4338.1199951171875,4140.831997070312,,0.014571465972836876,4551.5,-0.019246423740799736
2024-08-26,4183.04833984375,4502.4501953125,4552.14990234375,4485.0,4489.0,1844164,0.00863601196534658,4343.85,4154.248002929688,,0.01432760724769949,4551.5,-0.010776624121168846
2024-08-27,4178.125,4497.14990234375,4510.0,4486.7998046875,4505.0,930697,-0.0011772019098108544,4349.652490234375,4166.628002929688,,0.014323952671708351,4551.5,-0.011941139768482918
2024-08-28,4186.39306640625,4506.0498046875,4562.5,4457.2998046875,4498.75,1848058,0.0019790094920144607,4356.687475585937,4180.107998046875,,0.014275678392324461,4551.5,-0.009985761905415797
2024-08-29,4191.7353515625,4511.7998046875,4556.0,4460.0,4460.0,2133641,0.0012760622383751752,4363.0099609375,4194.0419921875,,0.014259497420110333,4551.5,-0.00872244212072943
2024-08-30,4230.70947265625,4553.75,4592.25,4487.7998046875,4500.0,3637222,0.009297884908128218,4370.842456054687,4209.082993164063,,0.014364254710705536,4553.75,0.0
2024-09-02,4200.3291015625,4521.0498046875,4588.0,4512.0,4576.0,1216500,-0.0071809377573428534,4382.742456054688,4223.758989257813,,0.013002261540296033,4553.75,-0.007180937757342849
2024-09-03,4192.24658203125,4512.35009765625,4555.89990234375,4495.89990234375,4521.0498046875,1717263,-0.0019242670191843558,4400.607470703125,4237.790991210937,,0.0105822494747727,4553.75,-0.009091386734833928
2024-09-04,4161.49462890625,4479.25,4487.0,4436.7001953125,4476.9501953125,1265505,-0.007335445375446947,4416.0099609375,4251.039990234375,,0.010891938757980942,4553.75,-0.016360142739500413
2024-09-05,4158.42919921875,4475.9501953125,4499.0,4454.14990234375,4481.0,1688793,-0.0007366868755930289,4429.7849609375,4263.789995117188,,0.010902914603999978,4553.75,-0.017084777312654405
2024-09-06,4140.59130859375,4456.75,4518.9501953125,4440.0,4473.9501953125,1649179,-0.004289635602426456,4443.994970703125,4275.807993164062,,0.010802947308411772,4553.75,-0.02130112544606094
2024-09-09,4133.9013671875,4449.5498046875,4490.25,4430.5,4455.0,1184938,-0.0016155708335671148,4455.0349609375,4286.115991210938,,0.010584014545416713,4553.75,-0.02288228280263519
2024-09-10,4188.06591796875,4507.85009765625,4539.9501953125,4440.4501953125,4442.4501953125,1385591,0.013102514979679958,4470.644970703125,4298.189995117187,,0.010533261246833455,4553.75,-0.010079583276146033
2024-09-11,4161.5869140625,4479.35009765625,4549.35009765625,4471.25,4521.4501953125,1325919,-0.006322304287540104,4484.764965820313,4308.212998046875,,0.01074610712143349,4553.75,-0.016338161371122702
2024-09-12,4197.216796875,4517.7001953125,4532.60009765625,4431.2998046875,4510.25,2742216,0.008561531655298937,4495.887475585938,4318.21900390625,,0.009750362912397288,4553.75,-0.007916509401592095
2024-09-13,4201.76904296875,4522.60009765625,4547.0,4505.0,4530.0,1458786,0.0010846010429894637,4501.214990234375,4329.366005859375,,0.00767465552089255,4553.75,-0.006840494612956355
2024-09-16,4193.0830078125,4513.25,4546.0498046875,4494.4501953125,4527.0,1155120,-0.002067416409665679,4502.377490234375,4339.212006835937,,0.0067714289374729,4553.75,-0.00889376887180895
2024-09-17,4186.02197265625,4505.64990234375,4535.7998046875,4466.0,4513.25,1699364,-0.0016839522863235645,4501.4949951171875,4349.08900390625,,0.006569389801690488,4553.75,-0.010562744475706836
2024-09-18,4037.8369140625,4346.14990234375,4497.0498046875,4321.0,4497.0498046875,2961779,-0.03539999854783016,4491.227490234375,4356.148002929687,,0.010086546284301636,4553.75,-0.0455888218844359
2024-09-19,3991.3837890625,4296.14990234375,4422.2001953125,4281.7998046875,4390.0498046875,2927551,-0.011504435218177012,4480.934985351562,4362.3610009765625,,0.010115767763109197,4553.75,-0.05656878345457041
2024-09-20,3980.931396484375,4284.89990234375,4330.7001953125,4227.5,4316.89990234375,5447908,-0.0026186237109330213,4471.9849853515625,4369.876000976563,,0.010011887758989152,4553.75,-0.05903927480785067
2024-09-23,3965.69580078125,4268.5,4309.39990234375,4253.0,4300.0,1702319,-0.003827371167942517,4460.2874755859375,4376.772001953125,,0.009698260562499438,4553.75,-0.06264068075761735
2024-09-24,3968.29638671875,4271.2998046875,4291.0,4240.0,4251.64990234375,3012026,0.0006559223819841975,4448.994970703125,4378.518994140625,,0.009721239983659995,4553.75,-0.0620258458001647
2024-09-25,3971.501953125,4274.75,4289.60009765625,4240.0,4252.35009765625,2713073,0.0008077623838798065,4437.42998046875,4380.629990234375,,0.009696159004076884,4553.75,-0.06126818556135054
2024-09-26,3987.992919921875,4292.5,4316.7998046875,4260.0,4260.0,3964251,0.004152289607579407,4426.464990234375,4382.910986328125,,0.009777444457443947,4553.75,-0.057370299203952785
2024-09-27,4003.04345703125,4308.7001953125,4378.0,4300.0498046875,4335.0,3012477,0.003774069962143356,4414.2125,4382.773994140625,,0.009502511296777061,4553.75,-0.05381274876475432
2024-09-30,3965.69580078125,4268.5,4298.75,4260.0498046875,4286.89990234375,2503416,-0.009330005219725934,4401.585009765625,4382.09599609375,,0.009567557197562047,4553.75,-0.06264068075761735
2024-10-01,3983.71875,4287.89990234375,4295.75,4242.9501953125,4255.5498046875,1823365,0.004544899225430443,4390.3625,4382.1069921875,,0.009707965974312713,4553.75,-0.0583804771136426
2024-10-03,3932.481689453125,4232.75,4279.0,4210.0,4262.60009765625,3350119,-0.01286175134676193,4378.0375,4380.714990234375,,0.009928900861865562,4553.75,-0.07049135328026351
2024-10-04,3950.59814453125,4252.25,4298.0,4224.0498046875,4225.0,2965463,0.004606934026342158,4366.852490234375,4379.634990234375,,0.010057802726359297,4553.75,-0.06620916826791107
2024-10-07,3969.736572265625,4272.85009765625,4297.25,4229.39990234375,4273.89990234375,1472619,0.00484451705714628,4357.657495117188,4378.6419921875,,0.010179459695395849,4553.75,-0.0616854026557782
2024-10-08,3951.52734375,4253.25,4279.39990234375,4203.9501953125,4272.60009765625,1541867,-0.004587125035582451,4347.842504882812,4375.949990234375,,0.010194386278495109,4553.75,-0.06598956903650838
2024-10-09,3951.24853515625,4252.9501953125,4295.0,4246.7001953125,4260.0,1082504,-7.048837653556017e-05,4335.097509765625,4373.3869921875,,0.009559196938047874,4553.75,-0.0660554059154543
2024-10-10,3927.510498046875,4227.39990234375,4293.85009765625,4198.60009765625,4253.25,2378875,-0.006007663338477576,4322.5,4370.62798828125,,0.00955345968676998,4553.75,-0.07166623061350536
2024-10-11,3854.8583984375,4149.2001953125,4241.9501953125,4112.4501953125,4143.0,5759183,-0.01849829891605348,4304.075,4365.904990234375,,0.009766584147913798,4553.75,-0.08883882617348339
2024-10-14,3843.198486328125,4136.64990234375,4165.39990234375,4122.2001953125,4140.0,2137590,-0.003024749922389547,4284.777490234375,4360.695986328125,,0.009692516692391719,4553.75,-0.09159486086329947
2024-10-15,3824.756591796875,4116.7998046875,4169.9501953125,4095.0,4131.0498046875,2759474,-0.004798592611137686,4264.95498046875,4357.370986328125,,0.009677079817006625,4553.75,-0.09595392705188031
2024-10-16,3804.456787109375,4094.949951171875,4115.0,4067.199951171875,4085.0,2359151,-0.0053074850739028845,4244.419982910156,4356.168989257812,,0.009654661994934597,4553.75,-0.10075213809017293
2024-10-17,3817.51025390625,4109.0,4129.9501953125,4092.949951171875,4112.7998046875,2522659,0.0034310672891384453,4232.562487792969,4354.924985351562,,0.006573540974326901,4553.75,-0.09766675816634642
2024-10-18,3839.907958984375,4123.0498046875,4146.14990234375,4080.0,4090.0,2361000,0.0034192759035045484,4223.907482910156,4353.376977539063,,0.006375220607666678,4553.75,-0.0945814318556135
2024-10-21,3799.675048828125,4079.85009765625,4139.9501953125,4070.0,4132.60009765625,1595450,-0.010477609798003495,4213.654992675782,4351.522983398438,,0.006649407494171396,4553.75,-0.10406805431649739
2024-10-22,3739.744140625,4015.5,4089.800048828125,4006.35009765625,4066.0,1928049,-0.015772662258649484,4201.004992675781,4347.257983398437,,0.007287594861467993,4553.75,-0.11819928630249794
2024-10-23,3787.00927734375,4066.25,4113.5498046875,3995.14990234375,3999.60009765625,1966476,0.012638525712862725,4190.752502441406,4344.669985351563,4064.069001464844,0.008057977677868061,4553.75,-0.10705462530881142
2024-10-24,3769.9189453125,4047.89990234375,4079.0,4004.0,4004.0,2676744,-0.0045127814709499114,4179.409997558594,4341.688979492187,4065.253000488281,0.008033392994836306,4553.75,-0.11108429265028823
2024-10-25,3778.906494140625,4057.550048828125,4092.0,4032.699951171875,4057.050048828125,1759676,0.0023839884179912563,4167.6625,4336.93498046875,4066.6247509765626,0.00796352900213583,4553.75,-0.10896512789939611
2024-10-28,3809.91943359375,4090.85009765625,4134.0,4051.0,4068.949951171875,1532534,0.008206934831954227,4156.769995117187,4330.430986328125,4068.620251464844,0.008213323930703863,4553.75,-0.1016524627710678
2024-10-29,3795.39111328125,4075.25,4103.5,4060.10009765625,4095.85009765625,1445885,-0.003813412196449706,4147.107495117188,4322.135986328125,4070.6625012207032,0.008065249321255486,4553.75,-0.1050782322261872
2024-10-30,3804.145263671875,4084.64990234375,4107.0,4060.050048828125,4075.0,1935002,0.0023065829933746063,4136.944995117187,4313.36298828125,4072.396251220703,0.00798060489486412,4553.75,-0.10301402089623936
2024-10-31,3695.925048828125,3968.449951171875,4078.300048828125,3960.0,4070.0,3740372,-0.028447958564380316,4123.729992675781,4301.7019873046875,4073.8470007324217,0.00964413217482803,4553.75,-0.12853144086261323
2024-11-01,3710.593505859375,3984.199951171875,3998.949951171875,3976.050048828125,3989.85009765625,154895,0.003968803989917724,4110.327490234375,4291.345986328125,4075.3185009765625,0.009618055150892401,4553.75,-0.12507275296802087
2024-11-04,3691.92041015625,3964.14990234375,3991.89990234375,3913.25,3966.300048828125,2269192,-0.005032390209790516,4094.89248046875,4281.350986328125,4076.5740002441407,0.009434764332595515,4553.75,-0.12947572828026352
2024-11-05,3698.6259765625,3971.35009765625,3986.0,3941.10009765625,3941.10009765625,967590,0.001816327709565968,4080.7974853515625,4270.728984375,4077.753000488281,0.009511408429094736,4553.75,-0.12789457092368928
2024-11-06,3855.368408203125,4139.64990234375,4149.7998046875,3975.25,4003.60009765625,3792017,0.04237848604353078,4075.132470703125,4263.578984375,4079.037249755859,0.013976728496809665,4553.75,-0.0909360631690914
2024-11-07,3865.845458984375,4150.89990234375,4205.7998046875,4085.050048828125,4169.7001953125,3724349,0.002717621119030067,4071.307470703125,4256.475986328125,4080.2727490234374,0.013956804193365632,4553.75,-0.08846557181581115
2024-11-08,3862.213623046875,4147.0,4169.75,4117.64990234375,4155.0,1648039,-0.0009395317727483032,4071.1974609375,4249.179990234375,4081.7012487792967,0.013324224046960306,4553.75,-0.0893219873730442
2024-11-11,3910.36328125,4198.7001953125,4234.2998046875,4117.64990234375,4128.2001953125,1406487,0.012466890598625602,4074.2999755859373,4242.078994140625,4083.2717492675783,0.013583410850943384,4553.75,-0.07796866421905023
2024-11-12,3909.15234375,4197.39990234375,4218.0,4164.35009765625,4216.0,1587640,-0.0003096894058313149,4078.32998046875,4235.60599609375,4084.745748291016,0.013522433369522736,4553.75,-0.07825420755558606
2024-11-13,3865.33349609375,4150.35009765625,4196.75,4131.0498046875,4178.10009765625,1098813,-0.01120927378428449,4081.099987792969,4228.36599609375,4085.782248535156,0.013731389135656535,4553.75,-0.08858630850260774
2024-11-14,3861.189208984375,4145.89990234375,4160.0,4116.4501953125,4135.0,1825432,-0.0010722457642822203,4082.9449829101563,4221.698994140625,4087.220498046875,0.013722219939194103,4553.75,-0.0895635679728246
2024-11-18,3743.469482421875,4019.5,4213.0,3990.199951171875,4213.0,3313944,-0.030487929115773804,4077.7674926757813,4212.569990234375,4088.1089978027344,0.01534576761246809,4553.75,-0.11732088937688719
2024-11-19,3762.142578125,4039.550048828125,4132.14990234375,4014.10009765625,4019.89990234375,1776233,0.004988194757588049,4075.752490234375,4204.2259912109375,4089.255247802734,0.015240818737172654,4553.75,-0.11291791406464452
2024-11-21,3793.155517578125,4072.85009765625,4092.449951171875,4024.0,4044.89990234375,2384347,0.008243504456092898,4078.6199951171875,4196.691997070313,4090.6144982910155,0.014907190019595876,4553.75,-0.10560524893631622
2024-11-22,3953.111328125,4244.60009765625,4254.9501953125,4054.0,4071.0,3096553,0.0421694871851126,4087.5375,4191.426997070313,4092.8347485351565,0.0173949229638494,4553.75,-0.0678890809429042
2024-11-25,4018.770263671875,4315.10009765625,4328.10009765625,4252.2001953125,4280.0,4052167,0.01660933854261759,4100.897509765625,4188.141997070313,4095.330499267578,0.017600084227957127,4553.75,-0.05240733512901455
2024-11-26,4053.787353515625,4352.7001953125,4366.60009765625,4310.0,4321.0498046875,2060669,0.008713609604716455,4115.655017089844,4184.841997070313,4097.823250732422,0.017638719181741272,4553.75,-0.04415038258303596
2024-11-27,4035.021484375,4332.5498046875,4377.39990234375,4324.0498046875,4358.9501953125,1558993,-0.004629400078300927,4127.740002441406,4181.040991210937,4099.654499511718,0.017698139943142354,4553.75,-0.04857539287674993
2024-11-28,3953.390380859375,4244.89990234375,4339.9501953125,4233.0,4319.0,2558544,-0.02023055851520028,4136.222497558594,4175.6739892578125,4101.012498779297,0.01839870787187918,4553.75,-0.06782324406395827
2024-11-29,3977.55859375,4270.85009765625,4298.7001953125,4195.64990234375,4220.0,2017425,0.006113264366533588,4145.532507324218,4170.977993164062,4101.686749267578,0.01841953589457401,4553.75,-0.06212460111858358
2024-12-02,3982.9599609375,4276.64990234375,4288.2001953125,4230.0498046875,4270.0,1670944,0.0013579977182254233,4160.9425048828125,4169.587993164063,4102.652999267578,0.016939354985815603,4553.75,-0.06085096846692287
2024-12-03,4007.26806640625,4302.75,4325.0,4265.4501953125,4314.35009765625,2010905,0.006102930623791858,4176.870007324219,4169.719995117188,4103.496248779297,0.016946653250496404,4553.75,-0.05511940708207521
2024-12-04,4055.370849609375,4354.39990234375,4386.9501953125,4289.0498046875,4313.5498046875,3302642,0.012003928265353458,4196.382507324219,4171.109995117187,4104.599747314453,0.016897456408535967,4553.75,-0.04377712822536371
2024-12-05,4157.49072265625,4464.0498046875,4489.0,4360.0,4400.7998046875,3746747,0.02518140382208145,4221.017492675781,4175.020991210938,4106.316495361328,0.01747522081190094,4553.75,-0.019698093947296186
2024-12-06,4140.21484375,4445.5,4465.0,4412.75,4453.0,1842087,-0.00415537583564185,4236.309997558594,4178.504995117188,4107.796495361328,0.015346065507794916,4553.75,-0.023771616799341203
2024-12-09,4146.408203125,4452.14990234375,4469.39990234375,4415.5498046875,4430.4501953125,2066639,0.0014958727575637987,4251.372497558594,4182.052993164062,4109.556744384766,0.015352535508731708,4553.75,-0.022311303355750756
2024-12-10,4128.154296875,4432.5498046875,4493.7998046875,4412.10009765625,4426.14990234375,2087828,-0.004402389426719888,4265.649987792969,4184.853989257813,4111.20349243164,0.015426021620498045,4553.75,-0.02661546973648092
2024-12-11,4123.404296875,4427.4501953125,4448.64990234375,4407.0,4431.85009765625,1635256,-0.0011504911619057978,4277.087487792969,4187.228989257813,4112.699244384766,0.015307034126464116,4553.75,-0.027735340035684876
2024-12-12,4149.015625,4454.9501953125,4485.0,4426.0,4430.0498046875,1914642,0.006211249994209966,4289.965002441406,4190.957993164063,4114.45499633789,0.015307508286759088,4553.75,-0.0216963611721109
2024-12-13,4166.66455078125,4473.89990234375,4494.89990234375,4394.39990234375,4434.9501953125,1967048,0.004253629378660362,4306.142492675781,4194.677993164062,4116.671246337891,0.014933050568613587,4553.75,-0.017535020072742245
2024-12-16,4111.99560546875,4415.2001953125,4475.0,4397.0,4459.0,1646224,-0.013120478399728852,4319.607507324219,4198.326997070312,4118.789747314453,0.015379096159235836,4553.75,-0.03042543062036783
2024-12-17,4031.24951171875,4328.5,4432.9501953125,4318.0,4410.0,3225027,-0.019636752916560196,4335.057507324219,4199.851997070313,4119.996746826172,0.014277684076403948,4553.75,-0.04946472687345594
2024-12-18,4049.27099609375,4347.85009765625,4362.0,4289.60009765625,4311.7001953125,1575404,0.004470393359420122,4350.472509765625,4201.351997070313,4121.475496826172,0.014275896807884334,4553.75,-0.045215460300576445
2024-12-19,3978.5361328125,4271.89990234375,4364.0,4262.0,4282.0,3015763,-0.017468448453050733,4360.425,4201.724995117187,4122.82974609375,0.014992532912356575,4553.75,-0.06189406481608564
2024-12-20,3883.912841796875,4170.2998046875,4382.0,4152.5,4329.0,4116989,-0.023783351665264352,4356.709985351563,4200.071987304687,4123.159245605469,0.012916068423770676,4553.75,-0.0842053681718364
2024-12-23,3872.7373046875,4158.2998046875,4217.0,4114.89990234375,4200.0498046875,2195338,-0.0028774909627629075,4348.869970703125,4198.689985351562,4123.355993652343,0.012251297955269679,4553.75,-0.08684055894866868
2024-12-24,3892.481689453125,4179.5,4218.0,4158.2998046875,4158.2998046875,1181886,0.005098284469196246,4340.2099609375,4199.2959814453125,4123.7779931640625,0.012114260989937231,4553.75,-0.08218501235245676
2024-12-26,3882.796142578125,4169.10009765625,4199.9501953125,4143.14990234375,4179.5,1208464,-0.002488312559815742,4332.0374755859375,4199.9449853515625,4124.151743164062,0.0120988645523732,4553.75,-0.0844688229138073
2024-12-27,3878.837890625,4164.85009765625,4180.9501953125,4147.25,4163.0,858100,-0.001019404643795685,4328.034985351563,4200.905991210938,4124.572493896484,0.01129906126411634,4553.75,-0.08540211964726874
2024-12-30,3873.203369140625,4158.7998046875,4199.2998046875,4112.0,4151.0,1527169,-0.0014527036572468122,4322.432470703125,4202.18298828125,4125.30599243164,0.011178234038769433,4553.75,-0.08673075933296734
2024-12-31,3813.598388671875,4094.800048828125,4139.9501953125,4032.050048828125,4135.0,1555429,-0.015388996553101442,4313.339978027344,4201.898989257813,4125.4584924316405,0.011590732061848024,4553.75,-0.1007850565296459
2025-01-01,3830.03662109375,4112.4501953125,4134.0,4085.449951171875,4094.39990234375,763161,0.004310380549454651,4303.824987792968,4201.686997070313,4125.477742919922,0.011530686505890949,4553.75,-0.09690909792753226
2025-01-02,3888.989501953125,4175.75,4183.0,4096.9501953125,4120.0,1720835,0.015392236180671759,4294.892492675781,4203.604995117187,4125.744742431641,0.01177265259129016,4553.75,-0.08300850947021686
2025-01-03,3818.347900390625,4099.89990234375,4179.9501953125,4092.300048828125,4179.9501953125,1791953,-0.018164424991019557,4276.684997558594,4205.292993164063,4125.28299194336,0.01041134995067876,4553.75,-0.09966513261734834
2025-01-06,3813.784423828125,4095.0,4149.64990234375,4066.39990234375,4105.5,2085593,-0.0011951273105348381,4259.159997558594,4205.867993164063,4125.012991943359,0.010432945100945348,4553.75,-0.10074114740598408
2025-01-07,3751.665283203125,4028.300048828125,4140.35009765625,4011.550048828125,4114.9501953125,2669054,-0.016288144364316248,4237.967504882812,4205.47599609375,4124.116491699218,0.010690456249580205,4553.75,-0.11538840541792479
2025-01-08,3826.2646484375,4108.39990234375,4126.0,4017.75,4034.89990234375,2181277,0.01988428184214497,4221.760009765625,4206.492993164063,4123.562241210938,0.012047391139489862,4553.75,-0.09779853915042547
2025-01-09,3761.49072265625,4038.85009765625,4137.75,4025.300048828125,4101.0,2392472,-0.016928684242209058,4202.330004882812,4205.452993164063,4122.993991699219,0.012382183412709464,4553.75,-0.11307162280400769
2025-01-10,3972.715576171875,4265.64990234375,4297.0,4170.0,4200.0,7894300,0.056154548746216726,4192.864990234375,4209.260991210937,4124.435740966797,0.01828651479663107,4553.75,-0.06326656001235245
2025-01-13,3996.418212890625,4291.10009765625,4322.9501953125,4227.39990234375,4245.0,4003771,0.005966311323045259,4183.725,4213.389995117188,4126.03674194336,0.01832137949865621,4553.75,-0.05767771668267911
2025-01-14,3942.35400390625,4233.0498046875,4313.89990234375,4219.0498046875,4302.0,3441709,-0.013528067779275621,4174.61748046875,4218.6819921875,4127.3372412109375,0.018334707759895232,4553.75,-0.0704255164013176
2025-01-15,3957.767822265625,4249.60009765625,4256.4501953125,4207.4501953125,4218.0,1653474,0.003909779882680153,4170.6724853515625,4223.989995117187,4129.0307421875,0.017889616799414344,4553.75,-0.06679108478589076
2025-01-16,3917.441162109375,4206.2998046875,4294.0,4191.85009765625,4260.0,2637705,-0.010189262983270164,4163.594970703125,4228.832993164063,4130.674741210937,0.017963778462563085,4553.75,-0.07629979584133956
2025-01-17,3911.75048828125,4124.2998046875,4160.60009765625,4100.0498046875,4159.89990234375,1761466,-0.01949456857749876,4156.2149658203125,4231.891987304687,4132.091740722656,0.018063988344473952,4553.75,-0.09430693281636014
2025-01-20,3867.647216796875,4077.800048828125,4145.7998046875,4068.10009765625,4145.7998046875,1287799,-0.011274581883335744,4151.589978027344,4230.654990234375,4133.099240722656,0.017462173057450098,4553.75,-0.10451824346349163
2025-01-21,3827.859130859375,4035.85009765625,4111.0,4030.0,4095.300048828125,1971591,-0.010287397780558316,4145.467492675782,4228.353994140625,4133.6947412109375,0.01758277180122713,4553.75,-0.11373042049821576
2025-01-22,3942.385986328125,4156.60009765625,4163.14990234375,4044.199951171875,4050.0,2409223,0.029919347120975548,4144.322497558594,4228.54599609375,4135.058741455078,0.018889248938876994,4553.75,-0.08721381330634093
2025-01-23,3931.81103515625,4145.4501953125,4191.35009765625,4140.0498046875,4168.0,1822998,-0.0026824573165066257,4143.140002441406,4227.48099609375,4136.0494921875,0.01889058633261022,4553.75,-0.08966232329124348
2025-01-24,3938.35498046875,4152.35009765625,4178.0,4104.0,4104.0,1910099,0.0016644518734183489,4142.515002441406,4226.58,4136.794742431641,0.018893377307585467,4553.75,-0.08814711003980236
2025-01-27,3855.64892578125,4065.14990234375,4156.35009765625,4041.050048828125,4102.0,1551782,-0.021000203080592694,4137.832507324219,4224.87599609375,4137.22424194336,0.01947017477211992,4553.75,-0.10729620590859182
2025-01-28,3832.07958984375,4040.300048828125,4102.0,4028.300048828125,4070.800048828125,2468272,-0.006112899674695416,4135.107507324219,4222.7639990234375,4137.5629919433595,0.019217234085365163,4553.75,-0.1127532146410925
2025-01-29,3888.512939453125,4099.7998046875,4107.85009765625,4054.0,4054.0,1217089,0.014726568606366897,4134.474987792969,4224.3699951171875,4138.329240722656,0.019493542231165447,4553.75,-0.09968711398572605
2025-01-30,3888.750244140625,4100.0498046875,4129.89990234375,4058.5,4099.89990234375,1531251,6.09785872260904e-05,4130.689978027343,4225.579990234375,4138.906240234375,0.019155896687878128,4553.75,-0.09963221417787538
2025-01-31,3900.4638671875,4112.39990234375,4128.4501953125,4085.25,4110.0,1492943,0.0030121823501096934,4131.314978027343,4226.370986328125,4139.461240234375,0.018722616695420396,4553.75,-0.09692014222481471
2025-02-01,3863.236328125,4073.14990234375,4135.89990234375,4056.0,4113.0,437172,-0.009544305255340224,4130.222473144531,4222.941982421875,4140.120989990234,0.018850722950483272,4553.75,-0.1055394120573703
2025-02-03,3858.968505859375,4068.64990234375,4077.0,3998.699951171875,4030.89990234375,1265713,-0.0011047960688632674,4132.239965820312,4218.012978515625,4141.100239257812,0.018466357783732134,4553.75,-0.1065276085986824
2025-02-04,3895.38916015625,4107.0498046875,4118.85009765625,4066.050048828125,4083.699951171875,2547132,0.009437996206463906,4132.1724609375,4213.099970703125,4142.32548828125,0.01803664987561844,4553.75,-0.09809501955805655
2025-02-05,3880.261474609375,4091.10009765625,4150.0,4076.0,4150.0,1693912,-0.0038834949147794617,4134.7849609375,4208.2709765625,4143.649989013672,0.017618109291019313,4553.75,-0.10159756296321713
2025-02-06,3872.341796875,4082.75,4139.5,4051.550048828125,4105.39990234375,2284536,-0.0020410396853974833,4125.639965820313,4205.027978515625,4144.740738525391,0.011855961640505182,4553.75,-0.10343123799066703
2025-02-07,3821.7412109375,4029.39990234375,4090.0,4008.0,4090.0,1548940,-0.013067196780662593,4112.554956054688,4200.198974609375,4145.51423828125,0.011936157237761574,4553.75,-0.11514687843123798
2025-02-10,3828.90234375,4036.949951171875,4052.0,4014.35009765625,4040.0,1339511,0.0018737402618522747,4102.749963378907,4195.404975585938,4146.543737792968,0.011721090679748311,4553.75,-0.11348889351152897
2025-02-11,3759.28515625,3963.550048828125,4040.0,3955.0,4018.39990234375,1810908,-0.018182019403644833,4088.4474609375,4188.6209765625,4147.10048828125,0.012138238196389253,4553.75,-0.12960745565124898
2025-02-12,3746.57568359375,3950.14990234375,4021.75,3940.14990234375,3971.10009765625,1678002,-0.003380844525562865,4075.6399658203127,4180.5359765625,4147.744487304688,0.012033075655006005,4553.75,-0.13255011751990117
2025-02-13,3708.636962890625,3910.14990234375,3984.449951171875,3902.25,3968.0,2277310,-0.010126197989667851,4064.932470703125,4169.457978515625,4147.944237060547,0.011531881381530629,4553.75,-0.14133408677600878
2025-02-14,3732.06396484375,3934.85009765625,3948.0,3900.0,3925.0,1681975,0.006316943321711177,4057.7849731445312,4159.24498046875,4148.515238037109,0.011506241143634821,4553.75,-0.13590994286988745
2025-02-17,3703.278076171875,3904.5,3934.0,3856.199951171875,3856.5,1799806,-0.007713152192081685,4051.2174682617188,4148.291982421875,4148.721237792969,0.0114194306179452,4553.75,-0.14257480098819655
2025-02-18,3673.59130859375,3873.199951171875,3924.39990234375,3864.5,3898.39990234375,2149879,-0.008016403848924325,4037.0474609375,4137.104985351562,4148.87023803711,0.008748136711568275,4553.75,-0.14944826765371946
2025-02-19,3589.0830078125,3784.10009765625,3874.949951171875,3768.14990234375,3872.199951171875,4366672,-0.02300419669494913,4018.9799560546876,4124.237983398438,4148.18548828125,0.009770115643867264,4553.75,-0.16901452700384298
2025-02-20,3584.62548828125,3779.39990234375,3788.0,3751.300048828125,3761.5,2888572,-0.0012420906400999465,4000.3324462890623,4110.726977539062,4147.18773803711,0.009694856907163093,4553.75,-0.17004668628191053
2025-02-21,3590.88525390625,3786.0,3817.0,3775.0,3776.10009765625,1833931,0.0017463348221384845,3986.374951171875,4096.968979492188,4146.23298828125,0.008983923367549301,4553.75,-0.16859730990941532
2025-02-24,3486.1748046875,3675.60009765625,3763.199951171875,3670.0,3743.14990234375,2508516,-0.02916003759739827,3968.1399536132812,4082.1769775390626,4144.809989013672,0.01065733341318947,4553.75,-0.19284104361103485
2025-02-25,3442.498046875,3629.550048828125,3658.0,3621.25,3625.0,4101954,-0.012528579716136412,3944.6274658203124,4068.197978515625,4143.488239746093,0.009751333499873992,4553.75,-0.20295359893974746
2025-02-27,3426.374267578125,3612.550048828125,3638.0,3600.699951171875,3611.699951171875,3823856,-0.0046837761626923324,3920.252478027344,4053.4919775390626,4141.811989746094,0.009652634752013547,4553.75,-0.20668678587359318
2025-02-28,3303.73779296875,3483.25,3600.0,3457.0,3584.949951171875,7085018,-0.03579190518621844,3888.7949829101562,4037.7189794921874,4139.722239990235,0.011426684213748211,4553.75,-0.23508097721657975
2025-03-03,3313.03271484375,3493.050048828125,3523.25,3476.14990234375,3485.0,4990439,0.0028134784549271874,3859.789990234375,4024.173984375,4137.7854907226565,0.011681709424823798,4553.75,-0.23292889402621467
2025-03-04,3350.02294921875,3532.050048828125,3551.0,3464.300048828125,3474.0,2797737,0.011165027541785166,3832.959997558594,4011.6489892578124,4135.940991210938,0.012343489907165009,4553.75,-0.22436452400150975
2025-03-05,3364.24951171875,3547.050048828125,3600.35009765625,3520.85009765625,3520.85009765625,2501894,0.004246825439230939,3804.960009765625,3998.999990234375,4134.505740966797,0.012030849694948265,4553.75,-0.2210705355304694
2025-03-06,3415.98828125,3601.60009765625,3609.449951171875,3536.10009765625,3557.0,2786513,0.015378990450430008,3780.485009765625,3987.649990234375,4133.412741699219,0.013041661137482109,4553.75,-0.20909138673483393
2025-03-07,3425.093505859375,3611.199951171875,3625.0,3574.39990234375,3600.0,2051315,0.0026654412636961666,3756.907507324219,3976.5769873046875,4132.308741455078,0.01316387041328179,4553.75,-0.20698326628122427
2025-03-10,3404.65380859375,3589.64990234375,3622.10009765625,3582.60009765625,3606.5,1004626,-0.005967559016257673,3734.9200073242187,3965.1939892578125,4130.789741210938,0.01305955456803928,4553.75,-0.21171564044057095
2025-03-11,3391.0439453125,3575.300048828125,3588.75,3537.64990234375,3558.0,1995450,-0.003997563524580916,3711.837512207031,3954.8039892578126,4129.418741455078,0.012946328919107986,4553.75,-0.2148668572433434
2025-03-12,3325.5048828125,3506.199951171875,3569.25,3486.85009765625,3565.0,3174167,-0.019327076528555698,3688.970007324219,3942.678984375,4127.714490966797,0.013005558967996501,4553.75,-0.23004118557850672
2025-03-13,3330.104736328125,3511.050048828125,3524.300048828125,3484.10009765625,3502.300048828125,1693004,0.0013832918041736253,3667.0150146484375,3929.3849853515626,4126.070241699219,0.013099927199075375,4553.75,-0.22897610786096623
2025-03-17,3317.442626953125,3497.699951171875,3530.449951171875,3477.35009765625,3489.0,2690906,-0.0038023091299156375,3646.3925170898438,3917.340986328125,4124.5404919433595,0.013066085416026888,4553.75,-0.23190777904542959
2025-03-18,3317.442626953125,3497.699951171875,3497.699951171875,3497.699951171875,3497.699951171875,0,0.0,3624.535009765625,3905.3949853515624,4123.348491210938,0.012840413405578465,4553.75,-0.23190777904542959
2025-03-19,3316.8740234375,3497.10009765625,3547.0,3462.75,3547.0,3051244,-0.00017149942076188918,3604.1650146484376,3894.770986328125,4122.47924194336,0.01289165358792784,4553.75,-0.23203950641641505
2025-03-20,3379.519775390625,3563.14990234375,3578.949951171875,3512.0,3512.0,2845192,0.018887021487250744,3588.6625122070313,3883.865986328125,4121.780740966797,0.013964831667496928,4553.75,-0.21753502007274225
2025-03-21,3393.699462890625,3578.10009765625,3616.25,3465.0,3475.0,4161925,0.004195780621709444,3578.362512207031,3874.650986328125,4121.096241455078,0.013333998154807554,4553.75,-0.21425196867279714
2025-03-24,3441.928955078125,3628.949951171875,3649.75,3566.60009765625,3600.0,1834751,0.014211411678765717,3570.8400146484373,3861.9169873046876,4120.508741455078,0.013860846733126642,4553.75,-0.20308537992382653
2025-03-25,3469.244873046875,3657.75,3710.0,3638.0,3645.0,3135390,0.007936193448693007,3564.4275146484374,3849.2499853515624,4119.645491943359,0.014015655919133195,4553.75,-0.1967609113368103
2025-03-26,3448.426025390625,3635.800048828125,3680.5,3625.85009765625,3647.75,1734499,-0.006000943523169933,3562.4375122070314,3837.304990234375,4118.35474243164,0.012495463380997275,4553.75,-0.20158110374348065
2025-03-27,3463.031982421875,3651.199951171875,3663.0,3610.5,3614.85009765625,2528474,0.004235629610245928,3563.5200073242186,3825.3369873046877,4117.317242431641,0.012202796552701022,4553.75,-0.19819929702511666
2025-03-28,3420.303955078125,3606.14990234375,3660.949951171875,3591.89990234375,3651.0,2051919,-0.012338422828272133,3563.2,3813.3339892578124,4116.087491455078,0.01248635526307577,4553.75,-0.20809225312242657
2025-04-01,3367.806396484375,3550.800048828125,3584.0,3525.0,3572.699951171875,2618493,-0.015348738963860464,3566.577502441406,3801.863994140625,4114.6832421875,0.00999070133215577,4553.75,-0.22024703841270932
2025-04-02,3361.30908203125,3543.949951171875,3564.10009765625,3530.050048828125,3544.0,1764313,-0.0019291702044756942,3569.1224975585938,3791.1869921875,4113.0122424316405,0.010001876378967899,4553.75,-0.22175131459305517
2025-04-03,3227.765625,3403.14990234375,3502.0,3396.14990234375,3491.0,4537821,-0.039729694484417544,3562.677490234375,3778.53298828125,4110.867741699219,0.013185881123576661,4553.75,-0.25267089709717266
2025-04-04,3129.3623046875,3299.39990234375,3399.64990234375,3295.5,3362.60009765625,5317367,-0.030486461947664245,3550.2949829101562,3761.388984375,4108.289240722656,0.014566261042303687,4553.75,-0.27545431735520176
2025-04-07,3105.319091796875,3274.050048828125,3291.39990234375,3056.050048828125,3100.0,6623955,-0.007683170960154806,3533.91748046875,3743.9609814453124,4105.650991210938,0.0138893340145732,4553.75,-0.28102112570340376
2025-04-08,3123.244873046875,3292.949951171875,3349.0,3255.300048828125,3302.050048828125,5557558,0.005772636967023459,3518.00498046875,3726.772978515625,4103.179490966797,0.013992619405145177,4553.75,-0.2768707216751304
2025-04-09,3079.28369140625,3246.60009765625,3270.0,3212.050048828125,3260.550048828125,2990265,-0.014075480709668908,3500.852490234375,3710.401982421875,4100.358741455078,0.014153655824063492,4553.75,-0.2870491138827889
2025-04-11,3064.96142578125,3231.5,3298.949951171875,3206.0,3289.550048828125,7108961,-0.004651049467765067,3483.662487792969,3694.2259814453123,4097.432241210938,0.014152184456018065,4553.75,-0.290365083722207
2025-04-15,3080.801025390625,3248.199951171875,3314.39990234375,3238.60009765625,3314.39990234375,3512160,0.005167863584055299,3470.762487792969,3677.193984375,4094.4809912109376,0.01389979547425761,4553.75,-0.2866977872804008
2025-04-16,3105.081787109375,3273.800048828125,3278.10009765625,3229.0,3248.199951171875,2384391,0.007881318281226513,3458.8999877929687,3660.6689892578124,4091.570740966797,0.014099898038546495,4553.75,-0.28107602551125443
2025-04-17,3128.888427734375,3298.89990234375,3303.60009765625,3218.0,3245.5,2932346,0.007666886535910855,3448.9599853515624,3644.3989892578124,4088.394490966797,0.014314128168119528,4553.75,-0.2755641169709031
2025-04-21,3150.41845703125,3321.60009765625,3354.0,3284.10009765625,3290.10009765625,2432946,0.006881140981686684,3440.154992675781,3629.3679931640627,4085.4817419433593,0.014467430721044703,4553.75,-0.27057917152758715
2025-04-22,3143.58935546875,3314.39990234375,3333.89990234375,3295.0,3322.60009765625,2710498,-0.0021676887948012258,3431.019982910156,3614.2829931640626,4082.1627416992187,0.014457556480771863,4553.75,-0.2721603288841614
2025-04-23,3237.1083984375,3413.0,3420.89990234375,3337.300048828125,3365.0,3543923,0.02974900451406781,3423.512487792969,3600.4019970703125,4079.1407421875,0.015474602306797567,4553.75,-0.2505078232226187
2025-04-24,3226.295654296875,3401.60009765625,3412.5,3387.699951171875,3401.10009765625,2252175,-0.0033401413254467993,3414.6874877929686,3586.6119970703126,4076.322492675781,0.015406482763974595,4553.75,-0.25301123301537193
2025-04-25,3270.30419921875,3448.0,3477.800048828125,3405.0,3420.0,2742991,0.013640610598441683,3405.639990234375,3573.9169970703124,4073.4577429199217,0.015374562391258433,4553.75,-0.24282185012352456
2025-04-28,3266.0361328125,3443.5,3457.800048828125,3405.0,3435.0,1593296,-0.0013051044083526309,3394.927490234375,3562.1989990234374,4070.6162426757815,0.015183960613413802,4553.75,-0.24381004666483666
2025-04-29,3293.541748046875,3472.5,3495.0,3430.39990234375,3455.0,1578332,0.00842166400464639,3386.762487792969,3550.91,4068.012742919922,0.015370429790703102,4553.75,-0.23744166895415866
2025-04-30,3275.71044921875,3453.699951171875,3509.89990234375,3366.0,3472.0,2809332,-0.005413980944024455,3376.887487792969,3540.712998046875,4065.353742675781,0.015309710854841247,4553.75,-0.24157014522714795
2025-05-02,3254.180419921875,3431.0,3491.5,3420.0,3472.0,1721761,-0.006572647158932465,3368.129992675781,3530.33,4062.9629931640625,0.015171620217851234,4553.75,-0.2465550370573703
2025-05-05,3276.279541015625,3454.300048828125,3504.5,3446.39990234375,3450.0,1284443,0.0067910372568129596,3363.3049926757812,3521.2130029296877,4060.6159936523436,0.014981782185003052,4553.75,-0.2414383642430689
2025-05-06,3281.68603515625,3460.0,3473.0,3437.0,3460.0,1324763,0.0016501030863860233,3359.1074951171877,3511.7160009765626,4056.996242675781,0.014994854904508225,4553.75,-0.24018665934669228
2025-05-07,3267.5537109375,3445.10009765625,3459.5,3420.60009765625,3420.60009765625,1477128,-0.004306330157153204,3361.2050048828123,3502.5280029296873,4053.3757421875,0.011979493498803149,4553.75,-0.24345866644935493
2025-05-08,3271.157958984375,3448.89990234375,3477.0,3428.699951171875,3448.0,2543591,0.0011029591535192118,3368.6800048828127,3494.042001953125,4049.727990722656,0.00947442305169032,4553.75,-0.2426242322604996
2025-05-09,3263.001220703125,3440.300048828125,3446.199951171875,3398.10009765625,3399.0,2531757,-0.002493506265514034,3376.9925048828127,3487.1660009765624,4045.3517419433592,0.009256311346124231,4553.75,-0.24451275348270657
2025-05-12,3433.819091796875,3620.39990234375,3630.5,3502.199951171875,3505.0,2228678,0.05235004242637875,3393.3650024414064,3483.9860009765625,4041.9417419433594,0.01449480981756037,4553.75,-0.20496296407493825
2025-05-13,3333.8515625,3515.0,3623.0,3510.5,3620.39990234375,3062887,-0.029112779026294056,3406.7849975585937,3478.5660009765625,4038.079991455078,0.01585434725082963,4553.75,-0.22810870161954433
2025-05-14,3365.814453125,3548.699951171875,3561.0,3508.60009765625,3521.0,2119499,0.00958746832770263,3422.6449951171876,3476.027998046875,4034.3117407226564,0.015760255077387497,4553.75,-0.2207082182438924
2025-05-15,3395.406494140625,3579.89990234375,3600.0,3514.10009765625,3564.0,3548330,0.008791938343948091,3439.2299926757814,3475.0349951171875,4030.679990234375,0.015785413377434276,4553.75,-0.21385673294674717
2025-05-16,3377.76513671875,3561.300048828125,3593.89990234375,3546.10009765625,3593.89990234375,1666727,-0.0051956350800332896,3453.6049926757814,3474.0099951171874,4026.8739904785157,0.015929525629715568,4553.75,-0.21794124648298105
2025-05-19,3337.455810546875,3518.800048828125,3550.0,3503.699951171875,3550.0,2537377,-0.011933844219047196,3464.6,3474.72099609375,4022.528740234375,0.016312183734028964,4553.75,-0.22727421381759538
2025-05-20,3318.012451171875,3498.300048828125,3558.0,3494.0,3531.800048828125,2038374,-0.005825849640654357,3473.4349975585938,3474.82599609375,4018.1147399902343,0.016414806004293663,4553.75,-0.23177599806135055
2025-05-21,3344.0947265625,3525.800048828125,3537.0,3498.300048828125,3508.0,1440153,0.007860960928497862,3484.0050048828125,3474.70099609375,4013.916989746094,0.016410787824586357,4553.75,-0.22573701919777656
2025-05-22,3297.809814453125,3477.0,3497.800048828125,3451.300048828125,3495.0,2034383,-0.013840844106955186,3487.2050048828123,3473.2999951171873,4009.3752392578126,0.015575699939979589,4553.75,-0.23645347241284656
2025-05-23,3333.4716796875,3514.60009765625,3535.0,3465.60009765625,3477.0,1274331,0.01081394813236991,3492.8550048828124,3471.5599951171876,4004.9627392578127,0.01568722950304101,4553.75,-0.22819651986686795
2025-05-26,3355.00244140625,3537.300048828125,3545.0,3510.10009765625,3521.0,967470,0.0064587579073398516,3497.3200073242188,3470.0819970703124,4001.233990478516,0.015481582239166493,4553.75,-0.22321162803664563
2025-05-27,3318.391357421875,3498.699951171875,3540.0,3483.10009765625,3532.0,2467680,-0.010912305182885995,3500.0800048828123,3468.262998046875,3997.9522412109377,0.015716909831329742,4553.75,-0.2316881798140269
2025-05-28,3317.442626953125,3497.699951171875,3529.0,3493.0,3520.0,1222933,-0.00028582045158376257,3501.3400024414063,3466.71099609375,3994.5847399902345,0.015618201489460198,4553.75,-0.23190777904542959
2025-05-29,3317.822509765625,3498.10009765625,3532.5,3486.5,3504.699951171875,3188072,0.000114402747508624,3503.560009765625,3466.5489990234373,3991.072989501953,0.015557280172433314,4553.75,-0.23181990718501236
2025-05-30,3284.91064453125,3463.39990234375,3506.699951171875,3453.10009765625,3490.0,3404365,-0.009919726235321114,3505.1800048828127,3465.59599609375,3987.527239990234,0.015657898943766846,4553.75,-0.2394400434051606
2025-06-02,3272.01171875,3449.800048828125,3460.0,3418.60009765625,3450.0,1877585,-0.003926734971154144,3504.9550048828123,3464.637998046875,3983.632490234375,0.015617665649997966,4553.75,-0.24242656078438102
2025-06-03,3229.7099609375,3405.199951171875,3473.5,3400.5,3446.0,2848125,-0.012928313822536008,3502.2150024414063,3462.787998046875,3979.6802404785158,0.015877051768117306,4553.75,-0.2522207079501784
2025-06-04,3235.1640625,3380.89990234375,3394.800048828125,3370.0,3389.0,2544807,-0.007136159161450162,3499.004992675781,3460.463994140625,3975.599989013672,0.015923609854974027,4553.75,-0.2575569799958825
2025-06-05,3225.786865234375,3371.10009765625,3409.0,3363.699951171875,3409.0,3584683,-0.0028985787720915424,3495.1150024414064,3456.622998046875,3970.979239501953,0.01592329532662603,4553.75,-0.259709009573154
2025-06-06,3238.322021484375,3384.199951171875,3390.89990234375,3358.699951171875,3371.10009765625,2070390,0.0038859283723828852,3492.3099975585938,3452.7449951171875,3965.819990234375,0.015956121054952033,4553.75,-0.2568322918096349
2025-06-09,3274.396728515625,3421.89990234375,3434.0,3390.89990234375,3400.0,1718678,0.011139989278358131,3482.3849975585936,3448.603994140625,3960.479489746094,0.01045819773985887,4553.75,-0.2485534115083722
2025-06-10,3313.629638671875,3462.89990234375,3485.800048828125,3423.199951171875,3440.0,2419874,0.011981647964605324,3479.779992675781,3444.7069921875,3955.177490234375,0.008934773663994866,4553.75,-0.23954984302086194
2025-06-11,3322.24169921875,3471.89990234375,3489.0,3449.10009765625,3470.0,2847013,0.0025989778087169846,3475.939990234375,3441.4289892578126,3949.7794897460935,0.008642808947656493,4553.75,-0.23757344993823773
2025-06-12,3286.166748046875,3434.199951171875,3474.699951171875,3423.199951171875,3471.89990234375,4060134,-0.010858593920413773,3468.654992675781,3437.0889892578125,3944.440489501953,0.008580864121739074,4553.75,-0.2458523302395004
2025-06-13,3297.170654296875,3445.699951171875,3450.5,3393.199951171875,3393.199951171875,2178493,0.003348669315563768,3462.8749877929686,3433.879990234375,3939.3494897460937,0.008628073755503386,4553.75,-0.24332693907836947
2025-06-16,3345.590087890625,3496.300048828125,3509.0,3426.199951171875,3440.0,1934088,0.014684998221926149,3461.7499877929686,3432.789990234375,3934.318739013672,0.008997413501462494,4553.75,-0.23221519652415593
2025-06-17,3363.77099609375,3515.300048828125,3520.0,3488.10009765625,3510.0,2111940,0.005434316201313516,3462.599987792969,3432.2169921875,3929.4094897460936,0.008984557543961505,4553.75,-0.2280428111275048
2025-06-18,3302.62548828125,3451.39990234375,3538.0,3443.10009765625,3519.10009765625,2696327,-0.01817772184359545,3458.87998046875,3433.1819921875,3924.136240234375,0.0096874294583041,4553.75,-0.24207523418199287
2025-06-19,3276.40625,3424.0,3451.0,3413.0,3450.0,2672768,-0.007938779370406657,3456.22998046875,3435.673994140625,3918.6972412109376,0.00936074366508332,4553.75,-0.24809223167718913
2025-06-20,3287.60205078125,3435.699951171875,3446.300048828125,3410.89990234375,3425.0,2351248,0.003417041814215871,3452.2849731445312,3438.9069921875,3913.1069909667967,0.009020750309289966,4553.75,-0.24552293139239637
2025-06-23,3247.317138671875,3393.60009765625,3425.0,3370.0,3415.0,3123421,-0.012253646742715452,3445.0999755859375,3440.9199951171877,3907.4697424316405,0.009165207468653153,4553.75,-0.25476802686659344
2025-06-24,3244.25439453125,3390.39990234375,3442.10009765625,3382.0,3434.60009765625,3403048,-0.0009430089640527495,3439.6849731445313,3443.7959912109377,3901.859991455078,0.008924734131685654,4553.75,-0.25547078729755696
2025-06-25,3296.309814453125,3444.800048828125,3450.0,3400.0,3407.300048828125,1757699,0.016045348056660913,3437.0399780273438,3448.0619921875,3896.687741699219,0.009753477205402447,4553.75,-0.24352455694139447
2025-06-26,3293.43896484375,3441.800048828125,3451.39990234375,3415.300048828125,3444.800048828125,2879106,-0.0008708778325233757,3434.2249755859375,3451.933994140625,3891.516990966797,0.009751547607521591,4553.75,-0.24418335463560253
2025-06-27,3292.769287109375,3441.10009765625,3466.39990234375,3431.0,3455.0,1778433,-0.0002033677616203322,3433.1099853515625,3455.2799951171874,3886.4387414550783,0.00951055304189439,4553.75,-0.2443370633749657
2025-06-30,3312.7685546875,3462.0,3464.89990234375,3430.0,3439.89990234375,1468351,0.006073610691530007,3433.7199829101564,3458.5419970703124,3881.5009924316405,0.009571421214883443,4553.75,-0.2397474608838869
2025-07-01,3281.86083984375,3429.699951171875,3485.0,3413.5,3455.0,2375183,-0.009329881232849502,3434.9449829101563,3460.703994140625,3876.110241699219,0.009342331739571571,4553.75,-0.24684052678081253
2025-07-02,3275.736572265625,3423.300048828125,3489.89990234375,3420.0,3487.199951171875,3090585,-0.0018660239772763099,3437.064990234375,3462.8819970703125,3870.829991455078,0.009191691282834858,4553.75,-0.2482459404165523
2025-07-03,3254.206298828125,3400.800048828125,3435.300048828125,3397.60009765625,3430.0,2531870,-0.0065726052870248575,3438.5499877929688,3462.637998046875,3865.245490722656,0.00930267220388453,4553.75,-0.2531869231231128
2025-07-04,3272.387451171875,3419.800048828125,3427.0,3390.10009765625,3408.0,1109320,0.005586920644319315,3440.3299926757813,3463.0019970703124,3859.7314904785158,0.009343139309674673,4553.75,-0.2490145377264617
2025-07-07,3264.63671875,3411.699951171875,3426.10009765625,3408.39990234375,3418.300048828125,1639174,-0.0023685880871969767,3439.8199951171873,3462.27599609375,3854.223740234375,0.009021139541219874,4553.75,-0.25079331294606094
2025-07-08,3259.37353515625,3406.199951171875,3425.0,3393.39990234375,3405.0,2325242,-0.0016120995628912116,3436.984997558594,3461.5299951171874,3848.7264904785156,0.008562560326663578,4553.75,-0.25200110871877573
2025-07-09,3237.939453125,3383.800048828125,3414.0,3367.0,3410.0,2034938,-0.0065762147451278175,3432.5800048828123,3459.75599609375,3843.9147412109373,0.008617034465068214,4553.75,-0.25692011005695853
2025-07-10,3236.216796875,3382.0,3399.0,3356.0,3380.0,3035012,-0.0005319607548172067,3429.970007324219,3458.3219970703126,3839.343991699219,0.008315017421462567,4553.75,-0.2573153993961021
2025-07-11,3125.21728515625,3266.0,3335.0,3261.10009765625,3299.89990234375,7635550,-0.0342992312241277,3420.985009765625,3455.0219970703124,3834.2494921875,0.011128052476998615,4553.75,-0.28278891023881414
2025-07-14,3083.78369140625,3222.699951171875,3272.0,3200.0,3266.0,3924009,-0.013257822666296715,3407.3050048828127,3450.3899951171875,3829.0204919433595,0.010582438803998546,4553.75,-0.2922975676811694
2025-07-15,3112.107421875,3252.300048828125,3259.39990234375,3206.0,3206.0,2590889,0.009184875447522334,3394.1550048828126,3446.23599609375,3823.9254931640626,0.010789847151092612,4553.75,-0.2857974089864123
2025-07-16,3104.234619140625,3233.10009765625,3244.89990234375,3220.60009765625,3227.0,2540733,-0.005903499333892337,3383.2400146484374,3441.99599609375,3818.7172436523438,0.010266897789153687,4553.75,-0.29001370350672523
2025-07-17,3081.286865234375,3209.199951171875,3242.0,3204.10009765625,3224.10009765625,2947640,-0.007392331125689822,3372.5000122070314,3437.2019970703127,3813.3007434082033,0.010254373407516629,4553.75,-0.2952621573051057
2025-07-18,3062.75634765625,3189.89990234375,3228.800048828125,3187.0,3225.0,3432645,-0.006013975171935693,3360.210009765625,3432.193994140625,3807.7067419433592,0.010151187038982832,4553.75,-0.2995004331937963
2025-07-21,3032.31982421875,3158.199951171875,3197.60009765625,3152.0,3190.0,3844346,-0.009937600596364726,3348.4400024414062,3422.9499951171874,3802.1552416992185,0.010060743205282698,4553.75,-0.30646171810664286
2025-07-22,3033.6640625,3159.60009765625,3180.10009765625,3154.60009765625,3159.60009765625,3198036,0.00044333687100950314,3336.900012207031,3415.8419970703126,3796.513742675781,0.01008432190679122,4553.75,-0.30615424701482297
2025-07-23,3052.38671875,3179.10009765625,3182.0,3157.60009765625,3159.60009765625,1922875,0.0061716671089055986,3323.6150146484374,3408.45,3791.2454931640623,0.009288968872662668,4553.75,-0.30187206200247046
2025-07-24,3022.526611328125,3148.0,3173.699951171875,3140.0,3165.10009765625,2934778,-0.009782673304051692,3308.925012207031,3399.812001953125,3785.7242431640625,0.009346365240695103,4553.75,-0.3087016195443316
2025-07-25,3010.812744140625,3135.800048828125,3156.89990234375,3125.60009765625,3140.0,2568917,-0.003875460982171175,3293.660009765625,3391.302001953125,3780.038992919922,0.009295320520760406,4553.75,-0.3113807194448257
2025-07-28,2956.564697265625,3079.300048828125,3118.0,3069.89990234375,3110.0,3374473,-0.018017730442065227,3274.525012207031,3382.512001953125,3774.1692431640627,0.009400685648448487,4553.75,-0.32378807601907766
2025-07-29,2934.193359375,3056.0,3074.0,3041.199951171875,3060.0,4785312,-0.007566670496105821,3255.8400146484373,3373.6660009765624,3768.1844921875,0.009374045586319968,4553.75,-0.32890474883337906
2025-07-30,2931.888916015625,3053.60009765625,3069.0,3047.199951171875,3060.0,2880121,-0.0007853083585569465,3237.355017089844,3364.222001953125,3762.3154931640624,0.009400443972186711,4553.75,-0.3294317655435081
2025-07-31,2915.7587890625,3036.800048828125,3059.800048828125,3015.0,3041.699951171875,2968371,-0.005501718722441651,3219.1550170898436,3355.4180029296876,3756.7534924316406,0.009397993887345298,4553.75,-0.333121043353692
2025-08-01,2883.3056640625,3003.0,3036.800048828125,3000.0,3029.89990234375,2053847,-0.011130152886150046,3198.3150146484377,3345.1860009765624,3751.0852429199217,0.00908881770638126,4553.75,-0.34054350809772166
2025-08-04,2951.859619140625,3074.39990234375,3079.39990234375,2991.60009765625,3009.10009765625,2519252,0.023776191256660084,3181.4500122070312,3335.927998046875,3745.873243408203,0.011312934885549703,4553.75,-0.324864144420807
2025-08-05,2941.7783203125,3063.89990234375,3077.5,3042.0,3074.39990234375,1927996,-0.0034153006549327847,3164.335009765625,3327.2319970703124,3740.7179931640626,0.011290582711623802,4553.75,-0.32716993635053526
2025-08-06,2911.43798828125,3032.300048828125,3066.800048828125,3026.0,3063.0,1487081,-0.010313605053302366,3146.760009765625,3317.9239990234373,3735.3344934082033,0.011344998116236911,4553.75,-0.33410923989500413
2025-08-07,2925.55224609375,3047.0,3051.60009765625,3010.89990234375,3016.0,2543076,0.004847789115577816,3130.010009765625,3308.9019970703125,3729.954244384766,0.01152896374546766,4553.75,-0.3308811419160033
2025-08-08,2915.37451171875,3036.39990234375,3059.800048828125,3025.0,3048.10009765625,2762140,-0.0034788636876436074,3118.5300048828126,3300.3619970703126,3724.736993408203,0.009263204202984595,4553.75,-0.3332089152141092
2025-08-11,2919.599365234375,3040.800048828125,3049.89990234375,3021.300048828125,3036.39990234375,1884215,0.0014491327314885005,3109.435009765625,3292.1819970703127,3719.8634936523435,0.009036948556922187,4553.75,-0.33224264642808127
2025-08-12,2914.4140625,3035.39990234375,3096.39990234375,3026.89990234375,3041.0,3358232,-0.0017758966053871283,3098.5900024414063,3284.78599609375,3714.7092431640626,0.008589178475692254,4553.75,-0.3334285144455119
2025-08-13,2915.182861328125,3036.199951171875,3044.39990234375,3028.60009765625,3036.10009765625,2148166,0.00026357279233857334,3088.7449951171875,3277.8919970703123,3709.650743408203,0.008605638778323469,4553.75,-0.3332528243377711
2025-08-14,2901.83642578125,3022.300048828125,3055.89990234375,3019.10009765625,3034.0,3342174,-0.0045780589444990305,3079.4,3270.91599609375,3704.474493408203,0.008554647615054839,4553.75,-0.336305232209031
2025-08-18,2891.17919921875,3011.199951171875,3049.0,3003.39990234375,3046.5,2945609,-0.003672731852204403,3070.4650024414063,3263.45599609375,3699.076242675781,0.008526645742698787,4553.75,-0.33874280512283833
2025-08-19,2895.979736328125,3016.199951171875,3025.0,3011.10009765625,3011.199951171875,2650784,0.001660467614597927,3063.3650024414064,3255.3419970703126,3693.7809924316407,0.008412445230898884,4553.75,-0.3376448089658249
2025-08-20,2975.09521484375,3098.60009765625,3103.39990234375,3010.89990234375,3010.89990234375,4952358,0.02731919230101454,3060.3150024414062,3248.0560009765627,3688.850743408203,0.010702535086220306,4553.75,-0.31954980013038703
2025-08-21,2978.93603515625,3102.60009765625,3130.0,3083.10009765625,3130.0,3230726,0.0012909055295731164,3056.4900024414064,3240.6700048828125,3684.521494140625,0.010587338891501508,4553.75,-0.31867140320477627
2025-08-22,2932.272705078125,3054.0,3095.699951171875,3050.0,3086.0,1593791,-0.015664312552869153,3051.790002441406,3233.066005859375,3679.8704943847656,0.010915915303588231,4553.75,-0.32934394729618444
2025-08-25,3015.42138671875,3140.60009765625,3152.0,3077.10009765625,3087.300048828125,3448370,0.028356286069499026,3052.0300048828126,3226.9640087890625,3675.752745361328,0.01276326509488591,4553.75,-0.31032663241147407
2025-08-26,3031.359619140625,3157.199951171875,3162.0,3120.0,3129.0,5522097,0.005285567407328662,3055.925,3220.1820068359375,3671.681994628906,0.012061522059627537,4553.75,-0.30668131733804554
2025-08-28,2970.390380859375,3093.699951171875,3146.5,3086.5,3145.0,3116051,-0.02011275845118088,3057.8099975585938,3211.7500048828124,3666.4522448730468,0.012848518103094623,4553.75,-0.3206258685321164
2025-08-29,2961.749267578125,3084.699951171875,3115.0,3077.199951171875,3093.0,2271789,-0.0029091379713765964,3059.364990234375,3204.416005859375,3661.1212451171873,0.012870120414567891,4553.75,-0.3226022616147406
2025-09-01,2988.537353515625,3112.60009765625,3131.10009765625,3090.0,3090.0,1246862,0.009044687303793042,3063.154992675781,3198.1880078125,3655.9492456054686,0.012918984910890947,4553.75,-0.3164754108907494
2025-09-02,2987.481201171875,3111.5,3155.0,3103.10009765625,3121.10009765625,2185229,-0.00035343366373286056,3068.5799926757813,3191.7040087890623,3650.5132446289062,0.012593355942505,4553.75,-0.3167169914905298
2025-09-03,2974.039306640625,3097.5,3141.89990234375,3088.0,3129.89990234375,1799774,-0.004499437570303688,3069.734997558594,3185.7820068359374,3645.0137451171877,0.011546011572605056,4553.75,-0.31979138073016744
2025-09-04,2972.310791015625,3095.699951171875,3118.0,3090.800048828125,3116.0,1481391,-0.0005811295651735326,3071.325,3179.8880078125,3639.7404943847655,0.011513586644254207,4553.75,-0.320186670069311
2025-09-05,2926.80029296875,3048.300048828125,3103.39990234375,3028.60009765625,3097.10009765625,2802055,-0.015311529893524356,3072.125,3171.9580078125,3634.2524951171877,0.011812796632944095,4553.75,-0.3305956521925611
2025-09-08,2898.668212890625,3019.0,3064.89990234375,3016.0,3050.0,2626187,-0.009611930701962534,3070.725,3163.5020068359377,3629.2499951171876,0.01196321124648212,4553.75,-0.3370299203952786
2025-09-09,2927.856201171875,3049.39990234375,3060.0,3030.800048828125,3032.10009765625,2489301,0.010069527109556109,3071.375,3155.6680029296876,3624.2992443847656,0.012161285238573362,4553.75,-0.33035412520587426
2025-09-10,2986.041015625,3110.0,3122.699951171875,3053.39990234375,3056.39990234375,2079428,0.019872794515954917,3074.834997558594,3148.6280029296877,3619.4849938964844,0.012927841000859315,4553.75,-0.3170463903376338
2025-09-11,2999.675048828125,3124.199951171875,3139.0,3110.10009765625,3139.0,2263446,0.0045659006983520545,3079.275,3142.5180029296876,3613.8829931640626,0.012928662651049855,4553.75,-0.31392809197433436
2025-09-12,3008.508544921875,3133.39990234375,3148.699951171875,3121.0,3144.0,1447167,0.0029447382740097616,3084.1349975585936,3136.72,3607.9744921875,0.012928830786008866,4553.75,-0.31190778976804834
2025-09-15,2987.864990234375,3111.89990234375,3134.0,3096.0,3134.0,1732539,-0.006861556350952314,3088.614990234375,3130.9419970703125,3601.770490722656,0.012996684188815926,4553.75,-0.31662917324320616
2025-09-16,3020.318115234375,3145.699951171875,3150.0,3109.10009765625,3128.0,2573429,0.010861547571844543,3095.339990234375,3125.4599951171876,3595.836241455078,0.013095744473515424,4553.75,-0.30920670849917653
2025-09-17,3046.337890625,3172.800048828125,3182.39990234375,3142.39990234375,3152.0,2418271,0.008614965850813006,3103.1699951171877,3120.6819970703127,3590.4757421875,0.013170869228230266,4553.75,-0.30325554788292614
2025-09-18,3050.082275390625,3176.699951171875,3203.0,3161.39990234375,3185.0,2633138,0.0012291673864510688,3107.074987792969,3116.0919970703126,3585.004991455078,0.011817933661431265,4553.75,-0.3023991323256931
2025-09-19,3042.881591796875,3169.199951171875,3180.5,3144.0,3170.0,4901694,-0.0023609406350239004,3110.40498046875,3111.7999951171873,3579.4677416992185,0.011846446227014583,4553.75,-0.30404612656121327
2025-09-22,2951.28369140625,3073.800048828125,3106.89990234375,3065.0,3095.0,3634901,-0.030102203651894532,3111.394982910156,3105.63599609375,3573.3229919433593,0.013277159163656436,4553.75,-0.32499587179179246
2025-09-23,2940.338134765625,3062.39990234375,3080.699951171875,3052.0,3070.0,3177741,-0.0037088119927388696,3107.484973144531,3101.563994140625,3566.8629919433592,0.011547951624744392,4553.75,-0.3274993351976393
2025-09-24,2914.4140625,3035.39990234375,3057.0,3033.0,3050.0,1625714,-0.008816614701213976,3101.394970703125,3097.8179931640625,3559.7197424316405,0.011561875686716372,4553.75,-0.3334285144455119
2025-09-25,2839.523193359375,2957.39990234375,3029.60009765625,2951.0,3022.0,4974361,-0.025696778846099666,3094.579968261719,3091.919990234375,3552.2792419433595,0.012080586561131128,4553.75,-0.35055725449492176
2025-09-26,2783.547119140625,2899.10009765625,2954.800048828125,2891.300048828125,2941.0,3934636,-0.019713196257732046,3085.2999755859373,3085.239990234375,3544.5139929199217,0.012702292106534984,4553.75,-0.3633598467952237
2025-09-29,2780.66650390625,2896.10009765625,2929.300048828125,2894.0,2916.0,3110035,-0.0010348038698027029,3074.4749755859375,3078.9779931640624,3536.8317443847654,0.01239462200646542,4553.75,-0.3640186444894318
2025-09-30,2773.2734375,2888.39990234375,2915.300048828125,2885.10009765625,2911.0,2253458,-0.0026588153215876265,3063.319970703125,3072.9479931640626,3529.1364929199217,0.012374280604185271,4553.75,-0.3657096014617074
2025-10-01,2798.045166015625,2914.199951171875,2924.800048828125,2866.60009765625,2891.0,1952902,0.00893229805443152,3054.1549682617188,3068.0679931640625,3521.4327416992187,0.0126857480332773,4553.75,-0.3600439305688993
2025-10-03,2786.2353515625,2901.89990234375,2924.0,2891.10009765625,2924.0,2899519,-0.004220729199854278,3044.4649658203125,3062.9139892578123,3513.5727416992186,0.012675801692867295,4553.75,-0.3627450118377711
2025-10-06,2869.287841796875,2988.39990234375,2993.60009765625,2895.60009765625,2902.0,2112774,0.029808057793494935,3041.4699584960936,3059.0999853515623,3506.438740234375,0.014307554839641147,4553.75,-0.3437496783214384
2025-10-07,2855.173583984375,2973.699951171875,3004.5,2955.5,2995.0,3062943,-0.004919004033009822,3039.2049560546875,3055.613984375,3499.6647399902345,0.01419510110712508,4553.75,-0.3469777763004392
2025-10-08,2906.541259765625,3027.199951171875,3043.0,2968.0,2975.0,4121889,0.01799105521016564,3038.0949584960936,3053.441982421875,3493.0614892578124,0.014614546108244902,4553.75,-0.3352292174203953
2025-10-09,2939.666015625,3061.699951171875,3066.0,3020.0,3034.0,3211304,0.011396670374100859,3035.6799560546874,3053.08998046875,3487.010489501953,0.01411421213615328,4553.75,-0.32765304393700245
2025-10-10,2907.597412109375,3028.300048828125,3070.0,3006.89990234375,3050.0,8817365,-0.010908940417550084,3030.8849609375,3052.5359814453127,3481.3004907226564,0.014234717113384875,4553.75,-0.3349876368206149
2025-10-13,2887.338623046875,3007.199951171875,3035.5,2998.199951171875,3027.0,2866865,-0.006967637722825826,3024.5749633789064,3051.607978515625,3475.544991455078,0.014245797466003256,4553.75,-0.3396212020484491
2025-10-14,2842.307861328125,2960.300048828125,3027.199951171875,2955.5,3021.0,3611416,-0.01559587094482151,3016.994970703125,3050.077978515625,3469.448991699219,0.014535012421410023,4553.75,-0.3499203845559978
2025-10-15,2862.06396484375,2969.800048828125,2979.699951171875,2951.0,2971.0,4282226,0.003209134156438198,3008.1999755859374,3049.4139794921875,3463.452491455078,0.01426595125610394,4553.75,-0.3478341918576722
2025-10-16,2862.931396484375,2970.699951171875,2975.0,2943.10009765625,2969.89990234375,3251495,0.00030301782239683384,2998.094970703125,3047.33998046875,3457.4817407226565,0.014035854971359002,4553.75,-0.34763657399464726
2025-10-17,2854.739501953125,2962.199951171875,2988.800048828125,2955.39990234375,2970.0,4374683,-0.002861278533581646,2987.369970703125,3045.3059814453127,3451.4987414550783,0.013997795702382325,4553.75,-0.3495031674615701
2025-10-20,2905.81689453125,3015.199951171875,3023.0,2978.5,2985.5,3133039,0.017892107512537336,2979.669970703125,3044.9639794921877,3446.100740966797,0.0147869807663347,4553.75,-0.3378644081972276
2025-10-21,2897.62548828125,3006.699951171875,3031.800048828125,2996.0,3031.10009765625,310644,-0.00281905019157902,2976.3149658203124,3044.157978515625,3440.5719897460935,0.013276596442632578,4553.75,-0.33973100166415043
2025-10-23,2961.712890625,3073.199951171875,3098.0,3036.10009765625,3055.0,5564758,0.02211727178632561,2976.8549682617186,3044.8939794921876,3435.059239501953,0.014223439955878077,4553.75,-0.3251276527758715
2025-10-24,2952.07568359375,3063.199951171875,3090.0,3058.300048828125,3080.0,2684318,-0.003253937315789268,2978.244970703125,3045.3419775390626,3429.8757397460936,0.014090128152420923,4553.75,-0.3273236450898984
2025-10-27,2972.98828125,3084.89990234375,3094.199951171875,3060.199951171875,3066.5,1946312,0.007084079236673091,2984.619970703125,3046.3319775390623,3424.8252392578124,0.012715873800963586,4553.75,-0.3225583524910788
2025-10-28,2946.9677734375,3057.89990234375,3090.199951171875,3040.199951171875,3076.0,3470737,-0.008752309914330403,2992.5599609375,3046.7659765625,3419.9732385253906,0.011934412923841859,4553.75,-0.3284875317389514
2025-10-29,2946.678955078125,3057.60009765625,3076.0,3046.10009765625,3057.89990234375,2895420,-9.804267538982003e-05,3000.6349609375,3047.4719775390627,3414.7192395019533,0.011920660941198303,4553.75,-0.32855336861789736
2025-10-30,2925.187744140625,3035.300048828125,3063.800048828125,3032.800048828125,3049.10009765625,2241536,-0.007293317672647515,3007.9799682617186,3047.9539794921875,3409.7014892578127,0.01207606213841284,4553.75,-0.33345044220079606
2025-10-31,2947.064208984375,3058.0,3067.39990234375,3025.10009765625,3035.0,1868085,0.0074786514699392015,3015.169970703125,3048.78998046875,3403.663239746094,0.012039961564687276,4553.75,-0.3284655503705737
2025-11-03,2907.359130859375,3016.800048828125,3058.0,3010.0,3046.89990234375,2194877,-0.013472842109834904,3020.9149780273438,3047.1539794921873,3397.291739501953,0.012480630920112154,4553.75,-0.3375130279817458
2025-11-04,2881.723876953125,2990.199951171875,3029.300048828125,2976.0,3019.60009765625,2670720,-0.008817322071637768,3021.00498046875,3044.9059765625,3391.077490234375,0.010833651311245859,4553.75,-0.3433543889822948
2025-11-06,2901.6728515625,3010.89990234375,3024.0,2990.0,2990.10009765625,2542721,0.006922597655639295,3022.8649780273436,3044.043974609375,3384.8839892578126,0.010869268117866074,4553.75,-0.33880869561487786
2025-11-07,2883.26611328125,2991.800048828125,3004.0,2960.5,3001.0,1830520,-0.006343569741643407,3021.0949829101564,3041.0679736328125,3378.8114904785157,0.010168620843402336,4553.75,-0.34300300876681306
2025-11-10,2915.4541015625,3025.199951171875,3047.89990234375,2992.0,2993.0,1556656,0.011163815027288582,3019.269982910156,3038.4279736328126,3373.3159912109377,0.010154358863799532,4553.75,-0.3356684158832007
2025-11-11,2936.463623046875,3047.0,3055.699951171875,3018.0,3045.0,2806868,0.0072061513883339146,3020.20498046875,3037.493974609375,3368.161990966797,0.00998835068858778,4553.75,-0.3308811419160033
2025-11-12,3018.18701171875,3131.800048828125,3136.39990234375,3057.10009765625,3060.0,4460315,0.027830669126394758,3026.4349853515623,3038.4359765625,3363.6417407226563,0.011553799491230657,4553.75,-0.31225911637043646
2025-11-13,2993.03369140625,3105.699951171875,3131.89990234375,3102.0,3131.800048828125,1740435,-0.008333896560866472,3033.70498046875,3038.2979736328125,3358.3872399902343,0.011072663254677541,4553.75,-0.3179906777552841
2025-11-14,2993.322998046875,3106.0,3113.10009765625,3077.300048828125,3090.0,2210794,9.661230409974131e-05,3040.5149780273437,3038.1879736328124,3353.189989013672,0.011083419858439593,4553.75,-0.3179247872632446
2025-11-17,2989.66064453125,3102.199951171875,3123.5,3086.60009765625,3106.0,2232853,-0.0012234542266983395,3047.089978027344,3038.28197265625,3347.93923828125,0.011103151632248481,4553.75,-0.3187592750651935
2025-11-18,2975.10888671875,3087.10009765625,3105.0,3078.0,3102.0,2548350,-0.004867466234702578,3053.3349853515624,3038.1099755859377,3343.0489892578125,0.011160446503069816,4553.75,-0.32207519129151796
2025-11-19,3033.510009765625,3147.699951171875,3155.0,3083.5,3097.0,3151053,0.019630025460344758,3059.9599853515624,3040.0979736328127,3338.5859887695315,0.011295611782948153,4553.75,-0.3087675100363711
2025-11-20,3030.715576171875,3144.800048828125,3164.5,3138.10009765625,3148.0,2700767,-0.0009212766110919812,3066.864990234375,3042.613974609375,3333.8109899902342,0.011259029502670655,4553.75,-0.3094043263622015
2025-11-21,3036.30517578125,3150.60009765625,3170.0,3135.199951171875,3144.800048828125,4177037,0.0018443299217978382,3070.734997558594,3044.637978515625,3329.0637414550783,0.010248984453911453,4553.75,-0.3081306400974472
2025-11-24,3027.24609375,3141.199951171875,3178.89990234375,3131.0,3158.0,6703764,-0.002983605088874297,3074.6349975585936,3045.2619775390626,3324.207741699219,0.010242847300224588,4553.75,-0.31019490504048863
2025-11-25,3006.04443359375,3119.199951171875,3149.800048828125,3115.0,3145.300048828125,2737920,-0.0070036929651016155,3076.35,3045.1619775390627,3319.4379919433595,0.010308877239125928,4553.75,-0.3150260881313478
2025-11-26,3048.158935546875,3162.89990234375,3178.0,3117.0,3118.800048828125,2508527,0.014009987130019441,3081.6,3045.7519775390624,3314.9092419433596,0.010476793250968893,4553.75,-0.30542961244166894
2025-11-27,3022.81298828125,3136.60009765625,3180.0,3125.0,3180.0,2836233,-0.008315092320187456,3085.55,3046.2459814453123,3310.056993408203,0.010711212119987027,4553.75,-0.3112050293370848
2025-11-28,3023.68017578125,3137.5,3147.300048828125,3125.0,3140.0,1616690,0.0002869037542982955,3090.6599975585937,3046.081982421875,3305.288992919922,0.01052245507238013,4553.75,-0.31100741147405986
2025-12-01,3019.729248046875,3133.39990234375,3154.0,3122.199951171875,3137.89990234375,1747647,-0.001306804033864517,3094.4299926757812,3045.2939794921876,3300.5422424316407,0.010452077985403008,4553.75,-0.31190778976804834
2025-12-02,3021.94580078125,3135.699951171875,3144.0,3120.39990234375,3131.0,2512003,0.0007340425415871543,3100.3749877929686,3044.4739794921875,3296.0737426757814,0.009863579706348968,4553.75,-0.3114027008132034
2025-12-03,3064.638671875,3180.0,3211.89990234375,3139.0,3140.0,3952112,0.014127642796808226,3109.864990234375,3044.68998046875,3291.788992919922,0.009875948542958438,4553.75,-0.3016744441394455
2025-12-04,3112.053466796875,3229.199951171875,3250.0,3187.39990234375,3194.0,5025905,0.015471682758451344,3120.779992675781,3047.797978515625,3288.1172424316405,0.01022759739530994,4553.75,-0.2908701726770519
2025-12-05,3120.72705078125,3238.199951171875,3271.60009765625,3222.39990234375,3230.0,5244013,0.0027870680466020037,3133.099987792969,3051.3139794921876,3284.5574926757813,0.009962847001502004,4553.75,-0.2888937795944277
2025-12-08,3119.0888671875,3236.5,3259.89990234375,3208.60009765625,3243.0,2544725,-0.0005249679443851685,3143.664990234375,3055.3359814453124,3281.1892431640626,0.009863555708902844,4553.75,-0.28926708756519354
2025-12-09,3091.911865234375,3208.300048828125,3233.699951171875,3181.199951171875,3230.0,2734893,-0.008713100933686047,3151.7299926757814,3060.353984375,3277.5564929199218,0.010179808612927914,4553.75,-0.29545977516813066
2025-12-10,3073.504638671875,3189.199951171875,3225.0,3178.10009765625,3225.0,1386849,-0.005953338953825882,3154.599987792969,3066.1559814453126,3273.9799926757814,0.008431020722506713,4553.75,-0.2996541419331595
2025-12-11,3076.106689453125,3191.89990234375,3208.39990234375,3153.10009765625,3205.0,1914362,0.000846592002136104,3158.9099853515627,3072.0719775390626,3270.5734924316407,0.008144456970024095,4553.75,-0.29906123473099094
2025-12-12,3103.669189453125,3220.5,3223.0,3185.699951171875,3197.699951171875,1146554,0.008960211325940826,3164.6349853515626,3078.7139794921877,3267.755491943359,0.00830922643949091,4553.75,-0.29278067526763657
2025-12-15,3113.01708984375,3230.199951171875,3238.199951171875,3197.300048828125,3211.10009765625,1562190,0.003011939503764882,3171.0349853515627,3085.0339794921874,3265.0094921875,0.008280850157396451,4553.75,-0.2906505734456492
2025-12-16,3088.828125,3205.10009765625,3220.0,3191.10009765625,3220.0,1734623,-0.007770371461531034,3176.9349853515623,3091.0979833984375,3262.1049926757814,0.008432641058704376,4553.75,-0.29616248198600054
2025-12-17,3101.0673828125,3217.800048828125,3236.89990234375,3200.5,3200.5,1376350,0.0039624195141867435,3180.439990234375,3095.685986328125,3259.8159924316406,0.007359373452949642,4553.75,-0.2933735824698051
2025-12-18,3161.78173828125,3280.800048828125,3287.800048828125,3221.0,3228.0,2307422,0.019578593773389885,3187.239990234375,3101.82798828125,3258.0722424316405,0.008411393119219448,4553.75,-0.2795388308914356
2025-12-19,3162.938232421875,3282.0,3317.89990234375,3278.800048828125,3299.0,3902511,0.00036574955925883224,3193.8099853515623,3106.9239892578125,3256.4194921875,0.008420736976201507,4553.75,-0.2792753225363711
2025-12-22,3204.281982421875,3324.89990234375,3328.60009765625,3291.0,3310.0,2632816,0.013071268233927569,3202.994982910156,3112.18798828125,3255.627741699219,0.008674198055635733,4553.75,-0.2698545369544332
2025-12-23,3189.922607421875,3310.0,3319.89990234375,3293.5,3319.89990234375,2365420,-0.004481308545032259,3212.5349853515627,3117.8219873046874,3254.712491455078,0.008540211814972809,4553.75,-0.2731265440570958
2025-12-24,3198.59619140625,3319.0,3327.10009765625,3296.10009765625,3304.10009765625,1367708,0.002719033232628343,3220.339990234375,3124.05798828125,3253.6472412109374,0.008138350892712864,4553.75,-0.2711501509744716
2025-12-26,3161.010986328125,3280.0,3320.0,3271.800048828125,3313.10009765625,1176664,-0.011750527267249122,3227.5099853515626,3130.4519873046875,3252.3119909667967,0.008409115586256469,4553.75,-0.2797145209991765
2025-12-29,3133.544677734375,3251.5,3288.0,3242.89990234375,3280.0,2079473,-0.008689024390243882,3233.2099853515624,3136.085986328125,3250.5614904785157,0.008753077217947375,4553.75,-0.2859730990941532
2025-12-30,3129.015380859375,3246.800048828125,3267.5,3239.5,3250.0,2807593,-0.0014454716813393498,3238.879992675781,3141.60798828125,3248.739490966797,0.008755740806208232,4553.75,-0.2870052047591271
2025-12-31,3089.887939453125,3206.199951171875,3246.0,3198.5,3240.0,3362634,-0.012504649823109282,3242.404992675781,3146.48798828125,3246.8222412109376,0.009323790914558917,4553.75,-0.29592095499931376
